Date,Ticker,Sector,Return,Market_Return,Risk_Free_Rate,Excess_Return,Excess_Market_Return,Lagged_Return,Volatility,Momentum,Technology,Financials,Healthcare,Consumer
2008-01-01,AAPL,Technology,,,0.0022916666666666667,,,,,,1,0,0,0
2008-01-01,AMZN,Technology,,,0.0022916666666666667,,,,,,1,0,0,0
2008-01-01,BAC,Financials,,,0.0022916666666666667,,,,,,0,1,0,0
2008-01-01,C,Financials,,,0.0022916666666666667,,,,,,0,1,0,0
2008-01-01,COST,Consumer,,,0.0022916666666666667,,,,,,0,0,0,1
2008-01-01,GOOGL,Technology,,,0.0022916666666666667,,,,,,1,0,0,0
2008-01-01,GS,Financials,,,0.0022916666666666667,,,,,,0,1,0,0
2008-01-01,JNJ,Healthcare,,,0.0022916666666666667,,,,,,0,0,1,0
2008-01-01,JPM,Financials,,,0.0022916666666666667,,,,,,0,1,0,0
2008-01-01,KO,Consumer,,,0.0022916666666666667,,,,,,0,0,0,1
2008-01-01,MCD,Consumer,,,0.0022916666666666667,,,,,,0,0,0,1
2008-01-01,MRK,Healthcare,,,0.0022916666666666667,,,,,,0,0,1,0
2008-01-01,MS,Financials,,,0.0022916666666666667,,,,,,0,1,0,0
2008-01-01,MSFT,Technology,,,0.0022916666666666667,,,,,,1,0,0,0
2008-01-01,NVDA,Technology,,,0.0022916666666666667,,,,,,1,0,0,0
2008-01-01,PFE,Healthcare,,,0.0022916666666666667,,,,,,0,0,1,0
2008-01-01,PG,Consumer,,,0.0022916666666666667,,,,,,0,0,0,1
2008-01-01,UNH,Healthcare,,,0.0022916666666666667,,,,,,0,0,1,0
2008-01-01,WMT,Consumer,,,0.0022916666666666667,,,,,,0,0,0,1
2008-02-01,AAPL,Technology,-0.0763890915561045,-0.0347611927372881,0.0017666666666666666,-0.07815575822277117,-0.03652785940395477,,,,1,0,0,0
2008-02-01,AMZN,Technology,-0.1702702647968186,-0.0347611927372881,0.0017666666666666666,-0.17203693146348525,-0.03652785940395477,,,,1,0,0,0
2008-02-01,BAC,Financials,-0.0998866758550667,-0.0347611927372881,0.0017666666666666666,-0.10165334252173337,-0.03652785940395477,,,,0,1,0,0
2008-02-01,C,Financials,-0.1485515283573036,-0.0347611927372881,0.0017666666666666666,-0.15031819502397026,-0.03652785940395477,,,,0,1,0,0
2008-02-01,COST,Consumer,-0.0886080239896613,-0.0347611927372881,0.0017666666666666666,-0.09037469065632797,-0.03652785940395477,,,,0,0,0,1
2008-02-01,GOOGL,Technology,-0.1650185822545123,-0.0347611927372881,0.0017666666666666666,-0.16678524892117896,-0.03652785940395477,,,,1,0,0,0
2008-02-01,GS,Financials,-0.1484409362101523,-0.0347611927372881,0.0017666666666666666,-0.15020760287681897,-0.03652785940395477,,,,0,1,0,0
2008-02-01,JNJ,Healthcare,-0.0186886025323871,-0.0347611927372881,0.0017666666666666666,-0.020455269199053765,-0.03652785940395477,,,,0,0,1,0
2008-02-01,JPM,Financials,-0.1348734531430612,-0.0347611927372881,0.0017666666666666666,-0.13664011980972787,-0.03652785940395477,,,,0,1,0,0
2008-02-01,KO,Consumer,-0.0091523904705469,-0.0347611927372881,0.0017666666666666666,-0.010919057137213566,-0.03652785940395477,,,,0,0,0,1
2008-02-01,MCD,Consumer,0.0098919329820739,-0.0347611927372881,0.0017666666666666666,0.008125266315407234,-0.03652785940395477,,,,0,0,0,1
2008-02-01,MRK,Healthcare,-0.0390456514963248,-0.0347611927372881,0.0017666666666666666,-0.04081231816299147,-0.03652785940395477,,,,0,0,1,0
2008-02-01,MS,Financials,-0.1413342896716048,-0.0347611927372881,0.0017666666666666666,-0.14310095633827147,-0.03652785940395477,,,,0,1,0,0
2008-02-01,MSFT,Technology,-0.1656441934021171,-0.0347611927372881,0.0017666666666666666,-0.16741086006878378,-0.03652785940395477,,,,1,0,0,0
2008-02-01,NVDA,Technology,-0.130134735232261,-0.0347611927372881,0.0017666666666666666,-0.13190140189892766,-0.03652785940395477,,,,1,0,0,0
2008-02-01,PFE,Healthcare,-0.0462325398763973,-0.0347611927372881,0.0017666666666666666,-0.047999206543063964,-0.03652785940395477,,,,0,0,1,0
2008-02-01,PG,Consumer,0.0167229186860518,-0.0347611927372881,0.0017666666666666666,0.014956252019385132,-0.03652785940395477,,,,0,0,0,1
2008-02-01,UNH,Healthcare,-0.0857589881569894,-0.0347611927372881,0.0017666666666666666,-0.08752565482365607,-0.03652785940395477,,,,0,0,1,0
2008-02-01,WMT,Consumer,-0.0226645125349469,-0.0347611927372881,0.0017666666666666666,-0.024431179201613567,-0.03652785940395477,,,,0,0,0,1
2008-03-01,AAPL,Technology,0.1478167062191364,-0.0059596233978174,0.00105,0.1467667062191364,-0.0070096233978174,-0.0763890915561045,,,1,0,0,0
2008-03-01,AMZN,Technology,0.1059407608048881,-0.0059596233978174,0.00105,0.1048907608048881,-0.0070096233978174,-0.1702702647968186,,,1,0,0,0
2008-03-01,BAC,Financials,-0.0460491379982567,-0.0059596233978174,0.00105,-0.047099137998256706,-0.0070096233978174,-0.0998866758550667,,,0,1,0,0
2008-03-01,C,Financials,-0.0965837143471428,-0.0059596233978174,0.00105,-0.0976337143471428,-0.0070096233978174,-0.1485515283573036,,,0,1,0,0
2008-03-01,COST,Consumer,0.0516247862545808,-0.0059596233978174,0.00105,0.0505747862545808,-0.0070096233978174,-0.0886080239896613,,,0,0,0,1
2008-03-01,GOOGL,Technology,-0.0651766124513509,-0.0059596233978174,0.00105,-0.06622661245135089,-0.0070096233978174,-0.1650185822545123,,,1,0,0,0
2008-03-01,GS,Financials,-0.0249957484278688,-0.0059596233978174,0.00105,-0.0260457484278688,-0.0070096233978174,-0.1484409362101523,,,0,1,0,0
2008-03-01,JNJ,Healthcare,0.0539104594540802,-0.0059596233978174,0.00105,0.052860459454080196,-0.0070096233978174,-0.0186886025323871,,,0,0,1,0
2008-03-01,JPM,Financials,0.0565803381858267,-0.0059596233978174,0.00105,0.0555303381858267,-0.0070096233978174,-0.1348734531430612,,,0,1,0,0
2008-03-01,KO,Consumer,0.0412247672915369,-0.0059596233978174,0.00105,0.0401747672915369,-0.0070096233978174,-0.0091523904705469,,,0,0,0,1
2008-03-01,MCD,Consumer,0.0377114318271352,-0.0059596233978174,0.00105,0.036661431827135195,-0.0070096233978174,0.0098919329820739,,,0,0,0,1
2008-03-01,MRK,Healthcare,-0.1433409856915685,-0.0059596233978174,0.00105,-0.1443909856915685,-0.0070096233978174,-0.0390456514963248,,,0,0,1,0
2008-03-01,MS,Financials,0.0849946477033021,-0.0059596233978174,0.00105,0.08394464770330211,-0.0070096233978174,-0.1413342896716048,,,0,1,0,0
2008-03-01,MSFT,Technology,0.047436108145662,-0.0059596233978174,0.00105,0.046386108145662,-0.0070096233978174,-0.1656441934021171,,,1,0,0,0
2008-03-01,NVDA,Technology,-0.0748006579057478,-0.0059596233978174,0.00105,-0.0758506579057478,-0.0070096233978174,-0.130134735232261,,,1,0,0,0
2008-03-01,PFE,Healthcare,-0.0473146109088058,-0.0059596233978174,0.00105,-0.048364610908805804,-0.0070096233978174,-0.0462325398763973,,,0,0,1,0
2008-03-01,PG,Consumer,0.0587790437558954,-0.0059596233978174,0.00105,0.057729043755895396,-0.0070096233978174,0.0167229186860518,,,0,0,0,1
2008-03-01,UNH,Healthcare,-0.26075746111633,-0.0059596233978174,0.00105,-0.26180746111633,-0.0070096233978174,-0.0857589881569894,,,0,0,1,0
2008-03-01,WMT,Consumer,0.0623107044400446,-0.0059596233978174,0.00105,0.0612607044400446,-0.0070096233978174,-0.0226645125349469,,,0,0,0,1
2008-04-01,AAPL,Technology,0.2121950220489794,0.047546697641229,0.001075,0.2111200220489794,0.046471697641229,0.1478167062191364,,,1,0,0,0
2008-04-01,AMZN,Technology,0.1028050196172007,0.047546697641229,0.001075,0.1017300196172007,0.046471697641229,0.1059407608048881,,,1,0,0,0
2008-04-01,BAC,Financials,0.0068564201802769,0.047546697641229,0.001075,0.0057814201802769,0.046471697641229,-0.0460491379982567,,,0,1,0,0
2008-04-01,C,Financials,0.1797382197838011,0.047546697641229,0.001075,0.17866321978380112,0.046471697641229,-0.0965837143471428,,,0,1,0,0
2008-04-01,COST,Consumer,0.0966600558968364,0.047546697641229,0.001075,0.0955850558968364,0.046471697641229,0.0516247862545808,,,0,0,0,1
2008-04-01,GOOGL,Technology,0.3038116451018571,0.047546697641229,0.001075,0.3027366451018571,0.046471697641229,-0.0651766124513509,,,1,0,0,0
2008-04-01,GS,Financials,0.1570834082109757,0.047546697641229,0.001075,0.1560084082109757,0.046471697641229,-0.0249957484278688,,,0,1,0,0
2008-04-01,JNJ,Healthcare,0.0342220991570987,0.047546697641229,0.001075,0.0331470991570987,0.046471697641229,0.0539104594540802,,,0,0,1,0
2008-04-01,JPM,Financials,0.1094299725495686,0.047546697641229,0.001075,0.10835497254956859,0.046471697641229,0.0565803381858267,,,0,1,0,0
2008-04-01,KO,Consumer,-0.0266374992966068,0.047546697641229,0.001075,-0.0277124992966068,0.046471697641229,0.0412247672915369,,,0,0,0,1
2008-04-01,MCD,Consumer,0.0683159968495201,0.047546697641229,0.001075,0.06724099684952009,0.046471697641229,0.0377114318271352,,,0,0,0,1
2008-04-01,MRK,Healthcare,0.011152356421973,0.047546697641229,0.001075,0.010077356421973,0.046471697641229,-0.1433409856915685,,,0,0,1,0
2008-04-01,MS,Financials,0.0634574949166606,0.047546697641229,0.001075,0.0623824949166606,0.046471697641229,0.0849946477033021,,,0,1,0,0
2008-04-01,MSFT,Technology,0.0049334392283122,0.047546697641229,0.001075,0.0038584392283122003,0.046471697641229,0.047436108145662,,,1,0,0,0
2008-04-01,NVDA,Technology,0.0384031423479764,0.047546697641229,0.001075,0.0373281423479764,0.046471697641229,-0.0748006579057478,,,1,0,0,0
2008-04-01,PFE,Healthcare,-0.0391781709004209,0.047546697641229,0.001075,-0.0402531709004209,0.046471697641229,-0.0473146109088058,,,0,0,1,0
2008-04-01,PG,Consumer,-0.0430992697619927,0.047546697641229,0.001075,-0.0441742697619927,0.046471697641229,0.0587790437558954,,,0,0,0,1
2008-04-01,UNH,Healthcare,-0.0495201442248325,0.047546697641229,0.001075,-0.0505951442248325,0.046471697641229,-0.26075746111633,,,0,0,1,0
2008-04-01,WMT,Consumer,0.1058451137319611,0.047546697641229,0.001075,0.10477011373196109,0.046471697641229,0.0623107044400446,,,0,0,0,1
2008-05-01,AAPL,Technology,0.0850818983243426,0.0106741817040685,0.0014416666666666666,0.08364023165767594,0.009232515037401832,0.2121950220489794,,,1,0,0,0
2008-05-01,AMZN,Technology,0.0380261718896397,0.0106741817040685,0.0014416666666666666,0.03658450522297303,0.009232515037401832,0.1028050196172007,,,1,0,0,0
2008-05-01,BAC,Financials,-0.0940333590337656,0.0106741817040685,0.0014416666666666666,-0.09547502570043226,0.009232515037401832,0.0068564201802769,,,0,1,0,0
2008-05-01,C,Financials,-0.1337556805171926,0.0106741817040685,0.0014416666666666666,-0.13519734718385928,0.009232515037401832,0.1797382197838011,,,0,1,0,0
2008-05-01,COST,Consumer,0.0009821269141518,0.0106741817040685,0.0014416666666666666,-0.0004595397525148665,0.009232515037401832,0.0966600558968364,,,0,0,0,1
2008-05-01,GOOGL,Technology,0.0200422633698158,0.0106741817040685,0.0014416666666666666,0.018600596703149133,0.009232515037401832,0.3038116451018571,,,1,0,0,0
2008-05-01,GS,Financials,-0.076461107653743,0.0106741817040685,0.0014416666666666666,-0.07790277432040967,0.009232515037401832,0.1570834082109757,,,0,1,0,0
2008-05-01,JNJ,Healthcare,-0.0052166848395441,0.0106741817040685,0.0014416666666666666,-0.006658351506210767,0.009232515037401832,0.0342220991570987,,,0,0,1,0
2008-05-01,JPM,Financials,-0.0902310748946463,0.0106741817040685,0.0014416666666666666,-0.09167274156131296,0.009232515037401832,0.1094299725495686,,,0,1,0,0
2008-05-01,KO,Consumer,-0.0273482947442206,0.0106741817040685,0.0014416666666666666,-0.028789961410887268,0.009232515037401832,-0.0266374992966068,,,0,0,0,1
2008-05-01,MCD,Consumer,-0.0043639774807511,0.0106741817040685,0.0014416666666666666,-0.005805644147417767,0.009232515037401832,0.0683159968495201,,,0,0,0,1
2008-05-01,MRK,Healthcare,0.0241849922242505,0.0106741817040685,0.0014416666666666666,0.02274332555758383,0.009232515037401832,0.011152356421973,,,0,0,1,0
2008-05-01,MS,Financials,-0.0847279645642972,0.0106741817040685,0.0014416666666666666,-0.08616963123096386,0.009232515037401832,0.0634574949166606,,,0,1,0,0
2008-05-01,MSFT,Technology,-0.0070126779593376,0.0106741817040685,0.0014416666666666666,-0.008454344626004267,0.009232515037401832,0.0049334392283122,,,1,0,0,0
2008-05-01,NVDA,Technology,0.2019466249191277,0.0106741817040685,0.0014416666666666666,0.20050495825246104,0.009232515037401832,0.0384031423479764,,,1,0,0,0
2008-05-01,PFE,Healthcare,-0.0372950037542063,0.0106741817040685,0.0014416666666666666,-0.03873667042087297,0.009232515037401832,-0.0391781709004209,,,0,0,1,0
2008-05-01,PG,Consumer,-0.0092719135326512,0.0106741817040685,0.0014416666666666666,-0.010713580199317868,0.009232515037401832,-0.0430992697619927,,,0,0,0,1
2008-05-01,UNH,Healthcare,0.0484215460018109,0.0106741817040685,0.0014416666666666666,0.046979879335144234,0.009232515037401832,-0.0495201442248325,,,0,0,1,0
2008-05-01,WMT,Consumer,-0.0041396274964375,0.0106741817040685,0.0014416666666666666,-0.005581294163104167,0.009232515037401832,0.1058451137319611,,,0,0,0,1
2008-06-01,AAPL,Technology,-0.112900544340795,-0.0859623848263144,0.0015500000000000002,-0.11445054434079499,-0.08751238482631439,0.0850818983243426,,,1,0,0,0
2008-06-01,AMZN,Technology,-0.1015681878913736,-0.0859623848263144,0.0015500000000000002,-0.1031181878913736,-0.08751238482631439,0.0380261718896397,,,1,0,0,0
2008-06-01,BAC,Financials,-0.2981474178039895,-0.0859623848263144,0.0015500000000000002,-0.2996974178039895,-0.08751238482631439,-0.0940333590337656,,,0,1,0,0
2008-06-01,C,Financials,-0.2245333375403825,-0.0859623848263144,0.0015500000000000002,-0.22608333754038248,-0.08751238482631439,-0.1337556805171926,,,0,1,0,0
2008-06-01,COST,Consumer,-0.0144132886901462,-0.0859623848263144,0.0015500000000000002,-0.0159632886901462,-0.08751238482631439,0.0009821269141518,,,0,0,0,1
2008-06-01,GOOGL,Technology,-0.1013657715843535,-0.0859623848263144,0.0015500000000000002,-0.1029157715843535,-0.08751238482631439,0.0200422633698158,,,1,0,0,0
2008-06-01,GS,Financials,-0.0085597961405045,-0.0859623848263144,0.0015500000000000002,-0.010109796140504501,-0.08751238482631439,-0.076461107653743,,,0,1,0,0
2008-06-01,JNJ,Healthcare,-0.0291661700718418,-0.0859623848263144,0.0015500000000000002,-0.0307161700718418,-0.08751238482631439,-0.0052166848395441,,,0,0,1,0
2008-06-01,JPM,Financials,-0.2020928935000707,-0.0859623848263144,0.0015500000000000002,-0.2036428935000707,-0.08751238482631439,-0.0902310748946463,,,0,1,0,0
2008-06-01,KO,Consumer,-0.0922110144706801,-0.0859623848263144,0.0015500000000000002,-0.0937610144706801,-0.08751238482631439,-0.0273482947442206,,,0,0,0,1
2008-06-01,MCD,Consumer,-0.0522585758122097,-0.0859623848263144,0.0015500000000000002,-0.0538085758122097,-0.08751238482631439,-0.0043639774807511,,,0,0,0,1
2008-06-01,MRK,Healthcare,-0.03259729491255,-0.0859623848263144,0.0015500000000000002,-0.03414729491255,-0.08751238482631439,0.0241849922242505,,,0,0,1,0
2008-06-01,MS,Financials,-0.1844904930704358,-0.0859623848263144,0.0015500000000000002,-0.1860404930704358,-0.08751238482631439,-0.0847279645642972,,,0,1,0,0
2008-06-01,MSFT,Technology,-0.025025757552118,-0.0859623848263144,0.0015500000000000002,-0.026575757552118,-0.08751238482631439,-0.0070126779593376,,,1,0,0,0
2008-06-01,NVDA,Technology,-0.2421053502597775,-0.0859623848263144,0.0015500000000000002,-0.2436553502597775,-0.08751238482631439,0.2019466249191277,,,1,0,0,0
2008-06-01,PFE,Healthcare,-0.0832574467337662,-0.0859623848263144,0.0015500000000000002,-0.0848074467337662,-0.08751238482631439,-0.0372950037542063,,,0,0,1,0
2008-06-01,PG,Consumer,-0.0793340565990136,-0.0859623848263144,0.0015500000000000002,-0.0808840565990136,-0.08751238482631439,-0.0092719135326512,,,0,0,0,1
2008-06-01,UNH,Healthcare,-0.232680617685548,-0.0859623848263144,0.0015500000000000002,-0.234230617685548,-0.08751238482631439,0.0484215460018109,,,0,0,1,0
2008-06-01,WMT,Consumer,-0.0225638823393943,-0.0859623848263144,0.0015500000000000002,-0.0241138823393943,-0.08751238482631439,-0.0041396274964375,,,0,0,0,1
2008-07-01,AAPL,Technology,-0.0507048309794572,-0.0098593711853027,0.0013583333333333331,-0.05206316431279054,-0.011217704518636034,-0.112900544340795,,,1,0,0,0
2008-07-01,AMZN,Technology,0.0410472704080835,-0.0098593711853027,0.0013583333333333331,0.039688937074750165,-0.011217704518636034,-0.1015681878913736,,,1,0,0,0
2008-07-01,BAC,Financials,0.405299802993633,-0.0098593711853027,0.0013583333333333331,0.40394146966029965,-0.011217704518636034,-0.2981474178039895,,,0,1,0,0
2008-07-01,C,Financials,0.1151553467456927,-0.0098593711853027,0.0013583333333333331,0.11379701341235936,-0.011217704518636034,-0.2245333375403825,,,0,1,0,0
2008-07-01,COST,Consumer,-0.1063586871659547,-0.0098593711853027,0.0013583333333333331,-0.10771702049928804,-0.011217704518636034,-0.0144132886901462,,,0,0,0,1
2008-07-01,GOOGL,Technology,-0.1000531982256156,-0.0098593711853027,0.0013583333333333331,-0.10141153155894894,-0.011217704518636034,-0.1013657715843535,,,1,0,0,0
2008-07-01,GS,Financials,0.0522589855549315,-0.0098593711853027,0.0013583333333333331,0.05090065222159816,-0.011217704518636034,-0.0085597961405045,,,0,1,0,0
2008-07-01,JNJ,Healthcare,0.0641898065411503,-0.0098593711853027,0.0013583333333333331,0.06283147320781696,-0.011217704518636034,-0.0291661700718418,,,0,0,1,0
2008-07-01,JPM,Financials,0.1842031131906489,-0.0098593711853027,0.0013583333333333331,0.18284477985731556,-0.011217704518636034,-0.2020928935000707,,,0,1,0,0
2008-07-01,KO,Consumer,-0.0027014567405662,-0.0098593711853027,0.0013583333333333331,-0.004059790073899533,-0.011217704518636034,-0.0922110144706801,,,0,0,0,1
2008-07-01,MCD,Consumer,0.0704236933238231,-0.0098593711853027,0.0013583333333333331,0.06906535999048977,-0.011217704518636034,-0.0522585758122097,,,0,0,0,1
2008-07-01,MRK,Healthcare,-0.1183534515812658,-0.0098593711853027,0.0013583333333333331,-0.11971178491459913,-0.011217704518636034,-0.03259729491255,,,0,0,1,0
2008-07-01,MS,Financials,0.0945385455482519,-0.0098593711853027,0.0013583333333333331,0.09318021221491857,-0.011217704518636034,-0.1844904930704358,,,0,1,0,0
2008-07-01,MSFT,Technology,-0.0650674122707318,-0.0098593711853027,0.0013583333333333331,-0.06642574560406514,-0.011217704518636034,-0.025025757552118,,,1,0,0,0
2008-07-01,NVDA,Technology,-0.3888889313863353,-0.0098593711853027,0.0013583333333333331,-0.39024726471966864,-0.011217704518636034,-0.2421053502597775,,,1,0,0,0
2008-07-01,PFE,Healthcare,0.068688552961234,-0.0098593711853027,0.0013583333333333331,0.06733021962790066,-0.011217704518636034,-0.0832574467337662,,,0,0,1,0
2008-07-01,PG,Consumer,0.0767967534225575,-0.0098593711853027,0.0013583333333333331,0.07543842008922416,-0.011217704518636034,-0.0793340565990136,,,0,0,0,1
2008-07-01,UNH,Healthcare,0.0697144952024195,-0.0098593711853027,0.0013583333333333331,0.06835616186908616,-0.011217704518636034,-0.232680617685548,,,0,0,1,0
2008-07-01,WMT,Consumer,0.0430597677635009,-0.0098593711853027,0.0013583333333333331,0.041701434430167564,-0.011217704518636034,-0.0225638823393943,,,0,0,0,1
2008-08-01,AAPL,Technology,0.0665616835144784,0.0121904646691215,0.0014333333333333333,0.06512835018114507,0.010757131335788166,-0.0507048309794572,,,1,0,0,0
2008-08-01,AMZN,Technology,0.0585539053988535,0.0121904646691215,0.0014333333333333333,0.05712057206552017,0.010757131335788166,0.0410472704080835,,,1,0,0,0
2008-08-01,BAC,Financials,-0.0534955823467501,0.0121904646691215,0.0014333333333333333,-0.054928915680083436,0.010757131335788166,0.405299802993633,,,0,1,0,0
2008-08-01,C,Financials,0.0336357906686666,0.0121904646691215,0.0014333333333333333,0.032202457335333265,0.010757131335788166,0.1151553467456927,,,0,1,0,0
2008-08-01,COST,Consumer,0.0698788841911051,0.0121904646691215,0.0014333333333333333,0.06844555085777178,0.010757131335788166,-0.1063586871659547,,,0,0,0,1
2008-08-01,GOOGL,Technology,-0.0220791042926533,0.0121904646691215,0.0014333333333333333,-0.023512437625986635,0.010757131335788166,-0.1000531982256156,,,1,0,0,0
2008-08-01,GS,Financials,-0.1073194965402375,0.0121904646691215,0.0014333333333333333,-0.10875282987357082,0.010757131335788166,0.0522589855549315,,,0,1,0,0
2008-08-01,JNJ,Healthcare,0.0286259172061014,0.0121904646691215,0.0014333333333333333,0.027192583872768065,0.010757131335788166,0.0641898065411503,,,0,0,1,0
2008-08-01,JPM,Financials,-0.0420607145547633,0.0121904646691215,0.0014333333333333333,-0.04349404788809663,0.010757131335788166,0.1842031131906489,,,0,1,0,0
2008-08-01,KO,Consumer,0.0110683406144334,0.0121904646691215,0.0014333333333333333,0.009635007281100066,0.010757131335788166,-0.0027014567405662,,,0,0,0,1
2008-08-01,MCD,Consumer,0.0369629334538574,0.0121904646691215,0.0014333333333333333,0.035529600120524064,0.010757131335788166,0.0704236933238231,,,0,0,0,1
2008-08-01,MRK,Healthcare,0.0841943724620759,0.0121904646691215,0.0014333333333333333,0.08276103912874257,0.010757131335788166,-0.1183534515812658,,,0,0,1,0
2008-08-01,MS,Financials,0.0419038087472387,0.0121904646691215,0.0014333333333333333,0.04047047541390537,0.010757131335788166,0.0945385455482519,,,0,1,0,0
2008-08-01,MSFT,Technology,0.06104264140111,0.0121904646691215,0.0014333333333333333,0.059609308067776666,0.010757131335788166,-0.0650674122707318,,,1,0,0,0
2008-08-01,NVDA,Technology,0.1048945884416778,0.0121904646691215,0.0014333333333333333,0.10346125510834447,0.010757131335788166,-0.3888889313863353,,,1,0,0,0
2008-08-01,PFE,Healthcare,0.0235675810596913,0.0121904646691215,0.0014333333333333333,0.02213424772635797,0.010757131335788166,0.068688552961234,,,0,0,1,0
2008-08-01,PG,Consumer,0.0721808249326967,0.0121904646691215,0.0014333333333333333,0.07074749159936337,0.010757131335788166,0.0767967534225575,,,0,0,0,1
2008-08-01,UNH,Healthcare,0.0844019364119437,0.0121904646691215,0.0014333333333333333,0.08296860307861037,0.010757131335788166,0.0697144952024195,,,0,0,1,0
2008-08-01,WMT,Consumer,0.0076767744478551,0.0121904646691215,0.0014333333333333333,0.006243441114521767,0.010757131335788166,0.0430597677635009,,,0,0,0,1
2008-09-01,AAPL,Technology,-0.3295580002003204,-0.0907914335437921,0.0009416666666666666,-0.33049966686698706,-0.09173310021045876,0.0665616835144784,,,1,0,0,0
2008-09-01,AMZN,Technology,-0.0996164178313605,-0.0907914335437921,0.0009416666666666666,-0.10055808449802715,-0.09173310021045876,0.0585539053988535,,,1,0,0,0
2008-09-01,BAC,Financials,0.1239565122423342,-0.0907914335437921,0.0009416666666666666,0.12301484557566754,-0.09173310021045876,-0.0534955823467501,,,0,1,0,0
2008-09-01,C,Financials,0.0800419557535307,-0.0907914335437921,0.0009416666666666666,0.07910028908686403,-0.09173310021045876,0.0336357906686666,,,0,1,0,0
2008-09-01,COST,Consumer,-0.0293600285117912,-0.0907914335437921,0.0009416666666666666,-0.030301695178457867,-0.09173310021045876,0.0698788841911051,,,0,0,0,1
2008-09-01,GOOGL,Technology,-0.1354874099338806,-0.0907914335437921,0.0009416666666666666,-0.13642907660054726,-0.09173310021045876,-0.0220791042926533,,,1,0,0,0
2008-09-01,GS,Financials,-0.2193695286618245,-0.0907914335437921,0.0009416666666666666,-0.22031119532849117,-0.09173310021045876,-0.1073194965402375,,,0,1,0,0
2008-09-01,JNJ,Healthcare,-0.009938896743853,-0.0907914335437921,0.0009416666666666666,-0.010880563410519666,-0.09173310021045876,0.0286259172061014,,,0,0,1,0
2008-09-01,JPM,Financials,0.2133020030767982,-0.0907914335437921,0.0009416666666666666,0.21236033641013152,-0.09173310021045876,-0.0420607145547633,,,0,1,0,0
2008-09-01,KO,Consumer,0.0155553884319552,-0.0907914335437921,0.0009416666666666666,0.014613721765288534,-0.09173310021045876,0.0110683406144334,,,0,0,0,1
2008-09-01,MCD,Consumer,0.0012090649775899,-0.0907914335437921,0.0009416666666666666,0.0002673983109232334,-0.09173310021045876,0.0369629334538574,,,0,0,0,1
2008-09-01,MRK,Healthcare,-0.1152227227235077,-0.0907914335437921,0.0009416666666666666,-0.11616438939017436,-0.09173310021045876,0.0841943724620759,,,0,0,1,0
2008-09-01,MS,Financials,-0.4366886790767466,-0.0907914335437921,0.0009416666666666666,-0.43763034574341325,-0.09173310021045876,0.0419038087472387,,,0,1,0,0
2008-09-01,MSFT,Technology,-0.0180859175101565,-0.0907914335437921,0.0009416666666666666,-0.019027584176823167,-0.09173310021045876,0.06104264140111,,,1,0,0,0
2008-09-01,NVDA,Technology,-0.1526895783762205,-0.0907914335437921,0.0009416666666666666,-0.15363124504288717,-0.09173310021045876,0.1048945884416778,,,1,0,0,0
2008-09-01,PFE,Healthcare,-0.0191360768477639,-0.0907914335437921,0.0009416666666666666,-0.020077743514430566,-0.09173310021045876,0.0235675810596913,,,0,0,1,0
2008-09-01,PG,Consumer,-0.0011463062071715,-0.0907914335437921,0.0009416666666666666,-0.0020879728738381663,-0.09173310021045876,0.0721808249326967,,,0,0,0,1
2008-09-01,UNH,Healthcare,-0.1661741606030589,-0.0907914335437921,0.0009416666666666666,-0.16711582726972557,-0.09173310021045876,0.0844019364119437,,,0,0,1,0
2008-09-01,WMT,Consumer,0.0179709453447187,-0.0907914335437921,0.0009416666666666666,0.017029278678052033,-0.09173310021045876,0.0076767744478551,,,0,0,0,1
2008-10-01,AAPL,Technology,-0.0534051117528496,-0.1694245240177707,0.0005583333333333333,-0.053963445086182935,-0.16998285735110402,-0.3295580002003204,,,1,0,0,0
2008-10-01,AMZN,Technology,-0.2133040188144894,-0.1694245240177707,0.0005583333333333333,-0.21386235214782273,-0.16998285735110402,-0.0996164178313605,,,1,0,0,0
2008-10-01,BAC,Financials,-0.2956126007797306,-0.1694245240177707,0.0005583333333333333,-0.29617093411306394,-0.16998285735110402,0.1239565122423342,,,0,1,0,0
2008-10-01,C,Financials,-0.3344709787114556,-0.1694245240177707,0.0005583333333333333,-0.3350293120447889,-0.16998285735110402,0.0800419557535307,,,0,1,0,0
2008-10-01,COST,Consumer,-0.1219774248618099,-0.1694245240177707,0.0005583333333333333,-0.12253575819514323,-0.16998285735110402,-0.0293600285117912,,,0,0,0,1
2008-10-01,GOOGL,Technology,-0.1027665104427845,-0.1694245240177707,0.0005583333333333333,-0.10332484377611782,-0.16998285735110402,-0.1354874099338806,,,1,0,0,0
2008-10-01,GS,Financials,-0.2773435482175905,-0.1694245240177707,0.0005583333333333333,-0.2779018815509238,-0.16998285735110402,-0.2193695286618245,,,0,1,0,0
2008-10-01,JNJ,Healthcare,-0.1146080568776263,-0.1694245240177707,0.0005583333333333333,-0.11516639021095963,-0.16998285735110402,-0.009938896743853,,,0,0,1,0
2008-10-01,JPM,Financials,-0.1167025937591732,-0.1694245240177707,0.0005583333333333333,-0.11726092709250653,-0.16998285735110402,0.2133020030767982,,,0,1,0,0
2008-10-01,KO,Consumer,-0.1608665854781845,-0.1694245240177707,0.0005583333333333333,-0.16142491881151783,-0.16998285735110402,0.0155553884319552,,,0,0,0,1
2008-10-01,MCD,Consumer,-0.06110221705977,-0.1694245240177707,0.0005583333333333333,-0.061660550393103336,-0.16998285735110402,0.0012090649775899,,,0,0,0,1
2008-10-01,MRK,Healthcare,-0.0085110909274636,-0.1694245240177707,0.0005583333333333333,-0.009069424260796932,-0.16998285735110402,-0.1152227227235077,,,0,0,1,0
2008-10-01,MS,Financials,-0.2404346118204384,-0.1694245240177707,0.0005583333333333333,-0.24099294515377173,-0.16998285735110402,-0.4366886790767466,,,0,1,0,0
2008-10-01,MSFT,Technology,-0.1633571585718554,-0.1694245240177707,0.0005583333333333333,-0.16391549190518873,-0.16998285735110402,-0.0180859175101565,,,1,0,0,0
2008-10-01,NVDA,Technology,-0.1820727596738466,-0.1694245240177707,0.0005583333333333333,-0.18263109300717992,-0.16998285735110402,-0.1526895783762205,,,1,0,0,0
2008-10-01,PFE,Healthcare,-0.039587306597438,-0.1694245240177707,0.0005583333333333333,-0.04014563993077133,-0.16998285735110402,-0.0191360768477639,,,0,0,1,0
2008-10-01,PG,Consumer,-0.0738988946078842,-0.1694245240177707,0.0005583333333333333,-0.07445722794121752,-0.16998285735110402,-0.0011463062071715,,,0,0,0,1
2008-10-01,UNH,Healthcare,-0.0653803515784937,-0.1694245240177707,0.0005583333333333333,-0.06593868491182703,-0.16998285735110402,-0.1661741606030589,,,0,0,1,0
2008-10-01,WMT,Consumer,-0.0681251326108502,-0.1694245240177707,0.0005583333333333333,-0.06868346594418352,-0.16998285735110402,0.0179709453447187,,,0,0,0,1
2008-11-01,AAPL,Technology,-0.1386744239723782,-0.0748490423387097,0.00015833333333333332,-0.13883275730571154,-0.07500737567204303,-0.0534051117528496,,,1,0,0,0
2008-11-01,AMZN,Technology,-0.2540181694617954,-0.0748490423387097,0.00015833333333333332,-0.2541765027951287,-0.07500737567204303,-0.2133040188144894,,,1,0,0,0
2008-11-01,BAC,Financials,-0.3276791414908055,-0.0748490423387097,0.00015833333333333332,-0.32783747482413883,-0.07500737567204303,-0.2956126007797306,,,0,1,0,0
2008-11-01,C,Financials,-0.3850527011710059,-0.0748490423387097,0.00015833333333333332,-0.3852110345043392,-0.07500737567204303,-0.3344709787114556,,,0,1,0,0
2008-11-01,COST,Consumer,-0.0971759333548054,-0.0748490423387097,0.00015833333333333332,-0.09733426668813873,-0.07500737567204303,-0.1219774248618099,,,0,0,0,1
2008-11-01,GOOGL,Technology,-0.1847729554705248,-0.0748490423387097,0.00015833333333333332,-0.18493128880385815,-0.07500737567204303,-0.1027665104427845,,,1,0,0,0
2008-11-01,GS,Financials,-0.1434487268012655,-0.0748490423387097,0.00015833333333333332,-0.14360706013459884,-0.07500737567204303,-0.2773435482175905,,,0,1,0,0
2008-11-01,JNJ,Healthcare,-0.0449944221790686,-0.0748490423387097,0.00015833333333333332,-0.045152755512401936,-0.07500737567204303,-0.1146080568776263,,,0,0,1,0
2008-11-01,JPM,Financials,-0.2265628408227402,-0.0748490423387097,0.00015833333333333332,-0.22672117415607354,-0.07500737567204303,-0.1167025937591732,,,0,1,0,0
2008-11-01,KO,Consumer,0.0637760933350715,-0.0748490423387097,0.00015833333333333332,0.06361776000173817,-0.07500737567204303,-0.1608665854781845,,,0,0,0,1
2008-11-01,MCD,Consumer,0.0141556826477726,-0.0748490423387097,0.00015833333333333332,0.013997349314439267,-0.07500737567204303,-0.06110221705977,,,0,0,0,1
2008-11-01,MRK,Healthcare,-0.1366719230399249,-0.0748490423387097,0.00015833333333333332,-0.13683025637325824,-0.07500737567204303,-0.0085110909274636,,,0,0,1,0
2008-11-01,MS,Financials,-0.1451760148440233,-0.0748490423387097,0.00015833333333333332,-0.14533434817735663,-0.07500737567204303,-0.2404346118204384,,,0,1,0,0
2008-11-01,MSFT,Technology,-0.0944916678752153,-0.0748490423387097,0.00015833333333333332,-0.09465000120854863,-0.07500737567204303,-0.1633571585718554,,,1,0,0,0
2008-11-01,NVDA,Technology,-0.1472602933121001,-0.0748490423387097,0.00015833333333333332,-0.14741862664543345,-0.07500737567204303,-0.1820727596738466,,,1,0,0,0
2008-11-01,PFE,Healthcare,-0.0722755357765196,-0.0748490423387097,0.00015833333333333332,-0.07243386910985293,-0.07500737567204303,-0.039587306597438,,,0,0,1,0
2008-11-01,PG,Consumer,0.0034310967225521,-0.0748490423387097,0.00015833333333333332,0.0032727633892187667,-0.07500737567204303,-0.0738988946078842,,,0,0,0,1
2008-11-01,UNH,Healthcare,-0.1146228882250119,-0.0748490423387097,0.00015833333333333332,-0.11478122155834523,-0.07500737567204303,-0.0653803515784937,,,0,0,1,0
2008-11-01,WMT,Consumer,0.0012542397901404,-0.0748490423387097,0.00015833333333333332,0.0010959064568070668,-0.07500737567204303,-0.0681251326108502,,,0,0,0,1
2008-12-01,AAPL,Technology,-0.0789900757914129,0.0078215766334994,2.4999999999999998e-05,-0.0790150757914129,0.007796576633499401,-0.1386744239723782,,,1,0,0,0
2008-12-01,AMZN,Technology,0.200936722592109,0.0078215766334994,2.4999999999999998e-05,0.20091172259210902,0.007796576633499401,-0.2540181694617954,,,1,0,0,0
2008-12-01,BAC,Financials,-0.1335385982532724,0.0078215766334994,2.4999999999999998e-05,-0.1335635982532724,0.007796576633499401,-0.3276791414908055,,,0,1,0,0
2008-12-01,C,Financials,-0.1905910918343027,0.0078215766334994,2.4999999999999998e-05,-0.1906160918343027,0.007796576633499401,-0.3850527011710059,,,0,1,0,0
2008-12-01,COST,Consumer,0.0231430033681285,0.0078215766334994,2.4999999999999998e-05,0.023118003368128498,0.007796576633499401,-0.0971759333548054,,,0,0,0,1
2008-12-01,GOOGL,Technology,0.0501434371005724,0.0078215766334994,2.4999999999999998e-05,0.0501184371005724,0.007796576633499401,-0.1847729554705248,,,1,0,0,0
2008-12-01,GS,Financials,0.0683631496341901,0.0078215766334994,2.4999999999999998e-05,0.0683381496341901,0.007796576633499401,-0.1434487268012655,,,0,1,0,0
2008-12-01,JNJ,Healthcare,0.0298261233550414,0.0078215766334994,2.4999999999999998e-05,0.029801123355041398,0.007796576633499401,-0.0449944221790686,,,0,0,1,0
2008-12-01,JPM,Financials,-0.0041059106770682,0.0078215766334994,2.4999999999999998e-05,-0.0041309106770682,0.007796576633499401,-0.2265628408227402,,,0,1,0,0
2008-12-01,KO,Consumer,-0.0259233339313962,0.0078215766334994,2.4999999999999998e-05,-0.0259483339313962,0.007796576633499401,0.0637760933350715,,,0,0,0,1
2008-12-01,MCD,Consumer,0.0679517385834622,0.0078215766334994,2.4999999999999998e-05,0.06792673858346221,0.007796576633499401,0.0141556826477726,,,0,0,0,1
2008-12-01,MRK,Healthcare,0.1377238650871359,0.0078215766334994,2.4999999999999998e-05,0.1376988650871359,0.007796576633499401,-0.1366719230399249,,,0,0,1,0
2008-12-01,MS,Financials,0.0874578286180685,0.0078215766334994,2.4999999999999998e-05,0.0874328286180685,0.007796576633499401,-0.1451760148440233,,,0,1,0,0
2008-12-01,MSFT,Technology,-0.0320618978910797,0.0078215766334994,2.4999999999999998e-05,-0.0320868978910797,0.007796576633499401,-0.0944916678752153,,,1,0,0,0
2008-12-01,NVDA,Technology,0.080321155661265,0.0078215766334994,2.4999999999999998e-05,0.08029615566126501,0.007796576633499401,-0.1472602933121001,,,1,0,0,0
2008-12-01,PFE,Healthcare,0.0969738852491872,0.0078215766334994,2.4999999999999998e-05,0.0969488852491872,0.007796576633499401,-0.0722755357765196,,,0,0,1,0
2008-12-01,PG,Consumer,-0.039316127089591,0.0078215766334994,2.4999999999999998e-05,-0.039341127089591,0.007796576633499401,0.0034310967225521,,,0,0,0,1
2008-12-01,UNH,Healthcare,0.2660638348848658,0.0078215766334994,2.4999999999999998e-05,0.2660388348848658,0.007796576633499401,-0.1146228882250119,,,0,0,1,0
2008-12-01,WMT,Consumer,0.0032212425292885,0.0078215766334994,2.4999999999999998e-05,0.0031962425292885004,0.007796576633499401,0.0012542397901404,,,0,0,0,1
2009-01-01,AAPL,Technology,0.0560050069057711,-0.0856573430580542,0.00010833333333333333,0.055896673572437765,-0.08576567639138753,-0.0789900757914129,,,1,0,0,0
2009-01-01,AMZN,Technology,0.1470359241207732,-0.0856573430580542,0.00010833333333333333,0.1469275907874399,-0.08576567639138753,0.200936722592109,,,1,0,0,0
2009-01-01,BAC,Financials,-0.5220267600621967,-0.0856573430580542,0.00010833333333333333,-0.5221350933955301,-0.08576567639138753,-0.1335385982532724,,,0,1,0,0
2009-01-01,C,Financials,-0.470939069235771,-0.0856573430580542,0.00010833333333333333,-0.4710474025691043,-0.08576567639138753,-0.1905910918343027,,,0,1,0,0
2009-01-01,COST,Consumer,-0.1422856430500207,-0.0856573430580542,0.00010833333333333333,-0.14239397638335402,-0.08576567639138753,0.0231430033681285,,,0,0,0,1
2009-01-01,GOOGL,Technology,0.1003736826069754,-0.0856573430580542,0.00010833333333333333,0.10026534927364207,-0.08576567639138753,0.0501434371005724,,,1,0,0,0
2009-01-01,GS,Financials,-0.0433702323906626,-0.0856573430580542,0.00010833333333333333,-0.043478565723995936,-0.08576567639138753,0.0683631496341901,,,0,1,0,0
2009-01-01,JNJ,Healthcare,-0.03576814728092,-0.0856573430580542,0.00010833333333333333,-0.03587648061425334,-0.08576567639138753,0.0298261233550414,,,0,0,1,0
2009-01-01,JPM,Financials,-0.1909294376523053,-0.0856573430580542,0.00010833333333333333,-0.19103777098563862,-0.08576567639138753,-0.0041059106770682,,,0,1,0,0
2009-01-01,KO,Consumer,-0.0563289021741402,-0.0856573430580542,0.00010833333333333333,-0.05643723550747354,-0.08576567639138753,-0.0259233339313962,,,0,0,0,1
2009-01-01,MCD,Consumer,-0.0670524821305789,-0.0856573430580542,0.00010833333333333333,-0.06716081546391224,-0.08576567639138753,0.0679517385834622,,,0,0,0,1
2009-01-01,MRK,Healthcare,-0.0472854292422424,-0.0856573430580542,0.00010833333333333333,-0.04739376257557573,-0.08576567639138753,0.1377238650871359,,,0,0,1,0
2009-01-01,MS,Financials,0.2612223036521737,-0.0856573430580542,0.00010833333333333333,0.26111397031884037,-0.08576567639138753,0.0874578286180685,,,0,1,0,0
2009-01-01,MSFT,Technology,-0.1203708433658677,-0.0856573430580542,0.00010833333333333333,-0.12047917669920104,-0.08576567639138753,-0.0320618978910797,,,1,0,0,0
2009-01-01,NVDA,Technology,-0.0148697856299524,-0.0856573430580542,0.00010833333333333333,-0.014978118963285733,-0.08576567639138753,0.080321155661265,,,1,0,0,0
2009-01-01,PFE,Healthcare,-0.1767363997178281,-0.0856573430580542,0.00010833333333333333,-0.1768447330511614,-0.08576567639138753,0.0969738852491872,,,0,0,1,0
2009-01-01,PG,Consumer,-0.1184084948892896,-0.0856573430580542,0.00010833333333333333,-0.11851682822262294,-0.08576567639138753,-0.039316127089591,,,0,0,0,1
2009-01-01,UNH,Healthcare,0.0650378380664891,-0.0856573430580542,0.00010833333333333333,0.06492950473315577,-0.08576567639138753,0.2660638348848658,,,0,0,1,0
2009-01-01,WMT,Consumer,-0.1558353596552043,-0.0856573430580542,0.00010833333333333333,-0.1559436929885376,-0.08576567639138753,0.0032212425292885,,,0,0,0,1
2009-02-01,AAPL,Technology,-0.009097985600055,-0.1099311976201994,0.00025,-0.009347985600055,-0.1101811976201994,0.0560050069057711,0.14571356060316953,-0.3341457608242333,1,0,0,0
2009-02-01,AMZN,Technology,0.1014961110451764,-0.1099311976201994,0.00025,0.1012461110451764,-0.1101811976201994,0.1470359241207732,0.15011021206587535,-0.24298584505517096,1,0,0,0
2009-02-01,BAC,Financials,-0.3996960872887495,-0.1099311976201994,0.00025,-0.3999460872887495,-0.1101811976201994,-0.5220267600621967,0.23914683056041264,-0.8388126506926884,0,1,0,0
2009-02-01,C,Financials,-0.5764586161550787,-0.1099311976201994,0.00025,-0.5767086161550786,-0.1101811976201994,-0.470939069235771,0.20540305692778654,-0.8669981839700786,0,1,0,0
2009-02-01,COST,Consumer,-0.0597377045079833,-0.1099311976201994,0.00025,-0.0599877045079833,-0.1101811976201994,-0.1422856430500207,0.08065318012208865,-0.3305732602118582,0,0,0,1
2009-02-01,GOOGL,Technology,-0.0015951999087808,-0.1099311976201994,0.00025,-0.0018451999087808,-0.1101811976201994,0.1003736826069754,0.13721686841933167,-0.40008859853255063,1,0,0,0
2009-02-01,GS,Financials,0.1282055909153097,-0.1099311976201994,0.00025,0.1279555909153097,-0.1101811976201994,-0.0433702323906626,0.12433929803115652,-0.5919438770250449,0,1,0,0
2009-02-01,JNJ,Healthcare,-0.133298175722516,-0.1099311976201994,0.00025,-0.133548175722516,-0.1101811976201994,-0.03576814728092,0.04998434859134008,-0.060010130546424345,0,0,1,0
2009-02-01,JPM,Financials,-0.0933457661884388,-0.1099311976201994,0.00025,-0.0935957661884388,-0.1101811976201994,-0.1909294376523053,0.1503141642964036,-0.44226213421312977,0,1,0,0
2009-02-01,KO,Consumer,-0.0437736756476226,-0.1099311976201994,0.00025,-0.0440236756476226,-0.1101811976201994,-0.0563289021741402,0.06019004469018396,-0.25497203496089105,0,0,0,1
2009-02-01,MCD,Consumer,-0.0994484115252662,-0.1099311976201994,0.00025,-0.0996984115252662,-0.1101811976201994,-0.0670524821305789,0.04961162620835822,0.1138256171154215,0,0,0,1
2009-02-01,MRK,Healthcare,-0.1523643837431182,-0.1099311976201994,0.00025,-0.1526143837431182,-0.1101811976201994,-0.0472854292422424,0.08836779308427013,-0.35283939709269596,0,0,1,0
2009-02-01,MS,Financials,-0.0207477175365695,-0.1099311976201994,0.00025,-0.0209977175365695,-0.1101811976201994,0.2612223036521737,0.19037652145344663,-0.576937850228352,0,1,0,0
2009-02-01,MSFT,Technology,-0.0555556450574145,-0.1099311976201994,0.00025,-0.0558056450574145,-0.1101811976201994,-0.1203708433658677,0.07507235771653889,-0.4657809703416903,1,0,0,0
2009-02-01,NVDA,Technology,0.0415095723773977,-0.1099311976201994,0.00025,0.0412595723773977,-0.1101811976201994,-0.0148697856299524,0.16565841612203222,-0.6766978861716997,1,0,0,0
2009-02-01,PFE,Healthcare,-0.1556927613461558,-0.1099311976201994,0.00025,-0.1559427613461558,-0.1101811976201994,-0.1767363997178281,0.07121385815905461,-0.33478194473576317,0,0,1,0
2009-02-01,PG,Consumer,-0.1099475148989493,-0.1099311976201994,0.00025,-0.1101975148989493,-0.1101811976201994,-0.1184084948892896,0.062206519571507746,-0.14723592060149948,0,0,0,1
2009-02-01,UNH,Healthcare,-0.306389286207642,-0.1099311976201994,0.00025,-0.30663928620764197,-0.1101811976201994,0.0650378380664891,0.15078318390330064,-0.4422751117234902,0,0,1,0
2009-02-01,WMT,Consumer,0.0449913815405298,-0.1099311976201994,0.00025,0.0447413815405298,-0.1101811976201994,-0.1558353596552043,0.06551485101866228,-0.05513876231326664,0,0,0,1
2009-03-01,AAPL,Technology,0.1770233197810553,0.0854044619953229,0.000175,0.17684831978105528,0.0852294619953229,-0.009097985600055,0.14475318008913107,-0.2856339169838974,1,0,0,0
2009-03-01,AMZN,Technology,0.1335082202338511,0.0854044619953229,0.000175,0.13333322023385108,0.0852294619953229,0.1014961110451764,0.1444615430931532,0.004963558975851212,1,0,0,0
2009-03-01,BAC,Financials,0.7265830417830081,0.0854044619953229,0.000175,0.7264080417830081,0.0852294619953229,-0.3996960872887495,0.25311100177699436,-0.8925008730865603,0,1,0,0
2009-03-01,C,Financials,0.6866661774342226,0.0854044619953229,0.000175,0.6864911774342226,0.0852294619953229,-0.5764586161550787,0.24246509893638443,-0.9338400677300884,0,1,0,0
2009-03-01,COST,Consumer,0.097995681408789,0.0854044619953229,0.000175,0.09782068140878901,0.0852294619953229,-0.0597377045079833,0.07915698490578645,-0.3093677148965871,0,0,0,1
2009-03-01,GOOGL,Technology,0.0297937009163793,0.0854044619953229,0.000175,0.0296187009163793,0.0852294619953229,-0.0015951999087808,0.13094684777534954,-0.28267335041805663,1,0,0,0
2009-03-01,GS,Financials,0.1703866864067431,0.0854044619953229,0.000175,0.17021168640674308,0.0852294619953229,0.1282055909153097,0.13268690647441728,-0.45937842843372934,0,1,0,0
2009-03-01,JNJ,Healthcare,0.0607236726267788,0.0854044619953229,0.000175,0.0605486726267788,0.0852294619953229,-0.133298175722516,0.062448488983227926,-0.16979366920615413,0,0,1,0
2009-03-01,JPM,Financials,0.1632383048983239,0.0854044619953229,0.000175,0.16306330489832388,0.0852294619953229,-0.0933457661884388,0.148320920190683,-0.41548967696131633,0,1,0,0
2009-03-01,KO,Consumer,0.0758875764131254,0.0854044619953229,0.000175,0.0757125764131254,0.0852294619953229,-0.0437736756476226,0.06032367758676283,-0.28100411637729017,0,0,0,1
2009-03-01,MCD,Consumer,0.0541101318924246,0.0854044619953229,0.000175,0.0539351318924246,0.0852294619953229,-0.0994484115252662,0.058845515319509066,-0.006767559955399571,0,0,0,1
2009-03-01,MRK,Healthcare,0.1053719987866546,0.0854044619953229,0.000175,0.1051969987866546,0.0852294619953229,-0.1523643837431182,0.09499745087283024,-0.42915459270601364,0,0,1,0
2009-03-01,MS,Financials,0.1653020280862054,0.0854044619953229,0.000175,0.16512702808620539,0.0852294619953229,-0.0207477175365695,0.18828481337135772,-0.5175251895998857,0,1,0,0
2009-03-01,MSFT,Technology,0.14526067349707,0.0854044619953229,0.000175,0.14508567349707,0.0852294619953229,-0.0555556450574145,0.06552772603523098,-0.395293778896347,1,0,0,0
2009-03-01,NVDA,Technology,0.1908209784285863,0.0854044619953229,0.000175,0.1906459784285863,0.0852294619953229,0.0415095723773977,0.16791689097029683,-0.612902986289573,1,0,0,0
2009-03-01,PFE,Healthcare,0.1302113998426135,0.0854044619953229,0.000175,0.1300363998426135,0.0852294619953229,-0.1556927613461558,0.07983351985733177,-0.41112646129692687,0,0,1,0
2009-03-01,PG,Consumer,-0.0224205550272797,0.0854044619953229,0.000175,-0.022595555027279703,0.0852294619953229,-0.1099475148989493,0.06752422650685841,-0.25347921825699116,0,0,0,1
2009-03-01,UNH,Healthcare,0.0651402561106819,0.0854044619953229,0.000175,0.06496525611068191,0.0852294619953229,-0.306389286207642,0.16957939011030443,-0.5768687328110587,0,0,1,0
2009-03-01,WMT,Consumer,0.058082595181129,0.0854044619953229,0.000175,0.057907595181129,0.0852294619953229,0.0449913815405298,0.06654046566982394,0.010269106973014086,0,0,0,1
2009-04-01,AAPL,Technology,0.1970131264601835,0.0939250791482633,0.00013333333333333334,0.19687979312685017,0.09379174581492997,0.1770233197810553,0.14798828682690163,-0.2674566121796148,1,0,0,0
2009-04-01,AMZN,Technology,0.0964052554935614,0.0939250791482633,0.00013333333333333334,0.09627192216022806,0.09379174581492997,0.1335082202338511,0.14632253620000277,0.030013989452335466,1,0,0,0
2009-04-01,BAC,Financials,0.3129813743881491,0.0939250791482633,0.00013333333333333334,0.3128480410548158,0.09379174581492997,0.7265830417830081,0.35563100443273166,-0.8054342451709162,0,1,0,0
2009-04-01,C,Financials,0.2055341585849535,0.0939250791482633,0.00013333333333333334,0.20540082525162015,0.09379174581492997,0.6866661774342226,0.3463212371736856,-0.8764802872904176,0,1,0,0
2009-04-01,COST,Consumer,0.0492229359532123,0.0939250791482633,0.00013333333333333334,0.04908960261987897,0.09379174581492997,0.097995681408789,0.08432932291381962,-0.2789146125151747,0,0,0,1
2009-04-01,GOOGL,Technology,0.1376490107190513,0.0939250791482633,0.00013333333333333334,0.13751567738571796,0.09379174581492997,0.0297937009163793,0.13083220184679023,-0.20979890418018277,1,0,0,0
2009-04-01,GS,Financials,0.2120352276759582,0.0939250791482633,0.00013333333333333334,0.21190189434262485,0.09379174581492997,0.1703866864067431,0.14616530587922372,-0.35104253266054253,0,1,0,0
2009-04-01,JNJ,Healthcare,-0.0045628294341861,0.0939250791482633,0.00013333333333333334,-0.004696162767519434,0.09379174581492997,0.0607236726267788,0.06314435999754345,-0.16442663573734106,0,0,1,0
2009-04-01,JPM,Financials,0.2415348008699807,0.0939250791482633,0.00013333333333333334,0.24140146753664735,0.09379174581492997,0.1632383048983239,0.1571457684461634,-0.35648547224100624,0,1,0,0
2009-04-01,KO,Consumer,-0.0101138355708421,0.0939250791482633,0.00013333333333333334,-0.010247168904175433,0.09379174581492997,0.0758875764131254,0.06448744261553002,-0.2570684419137921,0,0,0,1
2009-04-01,MCD,Consumer,-0.0234561424330209,0.0939250791482633,0.00013333333333333334,-0.023589475766354232,0.09379174581492997,0.0541101318924246,0.05995445894281268,0.008928249476639394,0,0,0,1
2009-04-01,MRK,Healthcare,-0.0786428866688296,0.0939250791482633,0.00013333333333333334,-0.07877622000216293,0.09379174581492997,0.1053719987866546,0.09782961680005413,-0.2634215967853558,0,0,1,0
2009-04-01,MS,Financials,0.0382076998359086,0.0939250791482633,0.00013333333333333334,0.038074366502575265,0.09379174581492997,0.1653020280862054,0.1944533548182835,-0.4818141488072065,0,1,0,0
2009-04-01,MSFT,Technology,0.1028847528716456,0.0939250791482633,0.00013333333333333334,0.10275141953831227,0.09379174581492997,0.14526067349707,0.08141352819784377,-0.338817662802275,1,0,0,0
2009-04-01,NVDA,Technology,0.1643003530804678,0.0939250791482633,0.00013333333333333334,0.16416701974713446,0.09379174581492997,0.1908209784285863,0.18282147207879687,-0.5017687284882706,1,0,0,0
2009-04-01,PFE,Healthcare,-0.0190897747372752,0.0939250791482633,0.00013333333333333334,-0.019223108070608532,0.09379174581492997,0.1302113998426135,0.09363187719635609,-0.3013941494969594,0,0,1,0
2009-04-01,PG,Consumer,0.0499047055854076,0.0939250791482633,0.00013333333333333334,0.049771372252074265,0.09379174581492997,-0.0224205550272797,0.062588528379694,-0.31073119006198846,0,0,0,1
2009-04-01,UNH,Healthcare,0.1253894639250419,0.0939250791482633,0.00013333333333333334,0.12525613059170856,0.09379174581492997,0.0651402561106819,0.15945305288435918,-0.3903298003079483,0,0,1,0
2009-04-01,WMT,Consumer,-0.027172820359997,0.0939250791482633,0.00013333333333333334,-0.027306153693330334,0.09379174581492997,0.058082595181129,0.06620805837302983,0.00624812879089065,0,0,0,1
2009-05-01,AAPL,Technology,0.0793132577141917,0.0530814463851665,0.00015,0.0791632577141917,0.0529314463851665,0.1970131264601835,0.14592264163519303,-0.2766312062225379,1,0,0,0
2009-05-01,AMZN,Technology,-0.031420797064218,0.0530814463851665,0.00015,-0.031570797064218,0.0529314463851665,0.0964052554935614,0.14597634990422884,0.024036643992997764,1,0,0,0
2009-05-01,BAC,Financials,0.2620376045333663,0.0530814463851665,0.00015,0.2618876045333663,0.0529314463851665,0.3129813743881491,0.3723713499635529,-0.746278409647904,0,1,0,0
2009-05-01,C,Financials,0.2196721855685723,0.0530814463851665,0.00015,0.21952218556857228,0.0529314463851665,0.2055341585849535,0.3483014631588169,-0.8737794279842097,0,1,0,0
2009-05-01,COST,Consumer,-0.0016462089945604,0.0530814463851665,0.00015,-0.0017962089945604,0.0529314463851665,0.0492229359532123,0.07913355452325034,-0.31010587714798654,0,0,0,1
2009-05-01,GOOGL,Technology,0.0536907688397001,0.0530814463851665,0.00015,0.053540768839700104,0.0529314463851665,0.1376490107190513,0.09938261515550152,-0.31050508844144,1,0,0,0
2009-05-01,GS,Financials,0.1250584873303106,0.0530814463851665,0.00015,0.12490848733031061,0.0529314463851665,0.2120352276759582,0.15308436677854556,-0.32022246097631724,0,1,0,0
2009-05-01,JNJ,Healthcare,0.0534762311347327,0.0530814463851665,0.00015,0.053326231134732706,0.0529314463851665,-0.0045628294341861,0.061481020740350764,-0.19576192947368554,0,0,1,0
2009-05-01,JPM,Financials,0.1201729136832867,0.0530814463851665,0.00015,0.1200229136832867,0.0529314463851665,0.2415348008699807,0.1713758743592175,-0.27985929635364604,0,1,0,0
2009-05-01,KO,Consumer,0.141928058818334,0.0530814463851665,0.00015,0.141778058818334,0.0529314463851665,-0.0101138355708421,0.06456646374393385,-0.24445654117978632,0,0,0,1
2009-05-01,MCD,Consumer,0.1069625225255914,0.0530814463851665,0.00015,0.1068125225255914,0.0529314463851665,-0.0234561424330209,0.05653902155444842,-0.07774227133378919,0,0,0,1
2009-05-01,MRK,Healthcare,0.1377895046090105,0.0530814463851665,0.00015,0.13763950460901048,0.0529314463851665,-0.0786428866688296,0.09860304491293015,-0.3288333384996699,0,0,1,0
2009-05-01,MS,Financials,0.2866271260582342,0.0530814463851665,0.00015,0.2864771260582342,0.0529314463851665,0.0382076998359086,0.19344637680405724,-0.4941174957852523,0,1,0,0
2009-05-01,MSFT,Technology,0.0310958423462948,0.0530814463851665,0.00015,0.0309458423462948,0.0529314463851665,0.1028847528716456,0.08980186400091589,-0.2743719234545837,1,0,0,0
2009-05-01,NVDA,Technology,-0.0914635211179442,0.0530814463851665,0.00015,-0.0916135211179442,0.0529314463851665,0.1643003530804678,0.191102378858254,-0.4413625867645494,1,0,0,0
2009-05-01,PFE,Healthcare,0.1369767749954178,0.0530814463851665,0.00015,0.1368267749954178,0.0529314463851665,-0.0190897747372752,0.0935409195836546,-0.28678803766460437,0,0,1,0
2009-05-01,PG,Consumer,0.0596426203688231,0.0530814463851665,0.00015,0.0594926203688231,0.0529314463851665,0.0499047055854076,0.06629249648888702,-0.24373914231711713,0,0,0,1
2009-05-01,UNH,Healthcare,0.1309521402568074,0.0530814463851665,0.00015,0.1308021402568074,0.0529314463851665,0.1253894639250419,0.16519779799625575,-0.27813681159718373,0,0,1,0
2009-05-01,WMT,Consumer,-0.0130948866850776,0.0530814463851665,0.00015,-0.013244886685077601,0.0529314463851665,-0.027172820359997,0.05797824123301507,-0.11478965996774848,0,0,0,1
2009-06-01,AAPL,Technology,0.0487448208627834,0.0001958272656099,0.00015,0.048594820862783404,4.582726560990001e-05,0.0793132577141917,0.14556854836233588,-0.28047686488327583,1,0,0,0
2009-06-01,AMZN,Technology,0.0727016802961759,0.0001958272656099,0.00015,0.0725516802961759,4.582726560990001e-05,-0.031420797064218,0.14624333915989216,-0.04447438487011157,1,0,0,0
2009-06-01,BAC,Financials,0.1712514560084033,0.0001958272656099,0.00015,0.1711014560084033,4.582726560990001e-05,0.2620376045333663,0.38227564539590336,-0.64655852254687,0,1,0,0
2009-06-01,C,Financials,-0.2016129285525705,0.0001958272656099,0.00015,-0.2017629285525705,4.582726560990001e-05,0.2196721855685723,0.3598972585860436,-0.8222814078294572,0,1,0,0
2009-06-01,COST,Consumer,-0.0528368478592458,0.0001958272656099,0.00015,-0.052986847859245796,4.582726560990001e-05,-0.0016462089945604,0.07905112703231468,-0.3119173715269037,0,0,0,1
2009-06-01,GOOGL,Technology,0.0104499079583562,0.0001958272656099,0.00015,0.010299907958356199,4.582726560990001e-05,0.0536907688397001,0.10125205669591274,-0.2877604687955926,1,0,0,0
2009-06-01,GS,Financials,0.0224748842855357,0.0001958272656099,0.00015,0.0223248842855357,4.582726560990001e-05,0.1250584873303106,0.15736704345237082,-0.17189249298191156,0,1,0,0
2009-06-01,JNJ,Healthcare,0.0388424962053559,0.0001958272656099,0.00015,0.038692496205355906,4.582726560990001e-05,0.0534762311347327,0.06468389733066228,-0.14831131708670398,0,0,1,0
2009-06-01,JPM,Financials,-0.0756099419254191,0.0001958272656099,0.00015,-0.0757599419254191,4.582726560990001e-05,0.1201729136832867,0.17357725647432518,-0.11331098699369957,0,1,0,0
2009-06-01,KO,Consumer,-0.0238001104032703,0.0001958272656099,0.00015,-0.0239501104032703,4.582726560990001e-05,0.141928058818334,0.0797736163370794,-0.11296482531064789,0,0,0,1
2009-06-01,MCD,Consumer,-0.0254283350959265,0.0001958272656099,0.00015,-0.0255783350959265,4.582726560990001e-05,0.1069625225255914,0.0651703347321875,0.02537947467979773,0,0,0,1
2009-06-01,MRK,Healthcare,0.0137779099146884,0.0001958272656099,0.00015,0.013627909914688398,4.582726560990001e-05,0.1377895046090105,0.10899404263062033,-0.25438627875213027,0,0,1,0
2009-06-01,MS,Financials,-0.059696718350204,0.0001958272656099,0.00015,-0.059846718350204,4.582726560990001e-05,0.2866271260582342,0.21348631362583245,-0.2888648103280904,0,1,0,0
2009-06-01,MSFT,Technology,0.1450913947373362,0.0001958272656099,0.00015,0.1449413947373362,4.582726560990001e-05,0.0310958423462948,0.0910701280810791,-0.24652402280612462,1,0,0,0
2009-06-01,NVDA,Technology,0.082454375542591,0.0001958272656099,0.00015,0.082304375542591,4.582726560990001e-05,-0.0914635211179442,0.17717571429749487,-0.5777329393251003,1,0,0,0
2009-06-01,PFE,Healthcare,-0.0013190907014837,0.0001958272656099,0.00015,-0.0014690907014837,4.582726560990001e-05,0.1369767749954178,0.1041536700945253,-0.15768024474112674,0,0,1,0
2009-06-01,PG,Consumer,-0.0161726560486696,0.0001958272656099,0.00015,-0.0163226560486696,4.582726560990001e-05,0.0596426203688231,0.07026250850449925,-0.1911340277281275,0,0,0,1
2009-06-01,UNH,Healthcare,-0.0609020207242031,0.0001958272656099,0.00015,-0.0610520207242031,4.582726560990001e-05,0.1309521402568074,0.16966418401014496,-0.22131253310263632,0,0,1,0
2009-06-01,WMT,Consumer,-0.0208847946344757,0.0001958272656099,0.00015,-0.0210347946344757,4.582726560990001e-05,-0.0130948866850776,0.05797513977741219,-0.12274990042949518,0,0,0,1
2009-07-01,AAPL,Technology,0.1471603512288692,0.0741417271477842,0.00015,0.14701035122886918,0.07399172714778421,0.0487448208627834,0.14329335440075036,-0.14936689834413686,1,0,0,0
2009-07-01,AMZN,Technology,0.0251016057545112,0.0741417271477842,0.00015,0.0249516057545112,0.07399172714778421,0.0727016802961759,0.14314667859199512,0.1408700349892993,1,0,0,0
2009-07-01,BAC,Financials,0.1214372211969621,0.0741417271477842,0.00015,0.1212872211969621,0.07399172714778421,0.1712514560084033,0.3747908616958622,-0.41017692948356455,0,1,0,0
2009-07-01,C,Financials,0.0673398156969564,0.0741417271477842,0.00015,0.06718981569695641,0.07399172714778421,-0.2016129285525705,0.35906306808417804,-0.8170285929574844,0,1,0,0
2009-07-01,COST,Consumer,0.081258394254033,0.0741417271477842,0.00015,0.081108394254033,0.07399172714778421,-0.0528368478592458,0.07924081113821532,-0.33874259480251834,0,0,0,1
2009-07-01,GOOGL,Technology,0.0509025670105038,0.0741417271477842,0.00015,0.050752567010503805,0.07399172714778421,0.0104499079583562,0.09849611252587237,-0.19913759570604717,1,0,0,0
2009-07-01,GS,Financials,0.1075691034902357,0.0741417271477842,0.00015,0.1074191034902357,0.07399172714778421,0.0224748842855357,0.15753290759390054,-0.14597055463538722,0,1,0,0
2009-07-01,JNJ,Healthcare,0.0720074074352152,0.0741417271477842,0.00015,0.07185740743521521,0.07399172714778421,0.0388424962053559,0.06594248175537853,-0.0886489839224357,0,0,1,0
2009-07-01,JPM,Financials,0.1330988168334386,0.0741417271477842,0.00015,0.1329488168334386,0.07399172714778421,-0.0756099419254191,0.16347878437121474,0.027245529648706635,0,1,0,0
2009-07-01,KO,Consumer,0.0474205109529219,0.0741417271477842,0.00015,0.0472705109529219,0.07399172714778421,-0.0238001104032703,0.0754562296448971,-0.046117926739050796,0,0,0,1
2009-07-01,MCD,Consumer,-0.0343520424535387,0.0741417271477842,0.00015,-0.034502042453538696,0.07399172714778421,-0.0254283350959265,0.06350222696386446,0.05440762247313935,0,0,0,1
2009-07-01,MRK,Healthcare,0.088308485873976,0.0741417271477842,0.00015,0.088158485873976,0.07399172714778421,0.0137779099146884,0.10927882705195144,-0.21864316074860568,0,0,1,0
2009-07-01,MS,Financials,-0.0003510184667947,0.0741417271477842,0.00015,-0.0005010184667947,0.07399172714778421,-0.059696718350204,0.20685017955639917,-0.18004297085049037,0,1,0,0
2009-07-01,MSFT,Technology,-0.0105172937241886,0.0741417271477842,0.00015,-0.010667293724188601,0.07399172714778421,0.1450913947373362,0.10263439191427558,-0.1150547162561234,1,0,0,0
2009-07-01,NVDA,Technology,0.1452611236411101,0.0741417271477842,0.00015,0.1451111236411101,0.07399172714778421,0.082454375542591,0.17034555983242516,-0.39690189443648227,1,0,0,0
2009-07-01,PFE,Healthcare,0.0619999674588185,0.0741417271477842,0.00015,0.0618499674588185,0.07399172714778421,-0.0013190907014837,0.10150312441249972,-0.08239379081409615,0,0,1,0
2009-07-01,PG,Consumer,0.086300833308853,0.0741417271477842,0.00015,0.08615083330885301,0.07399172714778421,-0.0161726560486696,0.0673265877901738,-0.1356425565464292,0,0,0,1
2009-07-01,UNH,Healthcare,0.1232987035891033,0.0741417271477842,0.00015,0.1231487035891033,0.07399172714778421,-0.0609020207242031,0.15550617538320272,-0.04698898072272706,0,0,1,0
2009-07-01,WMT,Consumer,0.0297274523156891,0.0741417271477842,0.00015,0.0295774523156891,0.07399172714778421,-0.0208847946344757,0.05794200007642832,-0.12124291718044877,0,0,0,1
2009-08-01,AAPL,Technology,0.0294995226901557,0.0335601888685441,0.00014166666666666668,0.029357856023489032,0.03341852220187744,0.1471603512288692,0.14858883368088185,0.027933776034338553,1,0,0,0
2009-08-01,AMZN,Technology,-0.0532882191422535,0.0335601888685441,0.00014166666666666668,-0.05342988580892016,0.03341852220187744,0.0251016057545112,0.143018737521116,0.1233953904574352,1,0,0,0
2009-08-01,BAC,Financials,0.1893171103629107,0.0335601888685441,0.00014166666666666668,0.18917544369624403,0.03341852220187744,0.1214372211969621,0.35696842630979825,-0.5293178410836168,0,1,0,0
2009-08-01,C,Financials,0.5772873587015843,0.0335601888685441,0.00014166666666666668,0.5771456920349176,0.03341852220187744,0.0673398156969564,0.35710328647168726,-0.8248740245558747,0,1,0,0
2009-08-01,COST,Consumer,0.0298989882157303,0.0335601888685441,0.00014166666666666668,0.02975732154906363,0.03341852220187744,0.081258394254033,0.08148222360944346,-0.19991375749523388,0,0,0,1
2009-08-01,GOOGL,Technology,0.0420269232224421,0.0335601888685441,0.00014166666666666668,0.041885256555775435,0.03341852220187744,0.0509025670105038,0.09607779034288869,-0.06480210292950783,1,0,0,0
2009-08-01,GS,Financials,0.0132266381592747,0.0335601888685441,0.00014166666666666668,0.013084971492608033,0.03341852220187744,0.1075691034902357,0.16002250267006624,-0.10108001913815112,0,1,0,0
2009-08-01,JNJ,Healthcare,-0.0073907668818002,0.0335601888685441,0.00014166666666666668,-0.007532433548466866,0.03341852220187744,0.0720074074352152,0.06672882203417137,-0.08195414577015947,0,0,1,0
2009-08-01,JPM,Financials,0.1261007981851851,0.0335601888685441,0.00014166666666666668,0.12595913151851842,0.03341852220187744,0.1330988168334386,0.15926534776566442,-0.01708526073179062,0,1,0,0
2009-08-01,KO,Consumer,-0.0214682322831246,0.0335601888685441,0.00014166666666666668,-0.02160989894979127,0.03341852220187744,0.0474205109529219,0.0767462598543505,0.00182202743267168,0,0,0,1
2009-08-01,MCD,Consumer,0.02143128438123,0.0335601888685441,0.00014166666666666668,0.021289617714563336,0.03341852220187744,-0.0343520424535387,0.06103525572551067,-0.04880042041951804,0,0,0,1
2009-08-01,MRK,Healthcare,0.0806402604411,0.0335601888685441,0.00014166666666666668,0.08049859377443333,0.03341852220187744,0.088308485873976,0.10775810297158249,-0.035489584598150326,0,0,1,0
2009-08-01,MS,Financials,0.0179964212142191,0.0335601888685441,0.00014166666666666668,0.017854754547552434,0.03341852220187744,-0.0003510184667947,0.20496475181999121,-0.25112805535804195,0,1,0,0
2009-08-01,MSFT,Technology,0.0480443971487851,0.0335601888685441,0.00014166666666666668,0.04790273048211843,0.03341852220187744,-0.0105172937241886,0.10094068522660314,-0.0634211859149908,1,0,0,0
2009-08-01,NVDA,Technology,0.122970107628646,0.0335601888685441,0.00014166666666666668,0.12282844096197934,0.03341852220187744,0.1452611236411101,0.13250844651320248,0.1302443197607217,1,0,0,0
2009-08-01,PFE,Healthcare,0.0483367680444259,0.0335601888685441,0.00014166666666666668,0.04819510137775924,0.03341852220187744,0.0619999674588185,0.10109550481661353,-0.08813679944900743,0,0,1,0
2009-08-01,PG,Consumer,-0.0174289209212854,0.0335601888685441,0.00014166666666666668,-0.017570587587952068,0.03341852220187744,0.086300833308853,0.06848569064205502,-0.1280135196211355,0,0,0,1
2009-08-01,UNH,Healthcare,-0.0021385036287563,0.0335601888685441,0.00014166666666666668,-0.0022801702954229667,0.03341852220187744,0.1232987035891033,0.15819276016839035,0.0007493095227426583,0,0,1,0
2009-08-01,WMT,Consumer,0.0198477924400748,0.0335601888685441,0.00014166666666666668,0.019706125773408134,0.03341852220187744,0.0297274523156891,0.05697121323292971,-0.1324751274451299,0,0,0,1
2009-09-01,AAPL,Technology,0.101896396797789,0.0357233457231196,9.999999999999999e-05,0.101796396797789,0.0356233457231196,0.0294995226901557,0.1477687458446826,-0.007786096067761261,1,0,0,0
2009-09-01,AMZN,Technology,0.1498953002147558,0.0357233457231196,9.999999999999999e-05,0.14979530021475582,0.0356233457231196,-0.0532882191422535,0.14390384599799014,0.004702401344986562,1,0,0,0
2009-09-01,BAC,Financials,-0.0380896420395914,0.0357233457231196,9.999999999999999e-05,-0.0381896420395914,0.0356233457231196,0.1893171103629107,0.3605949109076559,-0.4085708056918046,0,1,0,0
2009-09-01,C,Financials,-0.0319999858768766,0.0357233457231196,9.999999999999999e-05,-0.032099985876876604,0.0356233457231196,0.5772873587015843,0.4032524889716832,-0.7327646839032037,0,1,0,0
2009-09-01,COST,Consumer,0.1100082712105454,0.0357233457231196,9.999999999999999e-05,0.1099082712105454,0.0356233457231196,0.0298989882157303,0.07844379250779661,-0.22981187514137602,0,0,0,1
2009-09-01,GOOGL,Technology,0.074035569005064,0.0357233457231196,9.999999999999999e-05,0.073935569005064,0.0356233457231196,0.0420269232224421,0.09658864282443592,-0.0034967127033423973,1,0,0,0
2009-09-01,GS,Financials,0.1165744449039496,0.0357233457231196,9.999999999999999e-05,0.11647444490394959,0.0356233457231196,0.0132266381592747,0.15616336700570946,0.020308684521309628,0,1,0,0
2009-09-01,JNJ,Healthcare,0.0156102638833965,0.0357233457231196,9.999999999999999e-05,0.0155102638833965,0.0356233457231196,-0.0073907668818002,0.06588488222305335,-0.1140989390880387,0,0,1,0
2009-09-01,JPM,Financials,0.0082831388548658,0.0357233457231196,9.999999999999999e-05,0.008183138854865801,0.0356233457231196,0.1261007981851851,0.16163247575781892,0.15546056963668642,0,1,0,0
2009-09-01,KO,Consumer,0.1010866347089638,0.0357233457231196,9.999999999999999e-05,0.1009866347089638,0.0356233457231196,-0.0214682322831246,0.07700584537149874,-0.0304169955063055,0,0,0,1
2009-09-01,MCD,Consumer,0.023712805568276,0.0357233457231196,9.999999999999999e-05,0.023612805568276,0.0356233457231196,0.02143128438123,0.060283371708379226,-0.06304750446799734,0,0,0,1
2009-09-01,MRK,Healthcare,-0.0246692945512421,0.0357233457231196,9.999999999999999e-05,-0.024769294551242098,0.0356233457231196,0.0806402604411,0.10751738372035621,-0.03865135904450856,0,0,1,0
2009-09-01,MS,Financials,0.0662978696286571,0.0357233457231196,9.999999999999999e-05,0.06619786962865709,0.0356233457231196,0.0179964212142191,0.20461653838560956,-0.2683115723419064,0,1,0,0
2009-09-01,MSFT,Technology,0.0492742040783484,0.0357233457231196,9.999999999999999e-05,0.049174204078348396,0.0356233457231196,0.0480443971487851,0.10028485942738558,-0.07489469292782314,1,0,0,0
2009-09-01,NVDA,Technology,0.0351239358216968,0.0357233457231196,9.999999999999999e-05,0.0350239358216968,0.0356233457231196,0.122970107628646,0.13367821444109754,0.14873454778927075,1,0,0,0
2009-09-01,PFE,Healthcare,0.0009842730652616,0.0357233457231196,9.999999999999999e-05,0.0008842730652616,0.0356233457231196,0.0483367680444259,0.10193313320125728,-0.06607073313654865,0,0,1,0
2009-09-01,PG,Consumer,0.0704119527204805,0.0357233457231196,9.999999999999999e-05,0.07031195272048049,0.0356233457231196,-0.0174289209212854,0.06351600577288707,-0.20089160611346157,0,0,0,1
2009-09-01,UNH,Healthcare,-0.1057140792977251,0.0357233457231196,9.999999999999999e-05,-0.1058140792977251,0.0356233457231196,-0.0021385036287563,0.15656796508076137,-0.07911525241550288,0,0,1,0
2009-09-01,WMT,Consumer,-0.0296974614932686,0.0357233457231196,9.999999999999999e-05,-0.0297974614932686,0.0356233457231196,0.0198477924400748,0.05742459680110483,-0.1219969055586041,0,0,0,1
2009-10-01,AAPL,Technology,0.0169948504281456,-0.0197620005268142,5.833333333333334e-05,0.016936517094812267,-0.019820333860147536,0.101896396797789,0.10333626448341862,0.6307405054013207,1,0,0,0
2009-10-01,AMZN,Technology,0.2726005786195953,-0.0197620005268142,5.833333333333334e-05,0.272542245286262,-0.019820333860147536,0.1498953002147558,0.14457716361396264,0.2831226516130483,1,0,0,0
2009-10-01,BAC,Financials,-0.1377737971197158,-0.0197620005268142,5.833333333333334e-05,-0.13783213045304912,-0.019820333860147536,-0.0380896420395914,0.35934258246260237,-0.49383996461726776,0,1,0,0
2009-10-01,C,Financials,-0.1549588685280865,-0.0197620005268142,5.833333333333334e-05,-0.15501720186141982,-0.019820333860147536,-0.0319999858768766,0.40184637708324283,-0.7604872770193303,0,1,0,0
2009-10-01,COST,Consumer,0.0083360736962465,-0.0197620005268142,5.833333333333334e-05,0.008277740362913167,-0.019820333860147536,0.1100082712105454,0.08660274162498592,-0.11922523892104286,0,0,0,1
2009-10-01,GOOGL,Technology,0.0812140068190729,-0.0197620005268142,5.833333333333334e-05,0.08115567348573957,-0.019820333860147536,0.074035569005064,0.08755718103902896,0.23801548697541297,1,0,0,0
2009-10-01,GS,Financials,-0.0769193384902936,-0.0197620005268142,5.833333333333334e-05,-0.07697767182362693,-0.019820333860147536,0.1165744449039496,0.13985321327055014,0.45939806973859154,0,1,0,0
2009-10-01,JNJ,Healthcare,-0.0302179605420646,-0.0197620005268142,5.833333333333334e-05,-0.030276293875397934,-0.019820333860147536,0.0156102638833965,0.06622753038344639,-0.091237695038908,0,0,1,0
2009-10-01,JPM,Financials,-0.0467822845225861,-0.0197620005268142,5.833333333333334e-05,-0.046840617855919434,-0.019820333860147536,0.0082831388548658,0.15026024210811834,-0.039784483152652594,0,1,0,0
2009-10-01,KO,Consumer,0.0008504356953484,-0.0197620005268142,5.833333333333334e-05,0.0007921023620150667,-0.019820333860147536,0.1010866347089638,0.08233143699166853,0.05124240356536691,0,0,0,1
2009-10-01,MCD,Consumer,0.0269842208968784,-0.0197620005268142,5.833333333333334e-05,0.026925887563545067,-0.019820333860147536,0.023712805568276,0.060799534850938794,-0.041988030834765655,0,0,0,1
2009-10-01,MRK,Healthcare,-0.0103001598031462,-0.0197620005268142,5.833333333333334e-05,-0.010358493136479534,-0.019820333860147536,-0.0246692945512421,0.10154839210609884,0.05973884303576482,0,0,1,0
2009-10-01,MS,Financials,0.0401554296497121,-0.0197620005268142,5.833333333333334e-05,0.04009709631637877,-0.019820333860147536,0.0662978696286571,0.15286431038870474,0.3850206496206079,0,1,0,0
2009-10-01,MSFT,Technology,0.0781492240980414,-0.0197620005268142,5.833333333333334e-05,0.07809089076470807,-0.019820333860147536,0.0492742040783484,0.10117402338390813,-0.011431700515553977,1,0,0,0
2009-10-01,NVDA,Technology,-0.2042579245809405,-0.0197620005268142,5.833333333333334e-05,-0.20431625791427382,-0.019820333860147536,0.0351239358216968,0.12212458193720739,0.4033612663977839,1,0,0,0
2009-10-01,PFE,Healthcare,0.0290031241414938,-0.0197620005268142,5.833333333333334e-05,0.028944790808160467,-0.019820333860147536,0.0009842730652616,0.10176906040407409,-0.046913148481055655,0,0,1,0
2009-10-01,PG,Consumer,0.0013809384639249,-0.0197620005268142,5.833333333333334e-05,0.0013226051305915666,-0.019820333860147536,0.0704119527204805,0.06828134590551527,-0.1436431765222772,0,0,0,1
2009-10-01,UNH,Healthcare,0.0363419974120922,-0.0197620005268142,5.833333333333334e-05,0.03628366407875887,-0.019820333860147536,-0.1057140792977251,0.15144708913469496,-0.012342595487446761,0,0,1,0
2009-10-01,WMT,Consumer,0.01201873488892,-0.0197620005268142,5.833333333333334e-05,0.011960401555586666,-0.019820333860147536,-0.0296974614932686,0.05702391589866143,-0.16311105415217853,0,0,0,1
2009-11-01,AAPL,Technology,0.0605306786023538,0.0573640614537276,4.1666666666666665e-05,0.060489011935687134,0.05732239478706093,0.0169948504281456,0.09906676679708576,0.7520216060418039,1,0,0,0
2009-11-01,AMZN,Technology,0.143927287327449,0.0573640614537276,4.1666666666666665e-05,0.14388562066078234,0.05732239478706093,0.2726005786195953,0.13773896956611645,1.0756463334437956,1,0,0,0
2009-11-01,BAC,Financials,0.0871052125359508,0.0573640614537276,4.1666666666666665e-05,0.08706354586928414,0.05732239478706093,-0.1377737971197158,0.35008506940706396,-0.38041985725339633,0,1,0,0
2009-11-01,C,Financials,0.0048897998663071,0.0573640614537276,4.1666666666666665e-05,0.004848133199640434,0.05732239478706093,-0.1549588685280865,0.3929775704229344,-0.6958838819115101,0,1,0,0
2009-11-01,COST,Consumer,0.057045521012899,0.0573640614537276,4.1666666666666665e-05,0.057003854346232334,0.05732239478706093,0.0083360736962465,0.07868436015527706,0.011496730886818796,0,0,0,1
2009-11-01,GOOGL,Technology,0.0874431845196412,0.0573640614537276,4.1666666666666665e-05,0.08740151785297454,0.05732239478706093,0.0812140068190729,0.07952844689475418,0.49187441257607434,1,0,0,0
2009-11-01,GS,Financials,-0.0029965071101908,0.0573640614537276,4.1666666666666665e-05,-0.0030381737768574667,0.05732239478706093,-0.0769193384902936,0.10621792810940169,0.8641529212084165,0,1,0,0
2009-11-01,JNJ,Healthcare,0.0641828712300192,0.0573640614537276,4.1666666666666665e-05,0.06414120456335254,0.05732239478706093,-0.0302179605420646,0.05753896294712156,-0.004620080029513307,0,0,1,0
2009-11-01,JPM,Financials,0.0184684151378624,0.0573640614537276,4.1666666666666665e-05,0.018426748471195735,0.05732239478706093,-0.0467822845225861,0.14632736684764439,0.03622453192808539,0,1,0,0
2009-11-01,KO,Consumer,0.0729693323491427,0.0573640614537276,4.1666666666666665e-05,0.07292766568247604,0.05732239478706093,0.0008504356953484,0.06334559470924173,0.25383687435374935,0,0,0,1
2009-11-01,MCD,Consumer,0.0791676769929643,0.0573640614537276,4.1666666666666665e-05,0.07912601032629764,0.05732239478706093,0.0269842208968784,0.05826353493997629,0.047891680691800165,0,0,0,1
2009-11-01,MRK,Healthcare,0.1707074553156256,0.0573640614537276,4.1666666666666665e-05,0.17066578864895893,0.05732239478706093,-0.0103001598031462,0.10157874373480744,0.05782662216967349,0,0,1,0
2009-11-01,MS,Financials,-0.0153684138950982,0.0573640614537276,4.1666666666666665e-05,-0.015410080561764867,0.05732239478706093,0.0401554296497121,0.12538210978678516,0.8966592887185101,0,1,0,0
2009-11-01,MSFT,Technology,0.0605844758322116,0.0573640614537276,4.1666666666666665e-05,0.06054280916554493,0.05732239478706093,0.0781492240980414,0.08807851143680066,0.27392967737310703,1,0,0,0
2009-11-01,NVDA,Technology,0.0919728447980285,0.0573640614537276,4.1666666666666665e-05,0.09193117813136184,0.05732239478706093,-0.2042579245809405,0.1258308893477628,0.3652969990836785,1,0,0,0
2009-11-01,PFE,Healthcare,0.066940613538047,0.0573640614537276,4.1666666666666665e-05,0.06689894687138034,0.05732239478706093,0.0290031241414938,0.10121312857568704,0.021154087746001915,0,0,1,0
2009-11-01,PG,Consumer,0.0831989782523432,0.0573640614537276,4.1666666666666665e-05,0.08315731158567653,0.05732239478706093,0.0013809384639249,0.06533766124552069,-0.07403263578762154,0,0,0,1
2009-11-01,UNH,Healthcare,0.1048167481502293,0.0573640614537276,4.1666666666666665e-05,0.10477508148356264,0.05732239478706093,0.0363419974120922,0.1496770411564788,0.0951522890408667,0,0,1,0
2009-11-01,WMT,Consumer,0.0980271315507959,0.0573640614537276,4.1666666666666665e-05,0.09798546488412924,0.05732239478706093,0.01201873488892,0.05464215613388584,-0.09113624386894237,0,0,0,1
2009-12-01,AAPL,Technology,0.0541240089085581,0.0177705709193383,4.1666666666666665e-05,0.05408234224189143,0.017728904252671634,0.0605306786023538,0.07878031861686736,1.157224532157528,1,0,0,0
2009-12-01,AMZN,Technology,-0.0102273521464444,0.0177705709193383,4.1666666666666665e-05,-0.010269018813111068,0.017728904252671634,0.143927287327449,0.09272797113528956,2.1829039025715606,1,0,0,0
2009-12-01,BAC,Financials,-0.0498420985105979,0.0177705709193383,4.1666666666666665e-05,-0.04988376517726457,0.017728904252671634,0.0871052125359508,0.33282411298708225,0.0018264259376541414,0,1,0,0
2009-12-01,C,Financials,-0.1946470648541193,0.0177705709193383,4.1666666666666665e-05,-0.19468873152078597,0.017728904252671634,0.0048897998663071,0.3759124754255239,-0.5030416661330133,0,1,0,0
2009-12-01,COST,Consumer,-0.0123520661411334,0.0177705709193383,4.1666666666666665e-05,-0.012393732807800067,0.017728904252671634,0.057045521012899,0.07307872765703229,0.18428177582387262,0,0,0,1
2009-12-01,GOOGL,Technology,0.0634304664262657,0.0177705709193383,4.1666666666666665e-05,0.06338879975959903,0.017728904252671634,0.0874431845196412,0.03903689036768814,0.9900329276385273,1,0,0,0
2009-12-01,GS,Financials,-0.0027071139279194,0.0177705709193383,4.1666666666666665e-05,-0.0027487805945860667,0.017728904252671634,-0.0029965071101908,0.08816437559688903,1.1698257090726583,0,1,0,0
2009-12-01,JNJ,Healthcare,0.0330925883246491,0.0177705709193383,4.1666666666666665e-05,0.03305092165798243,0.017728904252671634,0.0641828712300192,0.05820053426339255,0.10917285280769051,0,0,1,0
2009-12-01,JPM,Financials,-0.0192985079790284,0.0177705709193383,4.1666666666666665e-05,-0.019340174645695065,0.017728904252671634,0.0184684151378624,0.12548159139698464,0.3645089898220135,0,1,0,0
2009-12-01,KO,Consumer,0.0035841901385158,0.0177705709193383,4.1666666666666665e-05,0.0035425234718491332,0.017728904252671634,0.0729693323491427,0.06396522477955333,0.26467263400543706,0,0,0,1
2009-12-01,MCD,Consumer,-0.0043092456694244,0.0177705709193383,4.1666666666666665e-05,-0.004350912336091067,0.017728904252671634,0.0791676769929643,0.062045053791429515,0.11506630603299595,0,0,0,1
2009-12-01,MRK,Healthcare,0.0091140729880467,0.0177705709193383,4.1666666666666665e-05,0.009072406321380034,0.017728904252671634,0.1707074553156256,0.10012049893863086,0.43445527378886784,0,0,1,0
2009-12-01,MS,Financials,-0.0626978184444264,0.0177705709193383,4.1666666666666665e-05,-0.06273948511109306,0.017728904252671634,-0.0153684138950982,0.1106724345351383,1.1846727234855767,0,1,0,0
2009-12-01,MSFT,Technology,0.040963214923559,0.0177705709193383,4.1666666666666665e-05,0.04092154825689233,0.017728904252671634,0.0605844758322116,0.08014821364189426,0.49210116703560414,1,0,0,0
2009-12-01,NVDA,Technology,0.430321998388782,0.0177705709193383,4.1666666666666665e-05,0.43028033172211533,0.017728904252671634,0.0919728447980285,0.11282606247127609,0.7483262904154513,1,0,0,0
2009-12-01,PFE,Healthcare,0.0106744883894271,0.0177705709193383,4.1666666666666665e-05,0.010632821722760432,0.017728904252671634,0.066940613538047,0.09930925557729757,0.17439046927423796,0,0,1,0
2009-12-01,PG,Consumer,-0.0275860454628553,0.0177705709193383,4.1666666666666665e-05,-0.027627712129521965,0.017728904252671634,0.0831989782523432,0.07009004398428938,-0.00042274343906001377,0,0,0,1
2009-12-01,UNH,Healthcare,0.06313249785642,0.0177705709193383,4.1666666666666665e-05,0.06309083118975334,0.017728904252671634,0.1048167481502293,0.1452692538581256,0.3665844470292876,0,0,1,0
2009-12-01,WMT,Consumer,-0.0201647202280514,0.0177705709193383,4.1666666666666665e-05,-0.020206386894718067,0.017728904252671634,0.0980271315507959,0.06246555820298192,-0.0032930464052407515,0,0,0,1
2010-01-01,AAPL,Technology,-0.0885964603957308,-0.0369742456922621,4.9999999999999996e-05,-0.08864646039573079,-0.0370242456922621,0.0541240089085581,0.06407073221996049,1.4690094125834618,1,0,0,0
2010-01-01,AMZN,Technology,-0.0677222212927151,-0.0369742456922621,4.9999999999999996e-05,-0.0677722212927151,-0.0370242456922621,-0.0102273521464444,0.09288416554384066,1.62324497556535,1,0,0,0
2010-01-01,BAC,Financials,0.008602364019024,-0.0369742456922621,4.9999999999999996e-05,0.008552364019024001,-0.0370242456922621,-0.0498420985105979,0.32941226305383764,0.09859861340227827,0,1,0,0
2010-01-01,C,Financials,0.0030211963761956,-0.0369742456922621,4.9999999999999996e-05,0.0029711963761956,-0.0370242456922621,-0.1946470648541193,0.3761122135988135,-0.5055319396817755,0,1,0,0
2010-01-01,COST,Consumer,-0.0294065076720273,-0.0369742456922621,4.9999999999999996e-05,-0.0294565076720273,-0.0370242456922621,-0.0123520661411334,0.07351130894314817,0.14319644971301626,0,0,0,1
2010-01-01,GOOGL,Technology,-0.1452305087003451,-0.0369742456922621,4.9999999999999996e-05,-0.1452805087003451,-0.0370242456922621,0.0634304664262657,0.03893017831186776,1.0152119888357611,1,0,0,0
2010-01-01,GS,Financials,-0.1191661456195045,-0.0369742456922621,4.9999999999999996e-05,-0.1192161456195045,-0.0370242456922621,-0.0027071139279194,0.09064037916731112,1.0254833241069874,0,1,0,0
2010-01-01,JNJ,Healthcare,-0.0240649702834108,-0.0369742456922621,4.9999999999999996e-05,-0.0241149702834108,-0.0370242456922621,0.0330925883246491,0.05830777230115997,0.11269099454712572,0,0,1,0
2010-01-01,JPM,Financials,-0.0655147678680301,-0.0369742456922621,4.9999999999999996e-05,-0.06556476786803009,-0.0370242456922621,-0.0192985079790284,0.12596948415187004,0.3436930859829175,0,1,0,0
2010-01-01,KO,Consumer,-0.0482456696308652,-0.0369742456922621,4.9999999999999996e-05,-0.0482956696308652,-0.0370242456922621,0.0035841901385158,0.0625248195023162,0.3029831279207553,0,0,0,1
2010-01-01,MCD,Consumer,-0.0001599839307582,-0.0369742456922621,4.9999999999999996e-05,-0.0002099839307582,-0.0370242456922621,-0.0043092456694244,0.059455212063906936,0.039617401489752346,0,0,0,1
2010-01-01,MRK,Healthcare,0.055567224245643,-0.0369742456922621,4.9999999999999996e-05,0.055517224245642996,-0.0370242456922621,0.0091140729880467,0.09488147470861574,0.2723025755827011,0,0,1,0
2010-01-01,MS,Financials,-0.0952700659153794,-0.0369742456922621,4.9999999999999996e-05,-0.09532006591537939,-0.0370242456922621,-0.0626978184444264,0.11709963958939588,0.8830141784074366,0,1,0,0
2010-01-01,MSFT,Technology,-0.0754592122867946,-0.0369742456922621,4.9999999999999996e-05,-0.0755092122867946,-0.0370242456922621,0.040963214923559,0.0771590335080381,0.6046712330514248,1,0,0,0
2010-01-01,NVDA,Technology,-0.1761243222803299,-0.0369742456922621,4.9999999999999996e-05,-0.1761743222803299,-0.0370242456922621,0.430321998388782,0.156950763696109,1.3147464440905203,1,0,0,0
2010-01-01,PFE,Healthcare,0.0258385834688767,-0.0369742456922621,4.9999999999999996e-05,0.025788583468876698,-0.0370242456922621,0.0106744883894271,0.0961622691601499,0.08200067719345827,0,0,1,0
2010-01-01,PG,Consumer,0.015174054313193,-0.0369742456922621,4.9999999999999996e-05,0.015124054313193,-0.0370242456922621,-0.0275860454628553,0.06953707475056879,0.011782231727398118,0,0,0,1
2010-01-01,UNH,Healthcare,0.0826767653047209,-0.0369742456922621,4.9999999999999996e-05,0.0826267653047209,-0.0370242456922621,0.06313249785642,0.1267942138558851,0.14754114024124387,0,0,1,0
2010-01-01,WMT,Consumer,0.0046661933829879,-0.0369742456922621,4.9999999999999996e-05,0.0046161933829879,-0.0370242456922621,-0.0201647202280514,0.06277450682835288,-0.026527155401959046,0,0,0,1
2010-02-01,AAPL,Technology,0.0653962230381552,0.028513689046546,9.166666666666667e-05,0.06530455637148853,0.028422022379879334,-0.0885964603957308,0.08047759962634653,1.1309216369516881,1,0,0,0
2010-02-01,AMZN,Technology,-0.0558966743603439,0.028513689046546,9.166666666666667e-05,-0.055988341027010564,0.028422022379879334,-0.0677222212927151,0.1006917394621225,1.1320979991971116,1,0,0,0
2010-02-01,BAC,Financials,0.0974966702678377,0.028513689046546,9.166666666666667e-05,0.09740500360117103,0.028422022379879334,0.008602364019024,0.2753128750629853,1.3182242560896205,0,1,0,0
2010-02-01,C,Financials,0.0240963007495089,0.028513689046546,9.166666666666667e-05,0.024004634082842233,0.028422022379879334,0.0030211963761956,0.344467946913843,-0.06256176445729023,0,1,0,0
2010-02-01,COST,Consumer,0.0616403190584504,0.028513689046546,9.166666666666667e-05,0.06154865239178374,0.028422022379879334,-0.0294065076720273,0.05712691941870024,0.29364633523163164,0,0,0,1
2010-02-01,GOOGL,Technology,-0.0059251693716532,0.028513689046546,9.166666666666667e-05,-0.006016836038319867,0.028422022379879334,-0.1452305087003451,0.06909760305235782,0.565415234647479,1,0,0,0
2010-02-01,GS,Financials,0.0513046444009368,0.028513689046546,9.166666666666667e-05,0.05121297773427014,0.028422022379879334,-0.1191661456195045,0.10087553423377559,0.8649997561911142,0,1,0,0
2010-02-01,JNJ,Healthcare,0.0022274505368022,0.028513689046546,9.166666666666667e-05,0.0021357838701355335,0.028422022379879334,-0.0240649702834108,0.05755549152462005,0.1261960655692025,0,0,1,0
2010-02-01,JPM,Financials,0.0791068640273586,0.028513689046546,9.166666666666667e-05,0.07901519736069193,0.028422022379879334,-0.0655147678680301,0.1099722337147701,0.5519800173241929,0,1,0,0
2010-02-01,KO,Consumer,-0.0282025637093968,0.028513689046546,9.166666666666667e-05,-0.02829423037606347,0.028422022379879334,-0.0482456696308652,0.061617453961379576,0.3141441305701027,0,0,0,1
2010-02-01,MCD,Consumer,0.0227452924066429,0.028513689046546,9.166666666666667e-05,0.022653625739976233,0.028422022379879334,-0.0001599839307582,0.055074357869952205,0.11415814877259045,0,0,0,1
2010-02-01,MRK,Healthcare,-0.0340491993056133,0.028513689046546,9.166666666666667e-05,-0.034140865972279964,0.028422022379879334,0.055567224245643,0.09243401483861115,0.40965714111020257,0,0,1,0
2010-02-01,MS,Financials,0.0542063249857029,0.028513689046546,9.166666666666667e-05,0.05411465831903624,0.028422022379879334,-0.0952700659153794,0.10603687527711508,0.35076844786024264,0,1,0,0
2010-02-01,MSFT,Technology,0.0173877327491784,0.028513689046546,9.166666666666667e-05,0.017296066082511732,0.028422022379879334,-0.0754592122867946,0.06919757384339117,0.6866016714395453,1,0,0,0
2010-02-01,NVDA,Technology,0.0526313073746138,0.028513689046546,9.166666666666667e-05,0.05253964070794714,0.028422022379879334,-0.1761243222803299,0.17223638230829275,0.9358489543372357,1,0,0,0
2010-02-01,PFE,Healthcare,-0.0594856714578827,0.028513689046546,9.166666666666667e-05,-0.059577338124549364,0.028422022379879334,0.0258385834688767,0.07583759019220725,0.34824136719280063,0,0,1,0
2010-02-01,PG,Consumer,0.0354890490997095,0.028513689046546,9.166666666666667e-05,0.035397382433042836,0.028422022379879334,0.015174054313193,0.05803336466233538,0.1650918416412892,0,0,0,1
2010-02-01,UNH,Healthcare,0.0260607811372683,0.028513689046546,9.166666666666667e-05,0.025969114470601632,0.028422022379879334,0.0826767653047209,0.1274653543801121,0.1665464693968166,0,0,1,0
2010-02-01,WMT,Consumer,0.0119784136465632,0.028513689046546,9.166666666666667e-05,0.011886746979896534,0.028422022379879334,0.0046661933829879,0.039368373215811825,0.15855984769103326,0,0,0,1
2010-03-01,AAPL,Technology,0.1484700645787373,0.0587964255454973,0.000125,0.1483450645787373,0.0586714255454973,0.0653962230381552,0.07678815290182106,1.2911204444098447,1,0,0,0
2010-03-01,AMZN,Technology,0.1467060379504379,0.0587964255454973,0.000125,0.14658103795043792,0.0586714255454973,-0.0558966743603439,0.1062315085153933,0.8274425042877815,1,0,0,0
2010-03-01,BAC,Financials,0.0714284914914442,0.0587964255454973,0.000125,0.0713034914914442,0.0586714255454973,0.0974966702678377,0.225431186087198,3.2382589020643104,0,1,0,0
2010-03-01,C,Financials,0.1911762527441061,0.0587964255454973,0.000125,0.19105125274410611,0.0586714255454973,0.0240963007495089,0.28331337562775893,1.2666664128196437,0,1,0,0
2010-03-01,COST,Consumer,-0.0176565447951607,0.0587964255454973,0.000125,-0.0177815447951607,0.0586714255454973,0.0616403190584504,0.0515945918699747,0.46064254056411347,0,0,0,1
2010-03-01,GOOGL,Technology,0.0765377056167426,0.0587964255454973,0.000125,0.0764127056167426,0.0586714255454973,-0.0059251693716532,0.06934722527086239,0.5586262046246668,1,0,0,0
2010-03-01,GS,Financials,0.0937803324980304,0.0587964255454973,0.000125,0.0936553324980304,0.0586714255454973,0.0513046444009368,0.09840955994539662,0.7378773171117128,0,1,0,0
2010-03-01,JNJ,Healthcare,0.0428388472430711,0.0587964255454973,0.000125,0.0427138472430711,0.0586714255454973,0.0022274505368022,0.035699243401534096,0.3022986452589165,0,0,1,0
2010-03-01,JPM,Financials,0.066237395040877,0.0587964255454973,0.000125,0.066112395040877,0.0586714255454973,0.0791068640273586,0.101547362930216,0.8471785903289737,0,1,0,0
2010-03-01,KO,Consumer,0.0432474381360565,0.0587964255454973,0.000125,0.0431224381360565,0.0586714255454973,-0.0282025637093968,0.06019199816102835,0.33554354704603817,0,0,0,1
2010-03-01,MCD,Consumer,0.0538306621500919,0.0587964255454973,0.000125,0.0537056621500919,0.0586714255454973,0.0227452924066429,0.0428507455132468,0.2653356190106113,0,0,0,1
2010-03-01,MRK,Healthcare,0.0127440058157173,0.0587964255454973,0.000125,0.0126190058157173,0.0586714255454973,-0.0340491993056133,0.07565917474959616,0.6064207520832863,0,0,1,0
2010-03-01,MS,Financials,0.0393899777843502,0.0587964255454973,0.000125,0.0392649777843502,0.0586714255454973,0.0542063249857029,0.10497565342883675,0.45415912408513237,0,1,0,0
2010-03-01,MSFT,Technology,0.0264032644068508,0.0587964255454973,0.000125,0.0262782644068508,0.0586714255454973,0.0173877327491784,0.062259021491669835,0.8168649551208005,1,0,0,0
2010-03-01,NVDA,Technology,0.0740743002693387,0.0587964255454973,0.000125,0.0739493002693387,0.0586714255454973,0.0526313073746138,0.1721024865669828,0.9565208709818722,1,0,0,0
2010-03-01,PFE,Healthcare,-0.0135633921265569,0.0587964255454973,0.000125,-0.0136883921265569,0.0586714255454973,-0.0594856714578827,0.05754235231785912,0.5018707244530969,0,0,1,0
2010-03-01,PG,Consumer,-0.0001579771962091,0.0587964255454973,0.000125,-0.0002829771962091,0.0586714255454973,0.0354890490997095,0.04293193342886006,0.3554704507993105,0,0,0,1
2010-03-01,UNH,Healthcare,-0.0351448294049048,0.0587964255454973,0.000125,-0.0352698294049048,0.0586714255454973,0.0260607811372683,0.07513506458606836,0.7256763164424582,0,0,1,0
2010-03-01,WMT,Consumer,0.0282973327924453,0.0587964255454973,0.000125,0.028172332792445298,0.0586714255454973,0.0119784136465632,0.03806362825129717,0.12195906826768699,0,0,0,1
2010-04-01,AAPL,Technology,0.1110215103324752,0.0147592304820129,0.00013333333333333334,0.11088817699914187,0.014625897148679567,0.1484700645787373,0.0736884752977424,1.2355404523663127,1,0,0,0
2010-04-01,AMZN,Technology,0.0097960062700734,0.0147592304820129,0.00013333333333333334,0.009662672936740068,0.014625897148679567,0.1467060379504379,0.10716772257313135,0.8487200324332389,1,0,0,0
2010-04-01,BAC,Financials,-0.0005131338663825,0.0147592304820129,0.00013333333333333334,-0.0006464671997158332,0.014625897148679567,0.0714284914914442,0.13198799502906491,1.6300451423984552,0,1,0,0
2010-04-01,C,Financials,0.0790126014571079,0.0147592304820129,0.00013333333333333334,0.07887926812377456,0.014625897148679567,0.1911762527441061,0.21889071104728997,0.6007905061277155,0,1,0,0
2010-04-01,COST,Consumer,-0.010551061055106,0.0147592304820129,0.00013333333333333334,-0.010684394388439333,0.014625897148679567,-0.0176565447951607,0.04914731668535965,0.3067926080327845,0,0,0,1
2010-04-01,GOOGL,Technology,-0.0730357245151871,0.0147592304820129,0.00013333333333333334,-0.07316905784852043,0.014625897148679567,0.0765377056167426,0.07003389691678771,0.6293747735567288,1,0,0,0
2010-04-01,GS,Financials,-0.1490358508959367,0.0147592304820129,0.00013333333333333334,-0.14916918422927006,0.014625897148679567,0.0937803324980304,0.0922834549262672,0.6241264975314589,0,1,0,0
2010-04-01,JNJ,Healthcare,-0.0138034422220717,0.0147592304820129,0.00013333333333333334,-0.013936775555405033,0.014625897148679567,0.0428388472430711,0.03431996999067905,0.2803406325653601,0,0,1,0
2010-04-01,JPM,Financials,-0.0484913968480728,0.0147592304820129,0.00013333333333333334,-0.04862473018140613,0.014625897148679567,0.066237395040877,0.09602356078062632,0.6931448010558738,0,1,0,0
2010-04-01,KO,Consumer,-0.0202281183616455,0.0147592304820129,0.00013333333333333334,-0.020361451694978834,0.014625897148679567,0.0432474381360565,0.058444380224074555,0.29502599948222996,0,0,0,1
2010-04-01,MCD,Consumer,0.0580036243269688,0.0147592304820129,0.00013333333333333334,0.05787029099363547,0.014625897148679567,0.0538306621500919,0.042830958914860426,0.2650001483527453,0,0,0,1
2010-04-01,MRK,Healthcare,-0.0520238443389646,0.0147592304820129,0.00013333333333333334,-0.05215717767229793,0.014625897148679567,0.0127440058157173,0.07338613171127562,0.47180586198685504,0,0,1,0
2010-04-01,MS,Financials,0.0317510616729022,0.0147592304820129,0.00013333333333333334,0.03161772833956887,0.014625897148679567,0.0393899777843502,0.09688870180225255,0.2970357754890516,0,1,0,0
2010-04-01,MSFT,Technology,0.0426765014888135,0.0147592304820129,0.00013333333333333334,0.04254316815548017,0.014625897148679567,0.0264032644068508,0.05526131810122322,0.6283071304876746,1,0,0,0
2010-04-01,NVDA,Technology,-0.0971260233540762,0.0147592304820129,0.00013333333333333334,-0.09725935668740954,0.014625897148679567,0.0740743002693387,0.16792126141305116,0.7647058823529411,1,0,0,0
2010-04-01,PFE,Healthcare,-0.0250728900593132,0.0147592304820129,0.00013333333333333334,-0.025206223392646533,0.014625897148679567,-0.0135633921265569,0.05068462018449201,0.3108169525632538,0,0,1,0
2010-04-01,PG,Consumer,-0.0175438443905852,0.0147592304820129,0.00013333333333333334,-0.01767717772391853,0.014625897148679567,-0.0001579771962091,0.041066658595751884,0.38633880279240906,0,0,0,1
2010-04-01,UNH,Healthcare,-0.0722374085879872,0.0147592304820129,0.00013333333333333334,-0.07237074192132054,0.014625897148679567,-0.0351448294049048,0.07868085098825317,0.5632004396986989,0,0,1,0
2010-04-01,WMT,Consumer,-0.0298143099608847,0.0147592304820129,0.00013333333333333334,-0.02994764329421803,0.014625897148679567,0.0282973327924453,0.03555113201912409,0.09037566883373715,0,0,0,1
2010-05-01,AAPL,Technology,-0.0161250617487992,-0.0819758420731905,0.00013333333333333334,-0.016258395082132532,-0.08210917540652383,0.1110215103324752,0.06393078513275817,1.0749426007902536,1,0,0,0
2010-05-01,AMZN,Technology,-0.0849015687768559,-0.0819758420731905,0.00013333333333333334,-0.08503490211018923,-0.08210917540652383,0.0097960062700734,0.10721834515976272,0.7026825583959713,1,0,0,0
2010-05-01,BAC,Financials,-0.1172180317340706,-0.0819758420731905,0.00013333333333333334,-0.11735136506740393,-0.08210917540652383,-0.0005131338663825,0.11391569783726384,1.002081391589237,0,1,0,0
2010-05-01,C,Financials,-0.0938218214797605,-0.0819758420731905,0.00013333333333333334,-0.09395515481309383,-0.08210917540652383,0.0790126014571079,0.21419548534624286,0.4327865503472472,0,1,0,0
2010-05-01,COST,Consumer,-0.0140487304022712,-0.0819758420731905,0.00013333333333333334,-0.014182063735604532,-0.08210917540652383,-0.010551061055106,0.04934587900612747,0.2323449241646467,0,0,0,1
2010-05-01,GOOGL,Technology,-0.0762221851674703,-0.0819758420731905,0.00013333333333333334,-0.07635551850080363,-0.08210917540652383,-0.0730357245151871,0.0707865454472361,0.32762582504125115,1,0,0,0
2010-05-01,GS,Financials,-0.0064739401345155,-0.0819758420731905,0.00013333333333333334,-0.006607273467848834,-0.08210917540652383,-0.1490358508959367,0.09173950361693962,0.14029146302893025,0,1,0,0
2010-05-01,JNJ,Healthcare,-0.0933123577848861,-0.0819758420731905,0.00013333333333333334,-0.09344569111821943,-0.08210917540652383,-0.0138034422220717,0.03504982669011747,0.2684552696595246,0,0,1,0
2010-05-01,JPM,Financials,-0.0694162217591959,-0.0819758420731905,0.00013333333333333334,-0.06954955509252923,-0.08210917540652383,-0.0484913968480728,0.07789540351410053,0.29762117296890644,0,1,0,0
2010-05-01,KO,Consumer,-0.0383536198197639,-0.0819758420731905,0.00013333333333333334,-0.038486953153097234,-0.08210917540652383,-0.0202281183616455,0.05903951650335613,0.2817939131566676,0,0,0,1
2010-05-01,MCD,Consumer,-0.0526984442085899,-0.0819758420731905,0.00013333333333333334,-0.05283177754192323,-0.08210917540652383,0.0580036243269688,0.0416538574253652,0.3705218985923131,0,0,0,1
2010-05-01,MRK,Healthcare,-0.0385275656120166,-0.0819758420731905,0.00013333333333333334,-0.03866089894534993,-0.08210917540652383,-0.0520238443389646,0.06995828828549984,0.5143279872026933,0,0,1,0
2010-05-01,MS,Financials,-0.101411076635995,-0.0819758420731905,0.00013333333333333334,-0.10154440996932833,-0.08210917540652383,0.0317510616729022,0.09683139281164957,0.28896947942119255,0,1,0,0
2010-05-01,MSFT,Technology,-0.1552065153284522,-0.0819758420731905,0.00013333333333333334,-0.15533984866178555,-0.08210917540652383,0.0426765014888135,0.05194641304546055,0.5394152269722858,1,0,0,0
2010-05-01,NVDA,Technology,-0.1635902544218739,-0.0819758420731905,0.00013333333333333334,-0.16372358775520723,-0.08210917540652383,-0.0971260233540762,0.1701882078027526,0.3684673489919801,1,0,0,0
2010-05-01,PFE,Healthcare,-0.0891145755536606,-0.0819758420731905,0.00013333333333333334,-0.08924790888699394,-0.08210917540652383,-0.0250728900593132,0.051173477960079594,0.30282155319715165,0,0,1,0
2010-05-01,PG,Consumer,-0.0096499091076039,-0.0819758420731905,0.00013333333333333334,-0.009783242440937232,-0.08210917540652383,-0.0175438443905852,0.04244057690387717,0.29727687028905425,0,0,0,1
2010-05-01,UNH,Healthcare,-0.0400291346228492,-0.0819758420731905,0.00013333333333333334,-0.04016246795618253,-0.08210917540652383,-0.0722374085879872,0.08002128690693021,0.28869065982997344,0,0,1,0
2010-05-01,WMT,Consumer,-0.0574200311709377,-0.0819758420731905,0.00013333333333333334,-0.05755336450427103,-0.08210917540652383,-0.0298143099608847,0.035794675619144276,0.08741500320826456,0,0,0,1
2010-06-01,AAPL,Technology,-0.0208265782319645,-0.0538824422398385,9.999999999999999e-05,-0.0209265782319645,-0.0539824422398385,-0.0161250617487992,0.0677491082536112,0.891465715478029,1,0,0,0
2010-06-01,AMZN,Technology,-0.129124816406665,-0.0538824422398385,9.999999999999999e-05,-0.129224816406665,-0.0539824422398385,-0.0849015687768559,0.11192676891744839,0.6086677613317162,1,0,0,0
2010-06-01,BAC,Financials,-0.0870396390856297,-0.0538824422398385,9.999999999999999e-05,-0.0871396390856297,-0.0539824422398385,-0.1172180317340706,0.10672536528973316,0.40043477717863074,0,1,0,0
2010-06-01,C,Financials,-0.0505045637740091,-0.0538824422398385,9.999999999999999e-05,-0.050604563774009105,-0.0539824422398385,-0.0938218214797605,0.21052082150107662,0.06451546715949075,0,1,0,0
2010-06-01,COST,Consumer,-0.0554790447390849,-0.0538824422398385,9.999999999999999e-05,-0.055579044739084905,-0.0539824422398385,-0.0140487304022712,0.049935866481675376,0.21703553741083548,0,0,0,1
2010-06-01,GOOGL,Technology,-0.0837674752255103,-0.0538824422398385,9.999999999999999e-05,-0.0838674752255103,-0.0539824422398385,-0.0762221851674703,0.07596104010473329,0.163938529064233,1,0,0,0
2010-06-01,GS,Financials,-0.0877695155346758,-0.0538824422398385,9.999999999999999e-05,-0.0878695155346758,-0.0539824422398385,-0.0064739401345155,0.08499502313293845,0.006978123466007569,0,1,0,0
2010-06-01,JNJ,Healthcare,0.0222888250971287,-0.0538824422398385,9.999999999999999e-05,0.0221888250971287,-0.0539824422398385,-0.0933123577848861,0.04632222845785552,0.09171207067873643,0,0,1,0
2010-06-01,JPM,Financials,-0.075037444435084,-0.0538824422398385,9.999999999999999e-05,-0.07513744443508401,-0.0539824422398385,-0.0694162217591959,0.07596184494447365,0.0779989402672574,0,1,0,0
2010-06-01,KO,Consumer,-0.0249023522747773,-0.0538824422398385,9.999999999999999e-05,-0.0250023522747773,-0.0539824422398385,-0.0383536198197639,0.04771903693624185,0.07943093893296216,0,0,0,1
2010-06-01,MCD,Consumer,-0.0066782703353407,-0.0538824422398385,9.999999999999999e-05,-0.0067782703353407,-0.0539824422398385,-0.0526984442085899,0.03935978271170631,0.1728468673181125,0,0,0,1
2010-06-01,MRK,Healthcare,0.0379932386649128,-0.0538824422398385,9.999999999999999e-05,0.037893238664912794,-0.0539824422398385,-0.0385275656120166,0.06529444395502071,0.2796607899964434,0,0,1,0
2010-06-01,MS,Financials,-0.1438582940851456,-0.0538824422398385,9.999999999999999e-05,-0.1439582940851456,-0.0539824422398385,-0.101411076635995,0.059021818526030514,-0.09977516150259746,0,1,0,0
2010-06-01,MSFT,Technology,-0.10411522609325,-0.0538824422398385,9.999999999999999e-05,-0.10421522609325,-0.0539824422398385,-0.1552065153284522,0.07627690433139354,0.26126777021140213,1,0,0,0
2010-06-01,NVDA,Technology,-0.2229832751744715,-0.0538824422398385,9.999999999999999e-05,-0.2230832751744715,-0.0539824422398385,-0.1635902544218739,0.1763691527079164,0.2598277051140223,1,0,0,0
2010-06-01,PFE,Healthcare,-0.0538226167183643,-0.0538824422398385,9.999999999999999e-05,-0.053922616718364305,-0.0539824422398385,-0.0891145755536606,0.04702552091899343,0.043751455227930336,0,0,1,0
2010-06-01,PG,Consumer,-0.0181699772514002,-0.0538824422398385,9.999999999999999e-05,-0.0182699772514002,-0.0539824422398385,-0.0096499091076039,0.04166798946867622,0.2124448768927305,0,0,0,1
2010-06-01,UNH,Healthcare,-0.0230479115420858,-0.0538824422398385,9.999999999999999e-05,-0.0231479115420858,-0.0539824422398385,-0.0400291346228492,0.07431614477597931,0.09386192738405352,0,0,1,0
2010-06-01,WMT,Consumer,-0.0437247933334042,-0.0538824422398385,9.999999999999999e-05,-0.0438247933334042,-0.0539824422398385,-0.0574200311709377,0.04014437690294225,0.03857563001725994,0,0,0,1
2010-07-01,AAPL,Technology,0.022740973135243,0.0687778495746351,0.00013333333333333334,0.022607639801909666,0.06864451624130177,-0.0208265782319645,0.0713622116315265,0.7659900863757121,1,0,0,0
2010-07-01,AMZN,Technology,0.0789859000914832,0.0687778495746351,0.00013333333333333334,0.07885256675814986,0.06864451624130177,-0.129124816406665,0.12219715308841994,0.30600040787074323,1,0,0,0
2010-07-01,BAC,Financials,-0.0223311524711803,0.0687778495746351,0.00013333333333333334,-0.022464485804513632,0.06864451624130177,-0.0870396390856297,0.10239846103527375,0.09160286038599819,0,1,0,0
2010-07-01,C,Financials,0.0904256498087574,0.0687778495746351,0.00013333333333333334,0.09029231647542407,0.06864451624130177,-0.0505045637740091,0.20016241200527504,0.2659931679848966,0,1,0,0
2010-07-01,COST,Consumer,0.0342879245248004,0.0687778495746351,0.00013333333333333334,0.03415459119146707,0.06864451624130177,-0.0554790447390849,0.05027937735254018,0.213640507217429,0,0,0,1
2010-07-01,GOOGL,Technology,0.0896728911881568,0.0687778495746351,0.00013333333333333334,0.08953955785482347,0.06864451624130177,-0.0837674752255103,0.08121453060735351,0.05540940601558164,1,0,0,0
2010-07-01,GS,Financials,0.1489292670363156,0.0687778495746351,0.00013333333333333334,0.14879593370298225,0.06864451624130177,-0.0877695155346758,0.08869068821831846,-0.10159539805492868,0,1,0,0
2010-07-01,JNJ,Healthcare,-0.0164239889478982,0.0687778495746351,0.00013333333333333334,-0.016557322281231534,0.06864451624130177,0.0222888250971287,0.04557150527542638,0.07431593735832509,0,0,1,0
2010-07-01,JPM,Financials,0.1002452543573613,0.0687778495746351,0.00013333333333333334,0.10011192102402797,0.06864451624130177,-0.075037444435084,0.07590413611934008,0.078666571515015,0,1,0,0
2010-07-01,KO,Consumer,0.1088628943226344,0.0687778495746351,0.00013333333333333334,0.10872956098930106,0.06864451624130177,-0.0249023522747773,0.047785578121203764,0.07821213734225196,0,0,0,1
2010-07-01,MCD,Consumer,0.058599922288703,0.0687778495746351,0.00013333333333333334,0.058466588955369665,0.06864451624130177,-0.0066782703353407,0.03799751083828512,0.1954116057651607,0,0,0,1
2010-07-01,MRK,Healthcare,-0.0036567439015865,0.0687778495746351,0.00013333333333333334,-0.0037900772349198334,0.06864451624130177,0.0379932386649128,0.06537090349343114,0.31022705743577217,0,0,1,0
2010-07-01,MS,Financials,0.1628609931790714,0.0687778495746351,0.00013333333333333334,0.16272765984573806,0.06864451624130177,-0.1438582940851456,0.06984939039983776,-0.18034952766958923,0,1,0,0
2010-07-01,MSFT,Technology,0.1216864378844337,0.0687778495746351,0.00013333333333333334,0.12155310455110037,0.06864451624130177,-0.10411522609325,0.07368169708952026,-0.013222353827133548,1,0,0,0
2010-07-01,NVDA,Technology,-0.0999021409145329,0.0687778495746351,0.00013333333333333334,-0.10003547424786623,0.06864451624130177,-0.2229832751744715,0.1900616438440245,-0.09565962373104886,1,0,0,0
2010-07-01,PFE,Healthcare,0.0518930838129609,0.0687778495746351,0.00013333333333333334,0.05175975047962757,0.06864451624130177,-0.0538226167183643,0.049976392788718245,-0.011121558939536813,0,0,1,0
2010-07-01,PG,Consumer,0.0196729085838052,0.0687778495746351,0.00013333333333333334,0.01953957525047187,0.06864451624130177,-0.0181699772514002,0.04181605857736124,0.20998342684801674,0,0,0,1
2010-07-01,UNH,Healthcare,0.0766826781599701,0.0687778495746351,0.00013333333333333334,0.07654934482663676,0.06864451624130177,-0.0230479115420858,0.0717928971454099,0.13795441799008046,0,0,1,0
2010-07-01,WMT,Consumer,0.0649047836143295,0.0687778495746351,0.00013333333333333334,0.06477145028099617,0.06864451624130177,-0.0437247933334042,0.04192722359813386,0.014348587164343174,0,0,0,1
2010-08-01,AAPL,Technology,-0.0550051715375219,-0.0474491836326047,0.00013333333333333334,-0.05513850487085523,-0.04758251696593803,0.022740973135243,0.0648277888558986,0.5744533164455081,1,0,0,0
2010-08-01,AMZN,Technology,0.0588684595970994,-0.0474491836326047,0.00013333333333333334,0.05873512626376607,-0.04758251696593803,0.0789859000914832,0.12303185244350107,0.37465010072739924,1,0,0,0
2010-08-01,BAC,Financials,-0.112535430784492,-0.0474491836326047,0.00013333333333333334,-0.11266876411782534,-0.04758251696593803,-0.0223311524711803,0.09669135175976105,-0.04834074498290508,0,1,0,0
2010-08-01,C,Financials,-0.0951222418784765,-0.0474491836326047,0.00013333333333333334,-0.09525557521180983,-0.04758251696593803,0.0904256498087574,0.20061115727363796,0.2933757389645879,0,1,0,0
2010-08-01,COST,Consumer,-0.0037030506916211,-0.0474491836326047,0.00013333333333333334,-0.0038363840249544335,-0.04758251696593803,0.0342879245248004,0.0465449891893781,0.16091928441873327,0,0,0,1
2010-08-01,GOOGL,Technology,-0.0718366974732276,-0.0474491836326047,0.00013333333333333334,-0.07197003080656093,-0.04758251696593803,0.0896728911881568,0.08382234060591714,0.09434599832762536,1,0,0,0
2010-08-01,GS,Financials,-0.0920966062022013,-0.0474491836326047,0.00013333333333333334,-0.09222993953553463,-0.04758251696593803,0.1489292670363156,0.09411032932131583,-0.06804610424571733,0,1,0,0
2010-08-01,JNJ,Healthcare,-0.0184199554655066,-0.0474491836326047,0.00013333333333333334,-0.018553288798839933,-0.04758251696593803,-0.0164239889478982,0.04101823332013856,-0.014305892899849959,0,0,1,0
2010-08-01,JPM,Financials,-0.0960837871075399,-0.0474491836326047,0.00013333333333333334,-0.09621712044087323,-0.04758251696593803,0.1002452543573613,0.07148059636213284,0.04739124135699724,0,1,0,0
2010-08-01,KO,Consumer,0.0139717098721217,-0.0474491836326047,0.00013333333333333334,0.013838376538788368,-0.04758251696593803,0.1088628943226344,0.055191589691690954,0.14146077798247458,0,0,0,1
2010-08-01,MCD,Consumer,0.0477558002614011,-0.0474491836326047,0.00013333333333333334,0.04762246692806777,-0.04758251696593803,0.058599922288703,0.036317165470880784,0.3104803081459695,0,0,0,1
2010-08-01,MRK,Healthcare,0.0203132491938289,-0.0474491836326047,0.00013333333333333334,0.020179915860495567,-0.04758251696593803,-0.0036567439015865,0.06255648165112268,0.19950906344854769,0,0,1,0
2010-08-01,MS,Financials,-0.0835195514419934,-0.0474491836326047,0.00013333333333333334,-0.08365288477532673,-0.04758251696593803,0.1628609931790714,0.0866411217314774,-0.04652575061701658,0,1,0,0
2010-08-01,MSFT,Technology,-0.0906622496677163,-0.0474491836326047,0.00013333333333333334,-0.09079558300104963,-0.04758251696593803,0.1216864378844337,0.08121728719936404,0.11861995757922905,1,0,0,0
2010-08-01,NVDA,Technology,0.0152337600441625,-0.0474491836326047,0.00013333333333333334,0.015100426710829168,-0.04758251696593803,-0.0999021409145329,0.1870429024271137,-0.2892495695860974,1,0,0,0
2010-08-01,PFE,Healthcare,0.0606665563479975,-0.0474491836326047,0.00013333333333333334,0.06053322301466417,-0.04758251696593803,0.0518930838129609,0.04891458372087386,-0.020532556726674422,0,0,1,0
2010-08-01,PG,Consumer,-0.0167261500548867,-0.0474491836326047,0.00013333333333333334,-0.016859483388220034,-0.04758251696593803,0.0196729085838052,0.0357266765235326,0.13576946860495576,0,0,0,1
2010-08-01,UNH,Healthcare,0.0417079824560484,-0.0474491836326047,0.00013333333333333334,0.041574649122715066,-0.04758251696593803,0.0766826781599701,0.06634666027957449,0.09073019177426844,0,0,1,0
2010-08-01,WMT,Consumer,-0.0205118027378266,-0.0474491836326047,0.00013333333333333334,-0.020645136071159934,-0.04758251696593803,0.0649047836143295,0.04514965704917088,0.04900054892640404,0,0,0,1
2010-09-01,AAPL,Technology,0.1672154293591381,0.0875511030511355,0.000125,0.16709042935913812,0.0874261030511355,-0.0550051715375219,0.07046720508587535,0.4452170291529072,1,0,0,0
2010-09-01,AMZN,Technology,0.2581911862247958,0.0875511030511355,0.000125,0.2580661862247958,0.0874261030511355,0.0588684595970994,0.12007257984220313,0.5375045120104347,1,0,0,0
2010-09-01,BAC,Financials,0.0513637465923522,0.0875511030511355,0.000125,0.0512387465923522,0.0874261030511355,-0.112535430784492,0.08097654251495544,-0.289874951403007,0,1,0,0
2010-09-01,C,Financials,0.0539086598480649,0.0875511030511355,0.000125,0.0537836598480649,0.0874261030511355,-0.0951222418784765,0.10894476266394265,-0.2580001782005854,0,1,0,0
2010-09-01,COST,Consumer,0.14556874736668,0.0875511030511355,0.000125,0.14544374736668,0.0874261030511355,-0.0037030506916211,0.04647792480076436,0.12304250678356365,0,0,0,1
2010-09-01,GOOGL,Technology,0.1683703942094594,0.0875511030511355,0.000125,0.16824539420945941,0.0874261030511355,-0.0718366974732276,0.08637777815017024,-0.02523459492428337,1,0,0,0
2010-09-01,GS,Financials,0.0585188967834944,0.0875511030511355,0.000125,0.0583938967834944,0.0874261030511355,-0.0920966062022013,0.0974369942790814,-0.1649211805608034,0,1,0,0
2010-09-01,JNJ,Healthcare,0.0968846675833676,0.0875511030511355,0.000125,0.0967596675833676,0.0874261030511355,-0.0184199554655066,0.04131128375599277,-0.025258245376870936,0,0,1,0
2010-09-01,JPM,Financials,0.0467542657661808,0.0875511030511355,0.000125,0.0466292657661808,0.0874261030511355,-0.0960837871075399,0.06616625206856891,-0.15926360603781597,0,1,0,0
2010-09-01,KO,Consumer,0.0472441728559602,0.0875511030511355,0.000125,0.0471191728559602,0.0874261030511355,0.0139717098721217,0.05415097562955741,0.18280159621525138,0,0,0,1
2010-09-01,MCD,Consumer,0.0274845812688264,0.0875511030511355,0.000125,0.0273595812688264,0.0874261030511355,0.0477558002614011,0.036977425871449976,0.34425424889944733,0,0,0,1
2010-09-01,MRK,Healthcare,0.0469284028732204,0.0875511030511355,0.000125,0.0468034028732204,0.0874261030511355,0.0203132491938289,0.059313828380264055,0.13254617171589422,0,0,1,0
2010-09-01,MS,Financials,-0.0004048024995401,0.0875511030511355,0.000125,-0.0005298024995401,0.0874261030511355,-0.0835195514419934,0.08957766955726852,-0.14160748549513713,0,1,0,0
2010-09-01,MSFT,Technology,0.0490256613174517,0.0875511030511355,0.000125,0.0489006613174517,0.0874261030511355,-0.0906622496677163,0.08546315392603288,-0.02942722801705544,1,0,0,0
2010-09-01,NVDA,Technology,0.251875786381263,0.0875511030511355,0.000125,0.251750786381263,0.0874261030511355,0.0152337600441625,0.1824483899299895,-0.35743807691742124,1,0,0,0
2010-09-01,PFE,Healthcare,0.0912165479454614,0.0875511030511355,0.000125,0.0910915479454614,0.0874261030511355,0.0606665563479975,0.0501502318443757,-0.00901276023195785,0,0,1,0
2010-09-01,PG,Consumer,0.0050272175612999,0.0875511030511355,0.000125,0.0049022175612999,0.0874261030511355,-0.0167261500548867,0.035675962539892477,0.13658181257729107,0,0,0,1
2010-09-01,UNH,Healthcare,0.1068722471794711,0.0875511030511355,0.000125,0.1067472471794711,0.0874261030511355,0.0417079824560484,0.06686578519806129,0.13865737039557335,0,0,1,0
2010-09-01,WMT,Consumer,0.0736407541087491,0.0875511030511355,0.000125,0.0735157541087491,0.0874261030511355,-0.0205118027378266,0.045438059305226076,0.007487258600236357,0,0,0,1
2010-10-01,AAPL,Technology,0.0607223185095506,0.0368559940355406,0.00010833333333333333,0.060613985176217265,0.036747660702207266,0.1672154293591381,0.07832514146379575,0.5308876770103559,1,0,0,0
2010-10-01,AMZN,Technology,0.0520183606286623,0.0368559940355406,0.00010833333333333333,0.05191002729532897,0.036747660702207266,0.2581911862247958,0.13230502105887537,0.6823050111006623,1,0,0,0
2010-10-01,BAC,Financials,-0.1252521791242451,0.0368559940355406,0.00010833333333333333,-0.12536051245757843,0.036747660702207266,0.0513637465923522,0.08373825576339021,-0.22383647762659786,0,1,0,0
2010-10-01,C,Financials,0.0664961477201711,0.0368559940355406,0.00010833333333333333,0.06638781438683776,0.036747660702207266,0.0539086598480649,0.11082189599717901,-0.1921487330674163,0,1,0,0
2010-10-01,COST,Consumer,-0.026670682455114,0.0368559940355406,0.00010833333333333333,-0.02677901578844733,0.036747660702207266,0.14556874736668,0.053924098768058565,0.15902055065998488,0,0,0,1
2010-10-01,GOOGL,Technology,0.167196068968543,0.0368559940355406,0.00010833333333333333,0.16708773563520968,0.036747660702207266,0.1683703942094594,0.09720715144402495,0.06038112093910475,1,0,0,0
2010-10-01,GS,Financials,0.1144696667240616,0.0368559940355406,0.00010833333333333333,0.11436133339072826,0.036747660702207266,0.0585188967834944,0.09183131417231476,-0.20834055022987708,0,1,0,0
2010-10-01,JNJ,Healthcare,0.0287280204372168,0.0368559940355406,0.00010833333333333333,0.02861968710388347,0.036747660702207266,0.0968846675833676,0.05007457900531734,0.05274564813001259,0,0,1,0
2010-10-01,JPM,Financials,-0.0112976038314699,0.0368559940355406,0.00010833333333333333,-0.011405937164803233,0.036747660702207266,0.0467542657661808,0.06815923108533763,-0.12718523909436563,0,1,0,0
2010-10-01,KO,Consumer,0.055785416321717,0.0368559940355406,0.00010833333333333333,0.05567708298838366,0.036747660702207266,0.0472441728559602,0.04832131519686857,0.12496332280752398,0,0,0,1
2010-10-01,MCD,Consumer,0.043752650679169,0.0368559940355406,0.00010833333333333333,0.04364431734583567,0.036747660702207266,0.0274845812688264,0.036976146474189606,0.34920703007379816,0,0,0,1
2010-10-01,MRK,Healthcare,-0.003248803348871,0.0368559940355406,0.00010833333333333333,-0.003357136682204333,0.036747660702207266,0.0469284028732204,0.05889667442804556,0.21568484218811967,0,0,1,0
2010-10-01,MS,Financials,0.0076980976355827,0.0368559940355406,0.00010833333333333333,0.007589764302249367,0.036747660702207266,-0.0004048024995401,0.08650015714713034,-0.19530455840803407,0,1,0,0
2010-10-01,MSFT,Technology,0.0890160292613151,0.0368559940355406,0.00010833333333333333,0.08890769592798177,0.036747660702207266,0.0490256613174517,0.08545041332296852,-0.029657128681211842,1,0,0,0
2010-10-01,NVDA,Technology,0.0291097861894809,0.0368559940355406,0.00010833333333333333,0.029001452856147567,0.036747660702207266,0.251875786381263,0.19863485468802833,-0.22288753556924656,1,0,0,0
2010-10-01,PFE,Healthcare,0.0145601513260171,0.0368559940355406,0.00010833333333333333,0.014451817992683767,0.036747660702207266,0.0912165479454614,0.05659440186539488,0.08031834658723058,0,0,1,0
2010-10-01,PG,Consumer,0.0600299726716215,0.0368559940355406,0.00010833333333333333,0.05992163933828817,0.036747660702207266,0.0050272175612999,0.030433568751798395,0.06715517677297878,0,0,0,1
2010-10-01,UNH,Healthcare,0.0305598657671637,0.0368559940355406,0.00010833333333333333,0.030451532433830367,0.036747660702207266,0.1068722471794711,0.06042347886531229,0.40933476996649487,0,0,1,0
2010-10-01,WMT,Consumer,0.0121452467592551,0.0368559940355406,0.00010833333333333333,0.012036913425921766,0.036747660702207266,0.0736407541087491,0.04865673986651127,0.11478568503302933,0,0,0,1
2010-11-01,AAPL,Technology,0.0337896310948606,-0.0022902497465766,0.00011666666666666668,0.03367296442819393,-0.0024069164132432667,0.0607223185095506,0.0782341513980488,0.5967108638283665,1,0,0,0
2010-11-01,AMZN,Technology,0.061550575211672,-0.0022902497465766,0.00011666666666666668,0.061433908545005335,-0.0024069164132432667,0.0520183606286623,0.11270583007657609,0.3907079641400466,1,0,0,0
2010-11-01,BAC,Financials,-0.0436685125535801,-0.0022902497465766,0.00011666666666666668,-0.043785179220246766,-0.0024069164132432667,-0.1252521791242451,0.08216798372442015,-0.21256469871671013,0,1,0,0
2010-11-01,C,Financials,0.007193984374465,-0.0022902497465766,0.00011666666666666668,0.0070773177077983335,-0.0024069164132432667,0.0664961477201711,0.10299139040156427,0.01956015160321911,0,1,0,0
2010-11-01,COST,Consumer,0.0805854786642317,-0.0022902497465766,0.00011666666666666668,0.08046881199756503,-0.0024069164132432667,-0.026670682455114,0.055169654590970486,0.11878242881769063,0,0,0,1
2010-11-01,GOOGL,Technology,-0.0944924741610565,-0.0022902497465766,0.00011666666666666668,-0.09460914082772316,-0.0024069164132432667,0.167196068968543,0.10578649263963776,0.14470647638926515,1,0,0,0
2010-11-01,GS,Financials,-0.0309687099032852,-0.0022902497465766,0.00011666666666666668,-0.03108537656995187,-0.0024069164132432667,0.1144696667240616,0.0966655678708477,-0.04420005755370737,0,1,0,0
2010-11-01,JNJ,Healthcare,-0.0343586234626002,-0.0022902497465766,0.00011666666666666668,-0.03447529012926687,-0.0024069164132432667,0.0287280204372168,0.04914122541898426,0.11673438211953813,0,0,1,0
2010-11-01,JPM,Financials,-0.0048301202887346,-0.0022902497465766,0.00011666666666666668,-0.004946786955401267,-0.0024069164132432667,-0.0112976038314699,0.06714032388262671,-0.09469365549248354,0,1,0,0
2010-11-01,KO,Consumer,0.0301695163093698,-0.0022902497465766,0.00011666666666666668,0.030052849642703133,-0.0024069164132432667,0.055785416321717,0.04986042646118761,0.1867106490210262,0,0,0,1
2010-11-01,MCD,Consumer,0.0068149658411438,-0.0022902497465766,0.00011666666666666668,0.006698299174477133,-0.0024069164132432667,0.043752650679169,0.037336195783568095,0.37123666099237984,0,0,0,1
2010-11-01,MRK,Healthcare,-0.0506748370832974,-0.0022902497465766,0.00011666666666666668,-0.050791503749964065,-0.0024069164132432667,-0.003248803348871,0.0586242800571753,0.22434628357687747,0,0,1,0
2010-11-01,MS,Financials,-0.0144482311873989,-0.0022902497465766,0.00011666666666666668,-0.014564897854065567,-0.0024069164132432667,0.0076980976355827,0.08513192941866511,-0.2204145240665346,0,1,0,0
2010-11-01,MSFT,Technology,-0.0528686309095115,-0.0022902497465766,0.00011666666666666668,-0.05298529757617817,-0.0024069164132432667,0.0890160292613151,0.08639523811971349,-0.01987691765985322,1,0,0,0
2010-11-01,NVDA,Technology,0.132279442655204,-0.0022902497465766,0.00011666666666666668,0.13216277598853735,-0.0024069164132432667,0.0291097861894809,0.18840565642296053,0.005016659065503637,1,0,0,0
2010-11-01,PFE,Healthcare,-0.0642939341568893,-0.0022902497465766,0.00011666666666666668,-0.06441060082355597,-0.0024069164132432667,0.0145601513260171,0.05625810806028814,0.06515511904616944,0,0,1,0
2010-11-01,PG,Consumer,-0.0319412650983228,-0.0022902497465766,0.00011666666666666668,-0.032057931764989465,-0.0024069164132432667,0.0600299726716215,0.03413604440898958,0.12965648677742703,0,0,0,1
2010-11-01,UNH,Healthcare,0.0130378356171214,-0.0022902497465766,0.00011666666666666668,0.012921168950454734,-0.0024069164132432667,0.0305598657671637,0.06039703425817773,0.40147157500569053,0,0,1,0
2010-11-01,WMT,Consumer,-0.0014762677671166,-0.0022902497465766,0.00011666666666666668,-0.0015929344337832665,-0.0024069164132432667,0.0121452467592551,0.048657193362276425,0.11492504373971602,0,0,0,1
2010-12-01,AAPL,Technology,0.0366708290399047,0.065300040347155,0.00011666666666666668,0.03655416237323803,0.06518337368048834,0.0337896310948606,0.07805365391568916,0.5564501510297186,1,0,0,0
2010-12-01,AMZN,Technology,0.0262257161038936,0.065300040347155,0.00011666666666666668,0.026109049437226934,0.06518337368048834,0.061550575211672,0.10776104143162284,0.2905600343999202,1,0,0,0
2010-12-01,BAC,Financials,0.2182657358690793,0.065300040347155,0.00011666666666666668,0.21814906920241264,0.06518337368048834,-0.0436685125535801,0.07557673407557747,-0.3072895205907541,0,1,0,0
2010-12-01,C,Financials,0.1261905184296354,0.065300040347155,0.00011666666666666668,0.12607385176296876,0.06518337368048834,0.007193984374465,0.10299010561289769,0.02189797482201583,0,1,0,0
2010-12-01,COST,Consumer,0.0680372951548664,0.065300040347155,0.00011666666666666668,0.06792062848819973,0.06518337368048834,0.0805854786642317,0.05734220703435443,0.1436972413512012,0,0,0,1
2010-12-01,GOOGL,Technology,0.0688488786406051,0.065300040347155,0.00011666666666666668,0.06873221197393843,0.06518337368048834,-0.0944924741610565,0.10769703366584628,-0.046809668769102974,1,0,0,0
2010-12-01,GS,Financials,0.0793538882451343,0.065300040347155,0.00011666666666666668,0.07923722157846763,0.06518337368048834,-0.0309687099032852,0.09709551639761663,-0.07101624226158842,0,1,0,0
2010-12-01,JNJ,Healthcare,0.0135215180427752,0.065300040347155,0.00011666666666666668,0.013404851376108534,0.06518337368048834,-0.0343586234626002,0.04753510277108799,0.013326708341153903,0,0,1,0
2010-12-01,JPM,Financials,0.1342244440969877,0.065300040347155,0.00011666666666666668,0.13410777743032104,0.06518337368048834,-0.0048301202887346,0.06669772117325164,-0.11540348961785152,0,1,0,0
2010-12-01,KO,Consumer,0.0483537047008353,0.065300040347155,0.00011666666666666668,0.04823703803416863,0.06518337368048834,0.0301695163093698,0.04681161095261019,0.13937379051143717,0,0,0,1
2010-12-01,MCD,Consumer,-0.011994962102504,0.065300040347155,0.00011666666666666668,-0.012111628769170666,0.06518337368048834,0.0068149658411438,0.03387915617924031,0.27930220801652816,0,0,0,1
2010-12-01,MRK,Healthcare,0.0455474761944743,0.065300040347155,0.00011666666666666668,0.045430809527807633,0.06518337368048834,-0.0506748370832974,0.037335858751677,-0.0071791805496627115,0,0,1,0
2010-12-01,MS,Financials,0.1124282139671533,0.065300040347155,0.00011666666666666668,0.11231154730048663,0.06518337368048834,-0.0144482311873989,0.0851341618867537,-0.21968596621377945,0,1,0,0
2010-12-01,MSFT,Technology,0.1116980047250904,0.065300040347155,0.00011666666666666668,0.11158133805842373,0.06518337368048834,-0.0528686309095115,0.08558842205164958,-0.12472288817390353,1,0,0,0
2010-12-01,NVDA,Technology,0.1315211639756157,0.065300040347155,0.00011666666666666668,0.13140449730894904,0.06518337368048834,0.132279442655204,0.19024409271191953,0.04211355438638331,1,0,0,0
2010-12-01,PFE,Healthcare,0.0853395622848689,0.065300040347155,0.00011666666666666668,0.08522289561820223,0.06518337368048834,-0.0642939341568893,0.05624456124312115,-0.06585981140008379,0,0,1,0
2010-12-01,PG,Consumer,0.0533812741592256,0.065300040347155,0.00011666666666666668,0.05326460749255893,0.06518337368048834,-0.0319412650983228,0.027439591219092632,0.00957797359412682,0,0,0,1
2010-12-01,UNH,Healthcare,-0.0112272594794496,0.065300040347155,0.00011666666666666668,-0.011343926146116266,0.06518337368048834,0.0130378356171214,0.05571469786776928,0.28504906664361185,0,0,1,0
2010-12-01,WMT,Consumer,-0.0029583567389759,0.065300040347155,0.00011666666666666668,-0.003075023405642567,0.06518337368048834,-0.0014762677671166,0.0400388082822956,0.01389035283905482,0,0,0,1
2011-01-01,AAPL,Technology,0.0519588943155981,0.0226455743591391,0.000125,0.0518338943155981,0.0225205743591391,0.0366708290399047,0.07793402045913043,0.5306799340410728,1,0,0,0
2011-01-01,AMZN,Technology,-0.0575555165608724,0.0226455743591391,0.000125,-0.0576805165608724,0.0225205743591391,0.0262257161038936,0.1071429894625217,0.3380910235792649,1,0,0,0
2011-01-01,BAC,Financials,0.0301761628314594,0.0226455743591391,0.000125,0.0300511628314594,0.0225205743591391,0.2182657358690793,0.10300917980130803,-0.11182610740922172,0,1,0,0
2011-01-01,C,Financials,0.019027294069398,0.0226455743591391,0.000125,0.018902294069398,0.0225205743591391,0.1261905184296354,0.08622971732966243,0.42900306166828184,0,1,0,0
2011-01-01,COST,Consumer,-0.0051240092138471,0.0226455743591391,0.000125,-0.0052490092138471,0.0225205743591391,0.0680372951548664,0.058827923291660186,0.2367881977500006,0,0,0,1
2011-01-01,GOOGL,Technology,0.010758123968148,0.0226455743591391,0.000125,0.010633123968148,0.0225205743591391,0.0688488786406051,0.10799250244185239,-0.041952954299854794,1,0,0,0
2011-01-01,GS,Financials,-0.0269980637083072,0.0226455743591391,0.000125,-0.0271230637083072,0.0225205743591391,0.0793538882451343,0.09987338856283585,0.005424028422337246,0,1,0,0
2011-01-01,JNJ,Healthcare,-0.0336294150795023,0.0226455743591391,0.000125,-0.0337544150795023,0.0225205743591391,0.0135215180427752,0.046705064639995554,-0.005869913967022522,0,0,1,0
2011-01-01,JPM,Financials,0.0594059372339546,0.0226455743591391,0.000125,0.0592809372339546,0.0225205743591391,0.1342244440969877,0.0781095272909923,0.023074802477074163,0,1,0,0
2011-01-01,KO,Consumer,-0.0443972112121621,0.0226455743591391,0.000125,-0.0445222112121621,0.0225205743591391,0.0483537047008353,0.04785992604350436,0.19020082825023077,0,0,0,1
2011-01-01,MCD,Consumer,-0.0402549590603694,0.0226455743591391,0.000125,-0.0403799590603694,0.0225205743591391,-0.011994962102504,0.03447394369033242,0.26942730061152953,0,0,0,1
2011-01-01,MRK,Healthcare,-0.0698127958026884,0.0226455743591391,0.000125,-0.0699377958026884,0.0225205743591391,0.0455474761944743,0.03955618582721505,0.02866596540064914,0,0,1,0
2011-01-01,MS,Financials,0.0804849044873046,0.0226455743591391,0.000125,0.0803599044873046,0.0225205743591391,0.1124282139671533,0.09139495207909905,-0.0738916818718155,0,1,0,0
2011-01-01,MSFT,Technology,-0.0064493756671798,0.0226455743591391,0.000125,-0.0065743756671798005,0.0225205743591391,0.1116980047250904,0.09147045271330866,-0.06524668225662067,1,0,0,0
2011-01-01,NVDA,Technology,0.5532466698113048,0.0226455743591391,0.000125,0.5531216698113047,0.0225205743591391,0.1315211639756157,0.14586621679987644,-0.17558875317421396,1,0,0,0
2011-01-01,PFE,Healthcare,0.0405485034629051,0.0226455743591391,0.000125,0.0404235034629051,0.0225205743591391,0.0853395622848689,0.06188755013166159,0.0031511778073927132,0,0,1,0
2011-01-01,PG,Consumer,-0.0186539596908043,0.0226455743591391,0.000125,-0.0187789596908043,0.0225205743591391,0.0533812741592256,0.02960456839884056,0.09363972742849747,0,0,0,1
2011-01-01,UNH,Healthcare,0.1405513054050786,0.0226455743591391,0.000125,0.1404263054050786,0.0225205743591391,-0.0112272594794496,0.05491689036994877,0.19516757308286303,0,0,1,0
2011-01-01,WMT,Consumer,0.0454309077346442,0.0226455743591391,0.000125,0.0453059077346442,0.0225205743591391,-0.0029583567389759,0.03948192762643884,0.0316947392590623,0,0,0,1
2011-02-01,AAPL,Technology,0.0409346145020781,0.0319565637280934,0.00010833333333333333,0.04082628116874477,0.03184823039476006,0.0519588943155981,0.06681777565824405,0.7667392115506522,1,0,0,0
2011-02-01,AMZN,Technology,0.0215161374685153,0.0319565637280934,0.00010833333333333333,0.02140780413518197,0.03184823039476006,-0.0575555165608724,0.10634101675709753,0.35268321557586413,1,0,0,0
2011-02-01,BAC,Financials,0.040786582845707,0.0319565637280934,0.00010833333333333333,0.040678249512373664,0.03184823039476006,0.0301761628314594,0.10345767359698568,-0.09282824903334164,0,1,0,0
2011-02-01,C,Financials,-0.0290453584208173,0.0319565637280934,0.00010833333333333333,-0.029153691754150633,0.03184823039476006,0.019027294069398,0.08583820081413567,0.45180692931493227,0,1,0,0
2011-02-01,COST,Consumer,0.0410633409454572,0.0319565637280934,0.00010833333333333333,0.04095500761212387,0.03184823039476006,-0.0051240092138471,0.0573973217534199,0.26773040758588973,0,0,0,1
2011-02-01,GOOGL,Technology,0.0217203362380362,0.0319565637280934,0.00010833333333333333,0.02161200290470287,0.03184823039476006,0.010758123968148,0.09758881658174018,0.13288301049765883,1,0,0,0
2011-02-01,GS,Financials,0.000977862891957,0.0319565637280934,0.00010833333333333333,0.0008695295586236666,0.03184823039476006,-0.0269980637083072,0.09273979630638626,0.11062889054958958,0,1,0,0
2011-02-01,JNJ,Healthcare,0.0279397543311736,0.0319565637280934,0.00010833333333333333,0.027831420997840268,0.03184823039476006,-0.0336294150795023,0.04724108250824753,-0.015612675563311695,0,0,1,0
2011-02-01,JPM,Financials,0.0401341098898451,0.0319565637280934,0.00010833333333333333,0.040025776556511766,0.03184823039476006,0.0594059372339546,0.07620829699820508,0.15983803992913637,0,1,0,0
2011-02-01,KO,Consumer,0.0170246722554341,0.0319565637280934,0.00010833333333333333,0.016916338922100767,0.03184823039476006,-0.0443972112121621,0.04740362184690173,0.1950134550503111,0,0,0,1
2011-02-01,MCD,Consumer,0.0272838662506513,0.0319565637280934,0.00010833333333333333,0.027175532917317967,0.03184823039476006,-0.0402549590603694,0.03839160920018416,0.21852150045465324,0,0,0,1
2011-02-01,MRK,Healthcare,-0.0180885559300191,0.0319565637280934,0.00010833333333333333,-0.01819688926335243,0.03184823039476006,-0.0698127958026884,0.040964572605927264,-0.09351872961689534,0,0,1,0
2011-02-01,MS,Financials,0.0112668185218116,0.0319565637280934,0.00010833333333333333,0.011158485188478267,0.03184823039476006,0.0804849044873046,0.08924245853467833,0.10601630382668215,0,1,0,0
2011-02-01,MSFT,Technology,-0.0414713791535179,0.0319565637280934,0.00010833333333333333,-0.04157971248685124,0.03184823039476006,-0.0064493756671798,0.08853389813885429,0.004525440936200331,1,0,0,0
2011-02-01,NVDA,Technology,-0.0526754100002285,0.0319565637280934,0.00010833333333333333,-0.05278374333356183,0.03184823039476006,0.5532466698113048,0.20750702502218737,0.5542563742521882,1,0,0,0
2011-02-01,PFE,Healthcare,0.0559821054913804,0.0319565637280934,0.00010833333333333333,0.055873772158047064,0.03184823039476006,0.0405485034629051,0.06254455794227816,0.01753577379086968,0,0,1,0
2011-02-01,PG,Consumer,0.0061366211381486,0.0319565637280934,0.00010833333333333333,0.006028287804815267,0.03184823039476006,-0.0186539596908043,0.030445726212094675,0.05719705057166191,0,0,0,1
2011-02-01,UNH,Healthcare,0.0372717232375234,0.0319565637280934,0.00010833333333333333,0.03716338990419007,0.03184823039476006,0.1405513054050786,0.06319155413224657,0.25905531488321754,0,0,1,0
2011-02-01,WMT,Consumer,-0.0729446167542083,0.0319565637280934,0.00010833333333333333,-0.07305295008754163,0.03184823039476006,0.0454309077346442,0.04132009359656644,0.07355614717842829,0,0,0,1
2011-03-01,AAPL,Technology,-0.0133065370434325,-0.0010473129391664,8.333333333333333e-05,-0.013389870376765832,-0.0011306462724997332,0.0409346145020781,0.06669511363755311,0.7261746947598484,1,0,0,0
2011-03-01,AMZN,Technology,0.0394714061162171,-0.0010473129391664,8.333333333333333e-05,0.03938807278288377,-0.0011306462724997332,0.0215161374685153,0.10292279568545792,0.4635979940620891,1,0,0,0
2011-03-01,BAC,Financials,-0.0671800068095374,-0.0010473129391664,8.333333333333333e-05,-0.06726334014287073,-0.0011306462724997332,0.040786582845707,0.09965937423158995,-0.13970382569604967,0,1,0,0
2011-03-01,C,Financials,-0.0555554384447077,-0.0010473129391664,8.333333333333333e-05,-0.05563877177804103,-0.0011306462724997332,-0.0290453584208173,0.08779145161358809,0.37647082180013425,0,1,0,0
2011-03-01,COST,Consumer,-0.0169609207556111,-0.0010473129391664,8.333333333333333e-05,-0.017044254088944433,-0.0011306462724997332,0.0410633409454572,0.056384519546243204,0.24315893984697912,0,0,0,1
2011-03-01,GOOGL,Technology,-0.0434300287122089,-0.0010473129391664,8.333333333333333e-05,-0.04351336204554223,-0.0011306462724997332,0.0217203362380362,0.09738438769996162,0.1643888113255889,1,0,0,0
2011-03-01,GS,Financials,-0.0295708686718519,-0.0010473129391664,8.333333333333333e-05,-0.029654202005185235,-0.0011306462724997332,0.000977862891957,0.09197259607250426,0.05746221064388046,0,1,0,0
2011-03-01,JNJ,Healthcare,-0.0269227100500524,-0.0010473129391664,8.333333333333333e-05,-0.027006043383385733,-0.0011306462724997332,0.0279397543311736,0.04794344607258673,0.009641936973680432,0,0,1,0
2011-03-01,JPM,Financials,-0.0126363558136728,-0.0010473129391664,8.333333333333333e-05,-0.012719689147006132,-0.0011306462724997332,0.0401341098898451,0.07403041202089111,0.11794961879464916,0,1,0,0
2011-03-01,KO,Consumer,0.0378596835745073,-0.0010473129391664,8.333333333333333e-05,0.03777635024117397,-0.0011306462724997332,0.0170246722554341,0.045325335429732556,0.2506291147489095,0,0,0,1
2011-03-01,MCD,Consumer,0.0136386154367746,-0.0010473129391664,8.333333333333333e-05,0.013555282103441268,-0.0011306462724997332,0.0272838662506513,0.03847261474451709,0.22392885832898002,0,0,0,1
2011-03-01,MRK,Healthcare,0.0135095349479394,-0.0010473129391664,8.333333333333333e-05,0.013426201614606068,-0.0011306462724997332,-0.0180885559300191,0.04027294431535339,-0.07854071596150014,0,0,1,0
2011-03-01,MS,Financials,-0.079514397827732,-0.0010473129391664,8.333333333333333e-05,-0.07959773116106533,-0.0011306462724997332,0.0112668185218116,0.08825599220711482,0.06096649421945988,0,1,0,0
2011-03-01,MSFT,Technology,-0.0391245433814976,-0.0010473129391664,8.333333333333333e-05,-0.03920787671483093,-0.0011306462724997332,-0.0414713791535179,0.089354392223533,-0.05358954653018155,1,0,0,0
2011-03-01,NVDA,Technology,-0.1853490149830218,-0.0010473129391664,8.333333333333333e-05,-0.18543234831635513,-0.0011306462724997332,-0.0526754100002285,0.20981623479125436,0.3987663792418328,1,0,0,0
2011-03-01,PFE,Healthcare,0.0667135196110906,-0.0010473129391664,8.333333333333333e-05,0.06663018627775726,-0.0011306462724997332,0.0559821054913804,0.06087719269469505,0.1424595417765253,0,0,1,0
2011-03-01,PG,Consumer,-0.0229975204598977,-0.0010473129391664,8.333333333333333e-05,-0.023080853793231035,-0.0011306462724997332,0.0061366211381486,0.028919924486273136,0.027229278053875428,0,0,0,1
2011-03-01,UNH,Healthcare,0.0615311366083803,-0.0010473129391664,8.333333333333333e-05,0.06144780327504697,-0.0011306462724997332,0.0372717232375234,0.06335344142552775,0.272812001129942,0,0,1,0
2011-03-01,WMT,Consumer,0.0013468521315025,-0.0010473129391664,8.333333333333333e-05,0.0012635187981691668,-0.0011306462724997332,-0.0729446167542083,0.04719067877674287,-0.016534352870132718,0,0,0,1
2011-04-01,AAPL,Technology,0.0046490832917107,0.028495380666536,4.9999999999999996e-05,0.0045990832917107,0.028445380666536,-0.0133065370434325,0.06072592614404935,0.4830210553771228,1,0,0,0
2011-04-01,AMZN,Technology,0.087048178737823,0.028495380666536,4.9999999999999996e-05,0.086998178737823,0.028445380666536,0.0394714061162171,0.0970031573716608,0.32672909579843856,1,0,0,0
2011-04-01,BAC,Financials,-0.0781073053309237,0.028495380666536,4.9999999999999996e-05,-0.07815730533092369,0.028445380666536,-0.0671800068095374,0.09762257909757552,-0.2509985707595863,0,1,0,0
2011-04-01,C,Financials,0.0384614977976673,0.028495380666536,4.9999999999999996e-05,0.038411497797667296,0.028445380666536,-0.0555554384447077,0.07462186950956141,0.09135854479459016,0,1,0,0
2011-04-01,COST,Consumer,0.1032454903568829,0.028495380666536,4.9999999999999996e-05,0.1031954903568829,0.028445380666536,-0.0169609207556111,0.05634297270829121,0.24403925440392626,0,0,0,1
2011-04-01,GOOGL,Technology,-0.0727044180271426,0.028495380666536,4.9999999999999996e-05,-0.0727544180271426,0.028445380666536,-0.0434300287122089,0.09687086157371576,0.034631082595887985,1,0,0,0
2011-04-01,GS,Financials,-0.0478560335163406,0.028495380666536,4.9999999999999996e-05,-0.0479060335163406,0.028445380666536,-0.0295708686718519,0.08840576242797957,-0.06179321021085171,0,1,0,0
2011-04-01,JNJ,Healthcare,0.1091984993926968,0.028495380666536,4.9999999999999996e-05,0.1091484993926968,0.028445380666536,-0.0269227100500524,0.046736366361499505,-0.05789888586575909,0,0,1,0
2011-04-01,JPM,Financials,-0.0101955910020378,0.028495380666536,4.9999999999999996e-05,-0.0102455910020378,0.028445380666536,-0.0126363558136728,0.07223951483558037,0.035250512469112705,0,1,0,0
2011-04-01,KO,Consumer,0.0242563672401641,0.028495380666536,4.9999999999999996e-05,0.0242063672401641,0.028445380666536,0.0378596835745073,0.04509732833451974,0.24417035676735743,0,0,0,1
2011-04-01,MCD,Consumer,0.0291761382095996,0.028495380666536,4.9999999999999996e-05,0.029126138209599597,0.028445380666536,0.0136386154367746,0.03674811462180308,0.1772494366585473,0,0,0,1
2011-04-01,MRK,Healthcare,0.1017896155021211,0.028495380666536,4.9999999999999996e-05,0.1017396155021211,0.028445380666536,0.0135095349479394,0.04030600057290694,-0.07784418858435727,0,0,1,0
2011-04-01,MS,Financials,-0.0428258154625065,0.028495380666536,4.9999999999999996e-05,-0.0428758154625065,0.028445380666536,-0.079514397827732,0.09110393488429677,-0.060406196721262795,0,1,0,0
2011-04-01,MSFT,Technology,0.020874964270688,0.028495380666536,4.9999999999999996e-05,0.020824964270687998,0.028445380666536,-0.0391245433814976,0.0895391840813172,-0.11401043998836125,1,0,0,0
2011-04-01,NVDA,Technology,0.083423435342065,0.028495380666536,4.9999999999999996e-05,0.08337343534206501,0.028445380666536,-0.1853490149830218,0.2197802056552618,0.06091953636004899,1,0,0,0
2011-04-01,PFE,Healthcare,0.0324964612380254,0.028495380666536,4.9999999999999996e-05,0.0324464612380254,0.028445380666536,0.0667135196110906,0.06210773408269414,0.23543371068611374,0,0,1,0
2011-04-01,PG,Consumer,0.0535715575111792,0.028495380666536,4.9999999999999996e-05,0.0535215575111792,0.028445380666536,-0.0229975204598977,0.029855589684483753,0.003764123556720067,0,0,0,1
2011-04-01,UNH,Healthcare,0.0922943556196382,0.028495380666536,4.9999999999999996e-05,0.0922443556196382,0.028445380666536,0.0615311366083803,0.061535284633778616,0.40034443657996466,0,0,1,0
2011-04-01,WMT,Consumer,0.0636957248445928,0.028495380666536,4.9999999999999996e-05,0.0636457248445928,0.028445380666536,0.0013468521315025,0.04633593321743753,-0.04230984703746554,0,0,0,1
2011-05-01,AAPL,Technology,-0.0065696216755751,-0.0135009528952232,3.3333333333333335e-05,-0.006602955008908433,-0.013534286228556533,0.0046490832917107,0.05621330714929393,0.34103231119357047,1,0,0,0
2011-05-01,AMZN,Technology,0.0044942165380894,-0.0135009528952232,3.3333333333333335e-05,0.004460883204756067,-0.013534286228556533,0.087048178737823,0.09824646729688204,0.42822752151036414,1,0,0,0
2011-05-01,BAC,Financials,-0.0431599116588174,-0.0135009528952232,3.3333333333333335e-05,-0.043193244992150735,-0.013534286228556533,-0.0781073053309237,0.0988063330648665,-0.3091465537866065,0,1,0,0
2011-05-01,C,Financials,-0.1034863689032463,-0.0135009528952232,3.3333333333333335e-05,-0.10351970223657964,-0.013534286228556533,0.0384614977976673,0.07208001482506961,0.05034345987360034,0,1,0,0
2011-05-01,COST,Consumer,0.0196572620307278,-0.0135009528952232,3.3333333333333335e-05,0.019623928697394467,-0.013534286228556533,0.1032454903568829,0.060222270655694694,0.38711624544428247,0,0,0,1
2011-05-01,GOOGL,Technology,-0.0277153623685286,-0.0135009528952232,3.3333333333333335e-05,-0.027748695701861933,-0.013534286228556533,-0.0727044180271426,0.09684602680227533,0.03500087029910581,1,0,0,0
2011-05-01,GS,Financials,-0.0680753794200311,-0.0135009528952232,3.3333333333333335e-05,-0.06810871275336443,-0.013534286228556533,-0.0478560335163406,0.07719234071464973,0.049759775605421996,0,1,0,0
2011-05-01,JNJ,Healthcare,0.0238889304445142,-0.0135009528952232,3.3333333333333335e-05,0.023855597111180866,-0.013534286228556533,0.1091984993926968,0.056788345614739215,0.059603315213756725,0,0,1,0
2011-05-01,JPM,Financials,-0.0472386592868052,-0.0135009528952232,3.3333333333333335e-05,-0.04727199262013854,-0.013534286228556533,-0.0101955910020378,0.0704739936574431,0.07691671758401863,0,1,0,0
2011-05-01,KO,Consumer,-0.0096357734296151,-0.0135009528952232,3.3333333333333335e-05,-0.009669106762948434,-0.013534286228556533,0.0242563672401641,0.043348692317419245,0.3006593001214648,0,0,0,1
2011-05-01,MCD,Consumer,0.0412463354075525,-0.0135009528952232,3.3333333333333335e-05,0.041213002074219164,-0.013534286228556533,0.0291761382095996,0.03450588868095904,0.14517285297619598,0,0,0,1
2011-05-01,MRK,Healthcare,0.0222532624938733,-0.0135009528952232,3.3333333333333335e-05,0.022219929160539966,-0.013534286228556533,0.1017896155021211,0.04804593989255352,0.07177980250379101,0,0,1,0
2011-05-01,MS,Financials,-0.074308945575287,-0.0135009528952232,3.3333333333333335e-05,-0.07434227890862033,-0.013534286228556533,-0.0428258154625065,0.09118138174426395,-0.12832177658089838,0,1,0,0
2011-05-01,MSFT,Technology,-0.0351087076706974,-0.0135009528952232,3.3333333333333335e-05,-0.03514204100403074,-0.013534286228556533,0.020874964270688,0.08867170442617106,-0.13253577775120873,1,0,0,0
2011-05-01,NVDA,Technology,0.0020000407467539,-0.0135009528952232,3.3333333333333335e-05,0.0019667074134205667,-0.013534286228556533,0.083423435342065,0.21687245956631804,0.27307367189239606,1,0,0,0
2011-05-01,PFE,Healthcare,0.0228894796761698,-0.0135009528952232,3.3333333333333335e-05,0.02285614634283647,-0.013534286228556533,0.0324964612380254,0.06055136512366686,0.30838595149454795,0,0,1,0
2011-05-01,PG,Consumer,0.0409191734088105,-0.0135009528952232,3.3333333333333335e-05,0.040885840075477166,-0.013534286228556533,0.0535715575111792,0.03281362280389805,0.07642190950853167,0,0,0,1
2011-05-01,UNH,Healthcare,-0.005688090185828,-0.0135009528952232,3.3333333333333335e-05,-0.0057214235191613335,-0.013534286228556533,0.0922943556196382,0.05458840407559387,0.6486850603360645,0,0,1,0
2011-05-01,WMT,Consumer,0.0043650167156705,-0.0135009528952232,3.3333333333333335e-05,0.0043316833823371665,-0.013534286228556533,0.0636957248445928,0.049124946260208836,0.04999582233679556,0,0,0,1
2011-06-01,AAPL,Technology,-0.0349595062643841,-0.0182574616524793,3.3333333333333335e-05,-0.034992839597717436,-0.018290794985812632,-0.0065696216755751,0.05562511411313198,0.3540564806155957,1,0,0,0
2011-06-01,AMZN,Technology,0.039656248639357,-0.0182574616524793,3.3333333333333335e-05,0.039622915306023666,-0.018290794985812632,0.0044942165380894,0.09154190041056254,0.5677507864810842,1,0,0,0
2011-06-01,BAC,Financials,-0.0672343799963786,-0.0182574616524793,3.3333333333333335e-05,-0.06726771332971193,-0.018290794985812632,-0.0431599116588174,0.09482779752538315,-0.2511896524074636,0,1,0,0
2011-06-01,C,Financials,0.0121579964150857,-0.0182574616524793,3.3333333333333335e-05,0.012124663081752366,-0.018290794985812632,-0.1034863689032463,0.07334538900522698,0.03914136472331364,0,1,0,0
2011-06-01,COST,Consumer,-0.0121510245342744,-0.0182574616524793,3.3333333333333335e-05,-0.012184357867607734,-0.018290794985812632,0.0196572620307278,0.05878900638512117,0.43453657047891703,0,0,0,1
2011-06-01,GOOGL,Technology,-0.0427962907056738,-0.0182574616524793,3.3333333333333335e-05,-0.042829624039007134,-0.018290794985812632,-0.0277153623685286,0.09402751694809847,0.08934792540937675,1,0,0,0
2011-06-01,GS,Financials,-0.0518528676707837,-0.0182574616524793,3.3333333333333335e-05,-0.05188620100411704,-0.018290794985812632,-0.0680753794200311,0.08014078409743355,-0.015328313870649701,0,1,0,0
2011-06-01,JNJ,Healthcare,-0.0028693374094233,-0.0182574616524793,3.3333333333333335e-05,-0.002902670742756633,-0.018290794985812632,0.0238889304445142,0.04740369597355829,0.19657096291632858,0,0,1,0
2011-06-01,JPM,Financials,-0.0531912233469354,-0.0182574616524793,3.3333333333333335e-05,-0.053224556680268736,-0.018290794985812632,-0.0472386592868052,0.06851012193381559,0.10258166934895385,0,1,0,0
2011-06-01,KO,Consumer,0.007184501187385,-0.0182574616524793,3.3333333333333335e-05,0.007151167854051667,-0.018290794985812632,-0.0096357734296151,0.040342735864233495,0.33950116003654696,0,0,0,1
2011-06-01,MCD,Consumer,0.0418032095923963,-0.0182574616524793,3.3333333333333335e-05,0.04176987625906296,-0.018290794985812632,0.0412463354075525,0.02868123987373727,0.25874071385166886,0,0,0,1
2011-06-01,MRK,Healthcare,-0.0397280280808551,-0.0182574616524793,3.3333333333333335e-05,-0.039761361414188436,-0.018290794985812632,0.0222532624938733,0.04598824766885911,0.13953386555689762,0,0,1,0
2011-06-01,MS,Financials,-0.0475993919265222,-0.0182574616524793,3.3333333333333335e-05,-0.047632725259855534,-0.018290794985812632,-0.074308945575287,0.08895506418018138,-0.10203129286847035,0,1,0,0
2011-06-01,MSFT,Technology,0.0463985501307795,-0.0182574616524793,3.3333333333333335e-05,0.046365216797446165,-0.018290794985812632,-0.0351087076706974,0.07650580027650661,-0.009215045283528678,1,0,0,0
2011-06-01,NVDA,Technology,-0.2045907233209176,-0.0182574616524793,3.3333333333333335e-05,-0.20462405665425093,-0.018290794985812632,0.0020000407467539,0.20786705513875792,0.5251135915783627,1,0,0,0
2011-06-01,PFE,Healthcare,-0.0303301003312588,-0.0182574616524793,3.3333333333333335e-05,-0.030363433664592133,-0.018290794985812632,0.0228894796761698,0.04900272105459326,0.46926736252624135,0,0,1,0
2011-06-01,PG,Consumer,-0.0511944056204348,-0.0182574616524793,3.3333333333333335e-05,-0.051227738953768136,-0.018290794985812632,0.0409191734088105,0.03376477950146905,0.13138597611992986,0,0,0,1
2011-06-01,UNH,Healthcare,0.0537280591920186,-0.0182574616524793,3.3333333333333335e-05,0.05369472585868526,-0.018290794985812632,-0.005688090185828,0.050541470267939946,0.7076634824545429,0,0,1,0
2011-06-01,WMT,Consumer,-0.0313001101529838,-0.0182574616524793,3.3333333333333335e-05,-0.031333443486317135,-0.018290794985812632,0.0043650167156705,0.045035312885034,0.11882185759023733,0,0,0,1
2011-07-01,AAPL,Technology,0.1632853529850797,-0.0214744253066662,3.3333333333333335e-05,0.16325201965174638,-0.021507758639999534,-0.0349595062643841,0.05686365138066115,0.33451266706128413,1,0,0,0
2011-07-01,AMZN,Technology,0.0881706419031886,-0.0214744253066662,3.3333333333333335e-05,0.08813730856985527,-0.021507758639999534,0.039656248639357,0.07421833318570492,0.8715907080381755,1,0,0,0
2011-07-01,BAC,Financials,-0.1132961040176068,-0.0214744253066662,3.3333333333333335e-05,-0.11332943735094013,-0.021507758639999534,-0.0672343799963786,0.09371870786992642,-0.23494537327147902,0,1,0,0
2011-07-01,C,Financials,-0.079250679594742,-0.0214744253066662,3.3333333333333335e-05,-0.07928401292807533,-0.021507758639999534,0.0121579964150857,0.07118147586031881,0.10772016545011875,0,1,0,0
2011-07-01,COST,Consumer,-0.0368048534530854,-0.0214744253066662,3.3333333333333335e-05,-0.03683818678641874,-0.021507758639999534,-0.0121510245342744,0.054065817933476285,0.5003430824086392,0,0,0,1
2011-07-01,GOOGL,Technology,0.1921679879461952,-0.0214744253066662,3.3333333333333335e-05,0.19213465461286186,-0.021507758639999534,-0.0427962907056738,0.09096550700172805,0.1380603140786547,1,0,0,0
2011-07-01,GS,Financials,0.0141260235518909,-0.0214744253066662,3.3333333333333335e-05,0.014092690218557568,-0.021507758639999534,-0.0518528676707837,0.07711414557571829,0.02344051354140686,0,1,0,0
2011-07-01,JNJ,Healthcare,-0.0260069246128087,-0.0214744253066662,3.3333333333333335e-05,-0.026040257946142033,-0.021507758639999534,-0.0028693374094233,0.04765871932072175,0.16712377930575784,0,0,1,0
2011-07-01,JPM,Financials,-0.0119687012844009,-0.0214744253066662,3.3333333333333335e-05,-0.012002034617734234,-0.021507758639999534,-0.0531912233469354,0.06629099473838954,0.12862298612596224,0,1,0,0
2011-07-01,KO,Consumer,0.018017626976807,-0.0214744253066662,3.3333333333333335e-05,0.01798429364347367,-0.021507758639999534,0.007184501187385,0.03768251142766195,0.3835791839501077,0,0,0,1
2011-07-01,MCD,Consumer,0.0256165915720734,-0.0214744253066662,3.3333333333333335e-05,0.025583258238740067,-0.021507758639999534,0.0418032095923963,0.028029505144983244,0.320176612040896,0,0,0,1
2011-07-01,MRK,Healthcare,-0.0223910468783399,-0.0214744253066662,3.3333333333333335e-05,-0.02242438021167323,-0.021507758639999534,-0.0397280280808551,0.047430339832503,0.05420959538660375,0,0,1,0
2011-07-01,MS,Financials,-0.033029250981182,-0.0214744253066662,3.3333333333333335e-05,-0.033062584314515336,-0.021507758639999534,-0.0475993919265222,0.07912614041279495,-0.0010696397634921695,0,1,0,0
2011-07-01,MSFT,Technology,0.0538464429636735,-0.0214744253066662,3.3333333333333335e-05,0.05381310963034017,-0.021507758639999534,0.0463985501307795,0.0695734011441348,0.1572425051780364,1,0,0,0
2011-07-01,NVDA,Technology,-0.1323712711918253,-0.0214744253066662,3.3333333333333335e-05,-0.13240460452515862,-0.021507758639999534,-0.2045907233209176,0.20570243371420283,0.5612141411797411,1,0,0,0
2011-07-01,PFE,Healthcare,-0.065533960911826,-0.0214744253066662,3.3333333333333335e-05,-0.06556729424515934,-0.021507758639999534,-0.0303301003312588,0.04553561210752098,0.5057476126369249,0,0,1,0
2011-07-01,PG,Consumer,-0.0327195154989126,-0.0214744253066662,3.3333333333333335e-05,-0.03275284883224594,-0.021507758639999534,-0.0511944056204348,0.03748624336470438,0.09333114558876976,0,0,0,1
2011-07-01,UNH,Healthcare,-0.03461917114051,-0.0214744253066662,3.3333333333333335e-05,-0.03465250447384333,-0.021507758639999534,0.0537280591920186,0.045517614798411155,0.8418640467417611,0,0,1,0
2011-07-01,WMT,Consumer,-0.0080915880025899,-0.0214744253066662,3.3333333333333335e-05,-0.008124921335923234,-0.021507758639999534,-0.0313001101529838,0.043805718663604276,0.13335847531176626,0,0,0,1
2011-08-01,AAPL,Technology,-0.0144692852197577,-0.0567911079523288,1.6666666666666667e-05,-0.014485951886424367,-0.056807774618995464,0.1632853529850797,0.06930355368847903,0.5179005043735161,1,0,0,0
2011-08-01,AMZN,Technology,-0.0327611030495376,-0.0567911079523288,1.6666666666666667e-05,-0.03277776971620427,-0.056807774618995464,0.0881706419031886,0.07452509047252943,0.8875224059677405,1,0,0,0
2011-08-01,BAC,Financials,-0.1585993962536993,-0.0567911079523288,1.6666666666666667e-05,-0.15861606292036595,-0.056807774618995464,-0.1132961040176068,0.09767505615685039,-0.3061281231633618,0,1,0,0
2011-08-01,C,Financials,-0.189929294713361,-0.0567911079523288,1.6666666666666667e-05,-0.18994596138002767,-0.056807774618995464,-0.079250679594742,0.07079695454931074,-0.0646472873081475,0,1,0,0
2011-08-01,COST,Consumer,0.0037061181398236,-0.0567911079523288,1.6666666666666667e-05,0.0036894514731569336,-0.056807774618995464,-0.0368048534530854,0.05798223299092521,0.397215553681723,0,0,0,1
2011-08-01,GOOGL,Technology,-0.1039109146687815,-0.0567911079523288,1.6666666666666667e-05,-0.10392758133544816,-0.056807774618995464,0.1921679879461952,0.10272135785212391,0.24510675246512026,1,0,0,0
2011-08-01,GS,Financials,-0.1389197436406883,-0.0567911079523288,1.6666666666666667e-05,-0.13893641030735496,-0.056807774618995464,0.0141260235518909,0.06263146051278957,-0.09663920302341333,0,1,0,0
2011-08-01,JNJ,Healthcare,0.0155887355559274,-0.0567911079523288,1.6666666666666667e-05,0.015572068889260734,-0.056807774618995464,-0.0260069246128087,0.04829025130662724,0.15575254620897772,0,0,1,0
2011-08-01,JPM,Financials,-0.0657414138385558,-0.0567911079523288,1.6666666666666667e-05,-0.06575808050522247,-0.056807774618995464,-0.0119687012844009,0.0603787568745603,0.01351478711320242,0,1,0,0
2011-08-01,KO,Consumer,0.0358769028793541,-0.0567911079523288,1.6666666666666667e-05,0.035860236212687434,-0.056807774618995464,0.018017626976807,0.027803009064854983,0.27022736966936245,0,0,0,1
2011-08-01,MCD,Consumer,0.0454440089064958,-0.0567911079523288,1.6666666666666667e-05,0.04542734223982914,-0.056807774618995464,0.0256165915720734,0.025835452273051937,0.27904320471439403,0,0,0,1
2011-08-01,MRK,Healthcare,-0.0301789632471994,-0.0567911079523288,1.6666666666666667e-05,-0.030195629913866068,-0.056807774618995464,-0.0223910468783399,0.048060675923419026,0.03438722810495842,0,0,1,0
2011-08-01,MS,Financials,-0.2118073650917205,-0.0567911079523288,1.6666666666666667e-05,-0.21182403175838715,-0.056807774618995464,-0.033029250981182,0.06126580193263597,-0.16934487929221742,0,1,0,0
2011-08-01,MSFT,Technology,-0.0291972937075705,-0.0567911079523288,1.6666666666666667e-05,-0.02921396037423717,-0.056807774618995464,0.0538464429636735,0.06245695818247267,0.08725206665456131,1,0,0,0
2011-08-01,NVDA,Technology,-0.0375992349896414,-0.0567911079523288,1.6666666666666667e-05,-0.037615901656308064,-0.056807774618995464,-0.1323712711918253,0.20811997390138698,0.5048966365561656,1,0,0,0
2011-08-01,PFE,Healthcare,-0.0140260669665596,-0.0567911079523288,1.6666666666666667e-05,-0.014042733633226267,-0.056807774618995464,-0.065533960911826,0.05362442170698423,0.33765496617477075,0,0,1,0
2011-08-01,PG,Consumer,0.0440996247304472,-0.0567911079523288,1.6666666666666667e-05,0.044082958063780535,-0.056807774618995464,-0.0327195154989126,0.03903515702085531,0.03715404353936003,0,0,0,1
2011-08-01,UNH,Healthcare,-0.0425145957828783,-0.0567911079523288,1.6666666666666667e-05,-0.042531262449544964,-0.056807774618995464,-0.03461917114051,0.051255877232481394,0.651461731629968,0,0,1,0
2011-08-01,WMT,Consumer,0.0091060257323523,-0.0567911079523288,1.6666666666666667e-05,0.009089359065685634,-0.056807774618995464,-0.0080915880025899,0.04064911123984685,0.055669786414858535,0,0,0,1
2011-09-01,AAPL,Technology,-0.0091211267083278,-0.0717619880808965,8.333333333333334e-06,-0.009129460041661134,-0.07177032141422983,-0.0144692852197577,0.06525727468122716,0.5830113816331002,1,0,0,0
2011-09-01,AMZN,Technology,0.0046461213952082,-0.0717619880808965,8.333333333333334e-06,0.004637788061874867,-0.07177032141422983,-0.0327611030495376,0.07884474629958724,0.7241849763021515,1,0,0,0
2011-09-01,BAC,Financials,-0.2499945289128968,-0.0717619880808965,8.333333333333334e-06,-0.25000286224623014,-0.07177032141422983,-0.1585993962536993,0.10219346550212763,-0.3421436344112203,0,1,0,0
2011-09-01,C,Financials,-0.1748787693971889,-0.0717619880808965,8.333333333333334e-06,-0.17488710273052224,-0.07177032141422983,-0.189929294713361,0.0857021991168534,-0.1626473025096703,0,1,0,0
2011-09-01,COST,Consumer,0.0490295754277176,-0.0717619880808965,8.333333333333334e-06,0.04902124209438427,-0.07177032141422983,0.0037061181398236,0.057632260986597454,0.40760623683932473,0,0,0,1
2011-09-01,GOOGL,Technology,-0.0479147246426746,-0.0717619880808965,8.333333333333334e-06,-0.04792305797600793,-0.07177032141422983,-0.1039109146687815,0.10578518752993911,0.2020800304416377,1,0,0,0
2011-09-01,GS,Financials,-0.1839962195166931,-0.0717619880808965,8.333333333333334e-06,-0.18400455285002643,-0.07177032141422983,-0.1389197436406883,0.06951769990917517,-0.14322806593804638,0,1,0,0
2011-09-01,JNJ,Healthcare,-0.023443303857056,-0.0717619880808965,8.333333333333334e-06,-0.023451637190389334,-0.07177032141422983,0.0155887355559274,0.04725507143944734,0.1957957718838612,0,0,1,0
2011-09-01,JPM,Financials,-0.1980828035057142,-0.0717619880808965,8.333333333333334e-06,-0.19809113683904753,-0.07177032141422983,-0.0657414138385558,0.056365192198398924,0.047536130624475925,0,1,0,0
2011-09-01,KO,Consumer,-0.0410216427388167,-0.0717619880808965,8.333333333333334e-06,-0.04102997607215003,-0.07177032141422983,0.0358769028793541,0.028054377699494745,0.2976685452216721,0,0,0,1
2011-09-01,MCD,Consumer,-0.0220768946147114,-0.0717619880808965,8.333333333333334e-06,-0.022085227948044732,-0.07177032141422983,0.0454440089064958,0.025625790066340273,0.2762210957626028,0,0,0,1
2011-09-01,MRK,Healthcare,-0.0120844112374699,-0.0717619880808965,8.333333333333334e-06,-0.012092744570803234,-0.07177032141422983,-0.0301789632471994,0.04869595144843197,-0.016801462925985944,0,0,1,0
2011-09-01,MS,Financials,-0.2280001380493216,-0.0717619880808965,8.333333333333334e-06,-0.22800847138265493,-0.07177032141422983,-0.2118073650917205,0.08218724815679133,-0.28561896839059164,0,1,0,0
2011-09-01,MSFT,Technology,-0.0583797835658487,-0.0717619880808965,8.333333333333334e-06,-0.05838811689918203,-0.07177032141422983,-0.0291972937075705,0.05571858744969941,0.16074280248960204,1,0,0,0
2011-09-01,NVDA,Technology,-0.060105107428391,-0.0717619880808965,8.333333333333334e-06,-0.060113440761724334,-0.07177032141422983,-0.0375992349896414,0.20952201133992357,0.42658147441843175,1,0,0,0
2011-09-01,PFE,Healthcare,-0.0581082349871567,-0.0717619880808965,8.333333333333334e-06,-0.05811656832049003,-0.07177032141422983,-0.0140260669665596,0.05355119931701212,0.24345669253696434,0,0,1,0
2011-09-01,PG,Consumer,-0.00785203636885,-0.0717619880808965,8.333333333333334e-06,-0.007860369702183335,-0.07177032141422983,0.0440996247304472,0.04007195372133543,0.10131287200158878,0,0,0,1
2011-09-01,UNH,Healthcare,-0.0294614519969945,-0.0717619880808965,8.333333333333334e-06,-0.029469785330327833,-0.07177032141422983,-0.0425145957828783,0.057016283629058945,0.5179402772077184,0,0,1,0
2011-09-01,WMT,Consumer,-0.0171937621015697,-0.0717619880808965,8.333333333333334e-06,-0.01720209543490303,-0.07177032141422983,0.0091060257323523,0.039831763020824196,0.0875911987836655,0,0,0,1
2011-10-01,AAPL,Technology,0.0615232022007996,0.1077230384374414,1.6666666666666667e-05,0.06150653553413293,0.10770637177077473,-0.0091211267083278,0.05289192573171809,0.343858635506324,1,0,0,0
2011-10-01,AMZN,Technology,-0.0125791689082843,0.1077230384374414,1.6666666666666667e-05,-0.012595835574950967,0.10770637177077473,0.0046461213952082,0.04393358357835686,0.3767349254824306,1,0,0,0
2011-10-01,BAC,Financials,0.1160128552823585,0.1077230384374414,1.6666666666666667e-05,0.11599618861569183,0.10770637177077473,-0.2499945289128968,0.11649957580609988,-0.5307086867126226,0,1,0,0
2011-10-01,C,Financials,0.2330205950676522,0.1077230384374414,1.6666666666666667e-05,0.23300392840098552,0.10770637177077473,-0.1748787693971889,0.09487065804921982,-0.3444237489220279,0,1,0,0
2011-10-01,COST,Consumer,0.0136371409467799,0.1077230384374414,1.6666666666666667e-05,0.013620474280113233,0.10770637177077473,0.0490295754277176,0.045559551410413374,0.28898468677263867,0,0,0,1
2011-10-01,GOOGL,Technology,0.1506676448549491,0.1077230384374414,1.6666666666666667e-05,0.15065097818828244,0.10770637177077473,-0.0479147246426746,0.09626694104138458,-0.02044531215724077,1,0,0,0
2011-10-01,GS,Financials,0.1586460199657964,0.1077230384374414,1.6666666666666667e-05,0.15862935329912972,0.10770637177077473,-0.1839962195166931,0.081777896743604,-0.33952134503126774,0,1,0,0
2011-10-01,JNJ,Healthcare,0.0109904865739998,0.1077230384374414,1.6666666666666667e-05,0.010973819907333133,0.10770637177077473,-0.023443303857056,0.04086518434604459,0.06461727724337107,0,0,1,0
2011-10-01,JPM,Financials,0.1540502548496278,0.1077230384374414,1.6666666666666667e-05,0.15403358818296115,0.10770637177077473,-0.1980828035057142,0.0795388284611601,-0.1974838177688446,0,1,0,0
2011-10-01,KO,Consumer,0.0181462176259363,0.1077230384374414,1.6666666666666667e-05,0.01812955095926963,0.10770637177077473,-0.0410216427388167,0.03218944402172652,0.1882959886732649,0,0,0,1
2011-10-01,MCD,Consumer,0.0572767826520628,0.1077230384374414,1.6666666666666667e-05,0.05726011598539613,0.10770637177077473,-0.0220768946147114,0.028309871493704775,0.21466163081998313,0,0,0,1
2011-10-01,MRK,Healthcare,0.0677248440775986,0.1077230384374414,1.6666666666666667e-05,0.06770817741093194,0.10770637177077473,-0.0120844112374699,0.04641466023903929,-0.07222197911698458,0,0,1,0
2011-10-01,MS,Financials,0.3056993425761707,0.1077230384374414,1.6666666666666667e-05,0.30568267590950404,0.10770637177077473,-0.2280001380493216,0.1004041177469222,-0.4482746023973443,0,1,0,0
2011-10-01,MSFT,Technology,0.0699076865064496,0.1077230384374414,1.6666666666666667e-05,0.06989101983978294,0.10770637177077473,-0.0583797835658487,0.058135053817734136,0.041899096664604674,1,0,0,0
2011-10-01,NVDA,Technology,0.1830533569331505,0.1077230384374414,1.6666666666666667e-05,0.18303669026648384,0.10770637177077473,-0.060105107428391,0.20105129790268422,0.07106204643437608,1,0,0,0
2011-10-01,PFE,Healthcare,0.0893664480603335,0.1077230384374414,1.6666666666666667e-05,0.08934978139366684,0.10770637177077473,-0.0581082349871567,0.052747717450230006,0.07329899006371199,0,0,1,0
2011-10-01,PG,Consumer,0.0128209733309683,0.1077230384374414,1.6666666666666667e-05,0.012804306664301634,0.10770637177077473,-0.00785203636885,0.04035381685698597,0.08719973368333633,0,0,0,1
2011-10-01,UNH,Healthcare,0.0441538196990463,0.1077230384374414,1.6666666666666667e-05,0.04413715303237963,0.10770637177077473,-0.0294614519969945,0.05534639840038104,0.33097523797395145,0,0,1,0
2011-10-01,WMT,Consumer,0.0928707976227543,0.1077230384374414,1.6666666666666667e-05,0.09285413095608763,0.10770637177077473,-0.0171937621015697,0.03443660185451655,-0.004423583626604333,0,0,0,1
2011-11-01,AAPL,Technology,-0.0557832806070391,-0.0050587151070113,8.333333333333334e-06,-0.05579161394037243,-0.005067048440344633,0.0615232022007996,0.052940023873306,0.3448732973511255,1,0,0,0
2011-11-01,AMZN,Technology,-0.0993864342317581,-0.0050587151070113,8.333333333333334e-06,-0.09939476756509143,-0.005067048440344633,-0.0125791689082843,0.04465774275773808,0.29219868700817764,1,0,0,0
2011-11-01,BAC,Financials,-0.2035136541079933,-0.0050587151070113,8.333333333333334e-06,-0.20352198744132663,-0.005067048440344633,0.1160128552823585,0.12381912500726854,-0.4012730000553584,0,1,0,0
2011-11-01,C,Financials,-0.1301046603272755,-0.0050587151070113,8.333333333333334e-06,-0.13011299366060883,-0.005067048440344633,0.2330205950676522,0.11932956408693587,-0.2420610042105139,0,1,0,0
2011-11-01,COST,Consumer,0.0246242804437111,-0.0050587151070113,8.333333333333334e-06,0.02461594711037777,-0.005067048440344633,0.0136371409467799,0.04303680894641869,0.3423645307633967,0,0,0,1
2011-11-01,GOOGL,Technology,0.0113899404375095,-0.0050587151070113,8.333333333333334e-06,0.011381607104176166,-0.005067048440344633,0.1506676448549491,0.09377942806555138,-0.03431658516232494,1,0,0,0
2011-11-01,GS,Financials,-0.1249652927606009,-0.0050587151070113,8.333333333333334e-06,-0.12497362609393423,-0.005067048440344633,0.1586460199657964,0.08953700386169323,-0.31334069674472376,0,1,0,0
2011-11-01,JNJ,Healthcare,0.0051250987009126,-0.0050587151070113,8.333333333333334e-06,0.005116765367579267,-0.005067048440344633,0.0109904865739998,0.04028381278848451,0.04626093365078132,0,0,1,0
2011-11-01,JPM,Financials,-0.1011904839797716,-0.0050587151070113,8.333333333333334e-06,-0.10119881731310493,-0.005067048440344633,0.1540502548496278,0.09337885149846369,-0.06327322740001873,0,1,0,0
2011-11-01,KO,Consumer,-0.0159543929283448,-0.0050587151070113,8.333333333333334e-06,-0.015962726261678134,-0.005067048440344633,0.0181462176259363,0.029577097377145988,0.14593273176932264,0,0,0,1
2011-11-01,MCD,Consumer,0.0287556822190255,-0.0050587151070113,8.333333333333334e-06,0.028747348885692168,-0.005067048440344633,0.0572767826520628,0.0297187006887847,0.23040026792613144,0,0,0,1
2011-11-01,MRK,Healthcare,0.0362317552130939,-0.0050587151070113,8.333333333333334e-06,0.03622342187976057,-0.005067048440344633,0.0677248440775986,0.050990508292949446,-0.006159565181176552,0,0,1,0
2011-11-01,MS,Financials,-0.1590377490540966,-0.0050587151070113,8.333333333333334e-06,-0.15904608238742993,-0.005067048440344633,0.3056993425761707,0.1422842711686923,-0.2851157597472411,0,1,0,0
2011-11-01,MSFT,Technology,-0.0394290248860578,-0.0050587151070113,8.333333333333334e-06,-0.03943735821939113,-0.005067048440344633,0.0699076865064496,0.055839036434170486,0.023617487835985163,1,0,0,0
2011-11-01,NVDA,Technology,0.0560806835361067,-0.0050587151070113,8.333333333333334e-06,0.05607235020277337,-0.005067048440344633,0.1830533569331505,0.20641567331219174,0.23128121656456013,1,0,0,0
2011-11-01,PFE,Healthcare,0.0420560662144502,-0.0050587151070113,8.333333333333334e-06,0.042047732881116864,-0.005067048440344633,0.0893664480603335,0.05787006320070265,0.15243626214207073,0,0,1,0
2011-11-01,PG,Consumer,0.0172903847409187,-0.0050587151070113,8.333333333333334e-06,0.017282051407585368,-0.005067048440344633,0.0128209733309683,0.036949346421652554,0.03878071456705823,0,0,0,1
2011-11-01,UNH,Healthcare,0.0162535497901048,-0.0050587151070113,8.333333333333334e-06,0.016245216456771468,-0.005067048440344633,0.0441538196990463,0.05559892096274023,0.34853192407294387,0,0,1,0
2011-11-01,WMT,Consumer,0.0384343356234919,-0.0050587151070113,8.333333333333334e-06,0.038426002290158565,-0.005067048440344633,0.0928707976227543,0.04364163000613549,0.07498048895663323,0,0,0,1
2011-12-01,AAPL,Technology,0.0596546179978767,0.0085327636666361,8.333333333333334e-06,0.059646284664543366,0.008524430333302765,-0.0557832806070391,0.057858713742690325,0.22834647846023137,1,0,0,0
2011-12-01,AMZN,Technology,-0.0997972134002622,0.0085327636666361,8.333333333333334e-06,-0.09980554673359553,0.008524430333302765,-0.0993864342317581,0.05486122142062694,0.09629413271753018,1,0,0,0
2011-12-01,BAC,Financials,0.0240749520497796,0.0085327636666361,8.333333333333334e-06,0.02406661871644627,0.008524430333302765,-0.2035136541079933,0.1331240128587465,-0.5013466704456812,0,1,0,0
2011-12-01,C,Financials,-0.0422553538015031,0.0085327636666361,8.333333333333334e-06,-0.042263687134836435,0.008524430333302765,-0.1301046603272755,0.12338126877098402,-0.34538171353060143,0,1,0,0
2011-12-01,COST,Consumer,-0.0204182869559299,0.0085327636666361,8.333333333333334e-06,-0.02042662028926323,0.008524430333302765,0.0246242804437111,0.039424424481133494,0.2728463583712353,0,0,0,1
2011-12-01,GOOGL,Technology,0.0775954645173762,0.0085327636666361,8.333333333333334e-06,0.07758713118404287,0.008524430333302765,0.0113899404375095,0.0888356056152623,0.07860229047713374,1,0,0,0
2011-12-01,GS,Financials,-0.0529943480593287,0.0085327636666361,8.333333333333334e-06,-0.05300268139266203,0.008524430333302765,-0.1249652927606009,0.0939114800844563,-0.3799470372755227,0,1,0,0
2011-12-01,JNJ,Healthcare,0.0226917846892329,0.0085327636666361,8.333333333333334e-06,0.022683451355899567,0.008524430333302765,0.0051250987009126,0.038390102333707855,0.08904107648490012,0,0,1,0
2011-12-01,JPM,Financials,0.0736197100574664,0.0085327636666361,8.333333333333334e-06,0.07361137672413307,0.008524430333302765,-0.1011904839797716,0.09774736880247936,-0.1539746587104741,0,1,0,0
2011-12-01,KO,Consumer,0.0483158930231457,0.0085327636666361,8.333333333333334e-06,0.04830755968981237,0.008524430333302765,-0.0159543929283448,0.029970041669259744,0.09462574153531755,0,0,0,1
2011-12-01,MCD,Consumer,0.0582567522409476,0.0085327636666361,8.333333333333334e-06,0.058248418907614265,0.008524430333302765,0.0287556822190255,0.029654198058523568,0.25721340065234544,0,0,0,1
2011-12-01,MRK,Healthcare,0.0545456284092693,0.0085327636666361,8.333333333333334e-06,0.054537295075935965,0.008524430333302765,0.0362317552130939,0.049176694438471204,0.08482220676627827,0,0,1,0
2011-12-01,MS,Financials,0.0229885630708603,0.0085327636666361,8.333333333333334e-06,0.022980229737526968,0.008524430333302765,-0.1590377490540966,0.14792306002051,-0.38999585930120106,0,1,0,0
2011-12-01,MSFT,Technology,0.0224968924003059,0.0085327636666361,8.333333333333334e-06,0.022488559066972568,0.008524430333302765,-0.0394290248860578,0.05473290715497358,0.038142416693999426,1,0,0,0
2011-12-01,NVDA,Technology,-0.1132435046143571,0.0085327636666361,8.333333333333334e-06,-0.11325183794769043,0.008524430333302765,0.0560806835361067,0.20429211885486825,0.14841995697226484,1,0,0,0
2011-12-01,PFE,Healthcare,0.0890792413938128,0.0085327636666361,8.333333333333334e-06,0.08907090806047947,0.008524430333302765,0.0420560662144502,0.05280871240412839,0.28341927206444506,0,0,1,0
2011-12-01,PG,Consumer,0.0331422506944236,0.0085327636666361,8.333333333333334e-06,0.03313391736109027,0.008524430333302765,0.0172903847409187,0.03531753482490107,0.09160900540884964,0,0,0,1
2011-12-01,UNH,Healthcare,0.0391636041134613,0.0085327636666361,8.333333333333334e-06,0.03915527078012797,0.008524430333302765,0.0162535497901048,0.05553538709085644,0.3528126064606065,0,0,1,0
2011-12-01,WMT,Consumer,0.0146010142532702,0.0085327636666361,8.333333333333334e-06,0.014592680919936867,0.008524430333302765,0.0384343356234919,0.04445803769331182,0.1179470390369719,0,0,0,1
2012-01-01,AAPL,Technology,0.1271113505902528,0.0435830627049853,2.4999999999999998e-05,0.1270863505902528,0.0435580627049853,0.0596546179978767,0.05887789101257547,0.2555798638679645,1,0,0,0
2012-01-01,AMZN,Technology,0.1232813890258583,0.0435830627049853,2.4999999999999998e-05,0.12325638902585831,0.0435580627049853,-0.0997972134002622,0.06277216776310078,-0.038333363003201004,1,0,0,0
2012-01-01,BAC,Financials,0.2823737815382554,0.0435830627049853,2.4999999999999998e-05,0.2823487815382554,0.0435580627049853,0.0240749520497796,0.10706919297934518,-0.5808316941717879,0,1,0,0
2012-01-01,C,Financials,0.1676172646873064,0.0435830627049853,2.4999999999999998e-05,0.1675922646873064,0.0435580627049853,-0.0422553538015031,0.11345383903899744,-0.4432938753170006,0,1,0,0
2012-01-01,COST,Consumer,-0.0126020956381778,0.0435830627049853,2.4999999999999998e-05,-0.0126270956381778,0.0435580627049853,-0.0204182869559299,0.038075855350655136,0.16742834902072,0,0,0,1
2012-01-01,GOOGL,Technology,-0.1018578604990921,0.0435830627049853,2.4999999999999998e-05,-0.10188286049909209,0.0435580627049853,0.0775954645173762,0.0893986216656592,0.08742869030695699,1,0,0,0
2012-01-01,GS,Financials,0.2326659796605674,0.0435830627049853,2.4999999999999998e-05,0.2326409796605674,0.0435580627049853,-0.0529943480593287,0.08677008079385655,-0.4559767036580318,0,1,0,0
2012-01-01,JNJ,Healthcare,0.0050321439852647,0.0435830627049853,2.4999999999999998e-05,0.0050071439852647,0.0435580627049853,0.0226917846892329,0.038605411070366115,0.09889463842959101,0,0,1,0
2012-01-01,JPM,Financials,0.1218043997574289,0.0435830627049853,2.4999999999999998e-05,0.12177939975742891,0.0435580627049853,0.0736197100574664,0.09098550087746389,-0.19918012140914476,0,1,0,0
2012-01-01,KO,Consumer,-0.0348721424999181,0.0435830627049853,2.4999999999999998e-05,-0.0348971424999181,0.0435580627049853,0.0483158930231457,0.029965412150476597,0.09458626093297506,0,0,0,1
2012-01-01,MCD,Consumer,-0.0127576472680963,0.0435830627049853,2.4999999999999998e-05,-0.012782647268096302,0.0435580627049853,0.0582567522409476,0.029771171020797092,0.3466070710321425,0,0,0,1
2012-01-01,MRK,Healthcare,0.0273041968001175,0.0435830627049853,2.4999999999999998e-05,0.0272791968001175,0.0435580627049853,0.0545456284092693,0.049866727796860216,0.09415836372205955,0,0,1,0
2012-01-01,MS,Financials,0.2326502736478595,0.0435830627049853,2.4999999999999998e-05,0.2326252736478595,0.0435580627049853,0.0229885630708603,0.14220850434758342,-0.4390404238891724,0,1,0,0
2012-01-01,MSFT,Technology,0.1375198535630402,0.0435830627049853,2.4999999999999998e-05,0.1374948535630402,0.0435580627049853,0.0224968924003059,0.04381318749880522,-0.045156696848571376,1,0,0,0
2012-01-01,NVDA,Technology,0.0656566377612877,0.0435830627049853,2.4999999999999998e-05,0.0656316377612877,0.0435580627049853,-0.1132435046143571,0.2052392114719436,-0.10000016906656628,1,0,0,0
2012-01-01,PFE,Healthcare,-0.0110911931704614,0.0435830627049853,2.4999999999999998e-05,-0.0111161931704614,0.0435580627049853,0.0890792413938128,0.053224058921904654,0.28784146066471306,0,0,1,0
2012-01-01,PG,Consumer,-0.0550141434133175,0.0435830627049853,2.4999999999999998e-05,-0.0550391434133175,0.0435580627049853,0.0331422506944236,0.033378147905160326,0.07063549769912458,0,0,0,1
2012-01-01,UNH,Healthcare,0.0253674163658879,0.0435830627049853,2.4999999999999998e-05,0.0253424163658879,0.0435580627049853,0.0391636041134613,0.05428502138957205,0.42175604788582066,0,0,1,0
2012-01-01,WMT,Consumer,0.0331895196125373,0.0435830627049853,2.4999999999999998e-05,0.0331645196125373,0.0435580627049853,0.0146010142532702,0.04427308170549524,0.13763573202268065,0,0,0,1
2012-02-01,AAPL,Technology,0.1883104923659229,0.0405894637681172,7.5e-05,0.1882354923659229,0.0405144637681172,0.1271113505902528,0.06606871506308747,0.3452791014793961,1,0,0,0
2012-02-01,AMZN,Technology,-0.0758588954407266,0.0405894637681172,7.5e-05,-0.07593389544072661,0.0405144637681172,0.1232813890258583,0.06942554535249847,0.1461919028309131,1,0,0,0
2012-02-01,BAC,Financials,0.1178123710453882,0.0405894637681172,7.5e-05,0.1177373710453882,0.0405144637681172,0.2823737815382554,0.14522484211396544,-0.47821502298354945,0,1,0,0
2012-02-01,C,Financials,0.084635217442849,0.0405894637681172,7.5e-05,0.084560217442849,0.0405144637681172,0.1676172646873064,0.12788884842482562,-0.36211749545859895,0,1,0,0
2012-02-01,COST,Consumer,0.0460679012290456,0.0405894637681172,7.5e-05,0.045992901229045605,0.0405144637681172,-0.0126020956381778,0.03846977390260102,0.15865325527130514,0,0,0,1
2012-02-01,GOOGL,Technology,0.0657461787206608,0.0405894637681172,7.5e-05,0.06567117872066079,0.0405144637681172,-0.1018578604990921,0.09509678090322737,-0.033729724938883376,1,0,0,0
2012-02-01,GS,Financials,0.0329239785689861,0.0405894637681172,7.5e-05,0.0328489785689861,0.0405144637681172,0.2326659796605674,0.11850271756931788,-0.310793756383125,0,1,0,0
2012-02-01,JNJ,Healthcare,-0.01259334733176,0.0405894637681172,7.5e-05,-0.01266834733176,0.0405144637681172,0.0050321439852647,0.036310754551172976,0.14285808333628514,0,0,1,0
2012-02-01,JPM,Financials,0.0595835801085955,0.0405894637681172,7.5e-05,0.0595085801085955,0.0405144637681172,0.1218043997574289,0.09716166445158077,-0.15201224418091897,0,1,0,0
2012-02-01,KO,Consumer,0.0345033416389595,0.0405894637681172,7.5e-05,0.034428341638959505,0.0405144637681172,-0.0348721424999181,0.028544537487126563,0.10549666164464533,0,0,0,1
2012-02-01,MCD,Consumer,0.0023220371022156,0.0405894637681172,7.5e-05,0.0022470371022156,0.0405144637681172,-0.0127576472680963,0.024910224141592774,0.3851882284378618,0,0,0,1
2012-02-01,MRK,Healthcare,-0.0026125928957436,0.0405894637681172,7.5e-05,-0.0026875928957436,0.0405144637681172,0.0273041968001175,0.04344239741915905,0.20839490582499032,0,0,1,0
2012-02-01,MS,Financials,-0.003159372949034,0.0405894637681172,7.5e-05,-0.003234372949034,0.0405144637681172,0.2326502736478595,0.1594682043683581,-0.3600401337152386,0,1,0,0
2012-02-01,MSFT,Technology,0.0748390043744551,0.0405894637681172,7.5e-05,0.0747640043744551,0.0405144637681172,0.1375198535630402,0.059630280936727856,0.0932036956907214,1,0,0,0
2012-02-01,NVDA,Technology,0.0257275916781996,0.0405894637681172,7.5e-05,0.025652591678199603,0.0405144637681172,0.0656566377612877,0.1164775420623563,-0.38252512465726685,1,0,0,0
2012-02-01,PFE,Healthcare,-0.0126164308411446,0.0405894637681172,7.5e-05,-0.0126914308411446,0.0405144637681172,-0.0110911931704614,0.05372569933571751,0.2239292623200173,0,0,1,0
2012-02-01,PG,Consumer,0.0812191985903147,0.0405894637681172,7.5e-05,0.0811441985903147,0.0405144637681172,-0.0550141434133175,0.03726487151934449,0.030967020121205557,0,0,0,1
2012-02-01,UNH,Healthcare,0.0764622664619807,0.0405894637681172,7.5e-05,0.0763872664619807,0.0405144637681172,0.0253674163658879,0.04194463615411886,0.278173387391371,0,0,1,0
2012-02-01,WMT,Consumer,-0.0371577003156525,0.0405894637681172,7.5e-05,-0.0372327003156525,0.0405144637681172,0.0331895196125373,0.04356034381510384,0.12431467901551096,0,0,0,1
2012-03-01,AAPL,Technology,0.1052831509558958,0.0313323145314419,6.666666666666667e-05,0.10521648428922913,0.03126564786477523,0.1883104923659229,0.08093688650941311,0.5357441756447392,1,0,0,0
2012-03-01,AMZN,Technology,0.1269964720047307,0.0313323145314419,6.666666666666667e-05,0.12692980533806403,0.03126564786477523,-0.0758588954407266,0.0739644482374367,0.0369322737710569,1,0,0,0
2012-03-01,BAC,Financials,0.2022331293717183,0.0313323145314419,6.666666666666667e-05,0.20216646270505165,0.03126564786477523,0.1178123710453882,0.1508649002874524,-0.43959913401277206,0,1,0,0
2012-03-01,C,Financials,0.0972862379183066,0.0313323145314419,6.666666666666667e-05,0.09721957125163992,0.03126564786477523,0.084635217442849,0.13206286299632414,-0.28743341924708354,0,1,0,0
2012-03-01,COST,Consumer,0.0580807500797786,0.0313323145314419,6.666666666666667e-05,0.058014083413111935,0.03126564786477523,0.0460679012290456,0.03882710474040932,0.16422308933972474,0,0,0,1
2012-03-01,GOOGL,Technology,0.0371856648404178,0.0313323145314419,6.666666666666667e-05,0.03711899817375113,0.03126564786477523,0.0657461787206608,0.09679861756137016,0.007906779118692642,1,0,0,0
2012-03-01,GS,Financials,0.0834257833106772,0.0313323145314419,6.666666666666667e-05,0.08335911664401052,0.03126564786477523,0.0329239785689861,0.11947747828537476,-0.28879780302577107,0,1,0,0
2012-03-01,JNJ,Healthcare,0.0224746512698894,0.0313323145314419,6.666666666666667e-05,0.022407984603222734,0.03126564786477523,-0.01259334733176,0.036554068588450825,0.09779359129480758,0,0,1,0
2012-03-01,JPM,Financials,0.171763643529091,0.0313323145314419,6.666666666666667e-05,0.17169697686242433,0.03126564786477523,0.0595835801085955,0.09821629650927191,-0.1361557190983841,0,1,0,0
2012-03-01,KO,Consumer,0.0594047256983074,0.0313323145314419,6.666666666666667e-05,0.05933805903164074,0.03126564786477523,0.0345033416389595,0.0294362578347422,0.12449581788991759,0,0,0,1
2012-03-01,MCD,Consumer,-0.0049449577290618,0.0313323145314419,6.666666666666667e-05,-0.005011624395728467,0.03126564786477523,0.0023220371022156,0.02597710820339864,0.35152973049718317,0,0,0,1
2012-03-01,MRK,Healthcare,0.0060251173101406,0.0313323145314419,6.666666666666667e-05,0.0059584506434739335,0.03126564786477523,-0.0026125928957436,0.042534666487173425,0.2274404877929932,0,0,1,0
2012-03-01,MS,Financials,0.0593314929406207,0.0313323145314419,6.666666666666667e-05,0.05926482627395403,0.03126564786477523,-0.003159372949034,0.15922172062447454,-0.3691694588306176,0,1,0,0
2012-03-01,MSFT,Technology,0.0230741585593865,0.0313323145314419,6.666666666666667e-05,0.023007491892719834,0.03126564786477523,0.0748390043744551,0.06012644158377974,0.22585590695979918,1,0,0,0
2012-03-01,NVDA,Technology,0.0165020052216879,0.0313323145314419,6.666666666666667e-05,0.016435338555021235,0.03126564786477523,0.0257275916781996,0.1174668596293151,-0.33142132750164244,1,0,0,0
2012-03-01,PFE,Healthcare,0.0830699955174261,0.0313323145314419,6.666666666666667e-05,0.08300332885075942,0.03126564786477523,-0.0126164308411446,0.05299526727788026,0.14442057033263644,0,0,1,0
2012-03-01,PG,Consumer,-0.0060637278078828,0.0313323145314419,6.666666666666667e-05,-0.0061303944745494665,0.03126564786477523,0.0812191985903147,0.04357483804884518,0.10790255701808871,0,0,0,1
2012-03-01,UNH,Healthcare,0.0572199302930569,0.0313323145314419,6.666666666666667e-05,0.057153263626390234,0.03126564786477523,0.0764622664619807,0.044721749476807925,0.3264657569457676,0,0,1,0
2012-03-01,WMT,Consumer,0.0358834915125199,0.0313323145314419,6.666666666666667e-05,0.03581682484585323,0.03126564786477523,-0.0371577003156525,0.03821192665042049,0.1677163529561736,0,0,0,1
2012-04-01,AAPL,Technology,-0.0259692920342884,-0.0074974523724959,6.666666666666667e-05,-0.026035958700955066,-0.007564119039162567,0.1052831509558958,0.08118337825175284,0.7203237127289044,1,0,0,0
2012-04-01,AMZN,Technology,0.1451286930569155,-0.0074974523724959,6.666666666666667e-05,0.14506202639024884,-0.007564119039162567,0.1269964720047307,0.08154277384967923,0.12424354087251177,1,0,0,0
2012-04-01,BAC,Financials,-0.1525602792991005,-0.0074974523724959,6.666666666666667e-05,-0.15262694596576715,-0.007564119039162567,0.2022331293717183,0.16527999897806414,-0.2777465194392724,0,1,0,0
2012-04-01,C,Financials,-0.096033122537126,-0.0074974523724959,6.666666666666667e-05,-0.09609978920379267,-0.007564119039162567,0.0972862379183066,0.1356401490633467,-0.1721170998400594,0,1,0,0
2012-04-01,COST,Consumer,-0.0288546139531918,-0.0074974523724959,6.666666666666667e-05,-0.028921280619858467,-0.007564119039162567,0.0580807500797786,0.039526071527347814,0.253095696435208,0,0,0,1
2012-04-01,GOOGL,Technology,-0.0567495332507886,-0.0074974523724959,6.666666666666667e-05,-0.05681619991745527,-0.007564119039162567,0.0371856648404178,0.09594301641560281,0.09284892289690472,1,0,0,0
2012-04-01,GS,Financials,-0.0741336437352696,-0.0074974523724959,6.666666666666667e-05,-0.07420031040193627,-0.007564119039162567,0.0834257833106772,0.12319201589070598,-0.2059855042742691,0,1,0,0
2012-04-01,JNJ,Healthcare,-0.0130383965351049,-0.0074974523724959,6.666666666666667e-05,-0.013105063201771567,-0.007564119039162567,0.0224746512698894,0.0349626385964458,0.1535220593661315,0,0,1,0
2012-04-01,JPM,Financials,-0.0652458304920382,-0.0074974523724959,6.666666666666667e-05,-0.06531249715870488,-0.007564119039162567,0.171763643529091,0.11095568223512028,0.02517580831650168,0,1,0,0
2012-04-01,KO,Consumer,0.0387638381859021,-0.0074974523724959,6.666666666666667e-05,0.038697171519235435,-0.007564119039162567,0.0594047256983074,0.03183451157146087,0.1478393489547658,0,0,0,1
2012-04-01,MCD,Consumer,-0.0066263837625782,-0.0074974523724959,6.666666666666667e-05,-0.006693050429244866,-0.007564119039162567,-0.0049449577290618,0.02728419982969849,0.32675142070313967,0,0,0,1
2012-04-01,MRK,Healthcare,0.0332654977504747,-0.0074974523724959,6.666666666666667e-05,0.033198831083808035,-0.007564119039162567,0.0060251173101406,0.04266166650708506,0.21837626400484833,0,0,1,0
2012-04-01,MS,Financials,-0.1201630685665229,-0.0074974523724959,6.666666666666667e-05,-0.12022973523318957,-0.007564119039162567,0.0593314929406207,0.1600613044566917,-0.2740150879139579,0,1,0,0
2012-04-01,MSFT,Technology,-0.0074395191590934,-0.0074974523724959,6.666666666666667e-05,-0.0075061858257600665,-0.007564119039162567,0.0230741585593865,0.057301129992682345,0.3052071336502915,1,0,0,0
2012-04-01,NVDA,Technology,-0.155844631206645,-0.0074974523724959,6.666666666666667e-05,-0.15591129787331165,-0.007564119039162567,0.0165020052216879,0.10659224086084222,-0.16576353095691543,1,0,0,0
2012-04-01,PFE,Healthcare,0.0110374331653804,-0.0074974523724959,6.666666666666667e-05,0.010970766498713733,-0.007564119039162567,0.0830699955174261,0.05469732041013575,0.16196856906071577,0,0,1,0
2012-04-01,PG,Consumer,-0.053116896772662,-0.0074974523724959,6.666666666666667e-05,-0.05318356343932867,-0.007564119039162567,-0.0060637278078828,0.04269414768481109,0.12710516148641404,0,0,0,1
2012-04-01,UNH,Healthcare,-0.0445428827052831,-0.0074974523724959,6.666666666666667e-05,-0.04460954937194977,-0.007564119039162567,0.0572199302930569,0.04441543820094535,0.3210785691834981,0,0,1,0
2012-04-01,WMT,Consumer,-0.0309753642201295,-0.0074974523724959,6.666666666666667e-05,-0.031042030886796166,-0.007564119039162567,0.0358834915125199,0.0385001139345049,0.20799110739867133,0,0,0,1
2012-05-01,AAPL,Technology,-0.01070248673277,-0.0626507257145436,7.5e-05,-0.01077748673277,-0.0627257257145436,-0.0259692920342884,0.08316363034515435,0.6678939459630135,1,0,0,0
2012-05-01,AMZN,Technology,-0.0818887505007921,-0.0626507257145436,7.5e-05,-0.0819637505007921,-0.0627257257145436,0.1451286930569155,0.08783012384764308,0.18431138731296093,1,0,0,0
2012-05-01,BAC,Financials,-0.093711468728984,-0.0626507257145436,7.5e-05,-0.09378646872898401,-0.0627257257145436,-0.1525602792991005,0.16924360022942053,-0.3360764312582566,0,1,0,0
2012-05-01,C,Financials,-0.197639320176325,-0.0626507257145436,7.5e-05,-0.19771432017632498,-0.0627257257145436,-0.096033122537126,0.137070780255441,-0.27933898199439744,0,1,0,0
2012-05-01,COST,Consumer,-0.0202996578508295,-0.0626507257145436,7.5e-05,-0.020374657850829498,-0.0627257257145436,-0.0288546139531918,0.03176861843657411,0.10305286947015158,0,0,0,1
2012-05-01,GOOGL,Technology,-0.039662726349372,-0.0626507257145436,7.5e-05,-0.039737726349372,-0.0627257257145436,-0.0567495332507886,0.09477364326522712,0.11165228935497229,1,0,0,0
2012-05-01,GS,Financials,-0.1689104482351445,-0.0626507257145436,7.5e-05,-0.1689854482351445,-0.0627257257145436,-0.0741336437352696,0.12411278365424476,-0.22789900072157177,0,1,0,0
2012-05-01,JNJ,Healthcare,-0.041013419985882,-0.0626507257145436,7.5e-05,-0.041088419985882,-0.0627257257145436,-0.0130383965351049,0.017848553043725398,0.026400578406355457,0,0,1,0
2012-05-01,JPM,Financials,-0.2236624175169458,-0.0626507257145436,7.5e-05,-0.22373741751694579,-0.0627257257145436,-0.0652458304920382,0.11288713278193067,-0.031841692569670066,0,1,0,0
2012-05-01,KO,Consumer,-0.0208334231712944,-0.0626507257145436,7.5e-05,-0.020908423171294398,-0.0627257257145436,0.0387638381859021,0.032607594112352555,0.1640972376415657,0,0,0,1
2012-05-01,MCD,Consumer,-0.0832219889401147,-0.0626507257145436,7.5e-05,-0.08329698894011471,-0.0627257257145436,-0.0066263837625782,0.02861294410915861,0.2805969820917107,0,0,0,1
2012-05-01,MRK,Healthcare,-0.0423035795544647,-0.0626507257145436,7.5e-05,-0.042378579554464696,-0.0627257257145436,0.0332654977504747,0.03405865637404979,0.14260121820136162,0,0,1,0
2012-05-01,MS,Financials,-0.2245901726890973,-0.0626507257145436,7.5e-05,-0.2246651726890973,-0.0627257257145436,-0.1201630685665229,0.16282004256974594,-0.33267283255719116,0,1,0,0
2012-05-01,MSFT,Technology,-0.0883823608547111,-0.0626507257145436,7.5e-05,-0.0884573608547111,-0.0627257257145436,-0.0074395191590934,0.05801568882311622,0.26900655370505233,1,0,0,0
2012-05-01,NVDA,Technology,-0.0438460731953538,-0.0626507257145436,7.5e-05,-0.0439210731953538,-0.0627257257145436,-0.155844631206645,0.10993126699906854,-0.3500000357998633,1,0,0,0
2012-05-01,PFE,Healthcare,-0.0449781441355897,-0.0626507257145436,7.5e-05,-0.045053144135589696,-0.0627257257145436,0.0110374331653804,0.05438530278263854,0.13781864014657041,0,0,1,0
2012-05-01,PG,Consumer,-0.0129333511587513,-0.0626507257145436,7.5e-05,-0.0130083511587513,-0.0627257257145436,-0.053116896772662,0.04407548626693336,0.012970429358313051,0,0,0,1
2012-05-01,UNH,Healthcare,-0.0067674203279471,-0.0626507257145436,7.5e-05,-0.0068424203279471,-0.0627257257145436,-0.0445428827052831,0.04293029160734239,0.1555803753246099,0,0,1,0
2012-05-01,WMT,Consumer,0.1172974670180795,-0.0626507257145436,7.5e-05,0.1172224670180795,-0.0627257257145436,-0.0309753642201295,0.03764763751347089,0.10047743497638084,0,0,0,1
2012-06-01,AAPL,Technology,0.0108528988688754,0.0395549822283363,7.5e-05,0.0107778988688754,0.0394799822283363,-0.01070248673277,0.08341168646164952,0.6609551802892646,1,0,0,0
2012-06-01,AMZN,Technology,0.0725188432532302,0.0395549822283363,7.5e-05,0.0724438432532302,0.0394799822283363,-0.0818887505007921,0.09242748511896888,0.08246477650159001,1,0,0,0
2012-06-01,BAC,Financials,0.1144232541925189,0.0395549822283363,7.5e-05,0.1143482541925189,0.0394799822283363,-0.093711468728984,0.17048383152934082,-0.37115268964711856,0,1,0,0
2012-06-01,C,Financials,0.0342661121302654,0.0395549822283363,7.5e-05,0.0341911121302654,0.0394799822283363,-0.197639320176325,0.14485544317166804,-0.35502367808728474,0,1,0,0
2012-06-01,COST,Consumer,0.1033034218573942,0.0395549822283363,7.5e-05,0.1032284218573942,0.0394799822283363,-0.0202996578508295,0.032594923380246645,0.05982795775544192,0,0,0,1
2012-06-01,GOOGL,Technology,-0.0013600587390757,0.0395549822283363,7.5e-05,-0.0014350587390757,0.0394799822283363,-0.039662726349372,0.09529945182932129,0.09799238565288793,1,0,0,0
2012-06-01,GS,Financials,0.0064603601885313,0.0395549822283363,7.5e-05,0.0063853601885313,0.0394799822283363,-0.1689104482351445,0.13128146707192026,-0.31144101224821896,0,1,0,0
2012-06-01,JNJ,Healthcare,0.0927066563369933,0.0395549822283363,7.5e-05,0.0926316563369933,0.0394799822283363,-0.041013419985882,0.020373389983568913,-0.03866098055861,0,0,1,0
2012-06-01,JPM,Financials,0.0778282528945906,0.0395549822283363,7.5e-05,0.07775325289459059,0.0394799822283363,-0.2236624175169458,0.13020972159276414,-0.21111652233000944,0,1,0,0
2012-06-01,KO,Consumer,0.0463000580223302,0.0395549822283363,7.5e-05,0.0462250580223302,0.0394799822283363,-0.0208334231712944,0.03347016814561139,0.15093525866186486,0,0,0,1
2012-06-01,MCD,Consumer,-0.0013082698003848,0.0395549822283363,7.5e-05,-0.0013832698003848,0.0394799822283363,-0.0832219889401147,0.040692884773699,0.12751720153887303,0,0,0,1
2012-06-01,MRK,Healthcare,0.1109634914188748,0.0395549822283363,7.5e-05,0.11088849141887479,0.0394799822283363,-0.0423035795544647,0.03719377741981504,0.07044422044552823,0,0,1,0
2012-06-01,MS,Financials,0.0920660745397226,0.0395549822283363,7.5e-05,0.09199107453972259,0.0394799822283363,-0.2245901726890973,0.17273942756858818,-0.4410099987535453,0,1,0,0
2012-06-01,MSFT,Technology,0.0548378529365973,0.0395549822283363,7.5e-05,0.0547628529365973,0.0394799822283363,-0.0883823608547111,0.06442881387497564,0.19894206502351275,1,0,0,0
2012-06-01,NVDA,Technology,0.1118266952555873,0.0395549822283363,7.5e-05,0.1117516952555873,0.0394799822283363,-0.0438460731953538,0.10953061428952653,-0.37974052602866304,1,0,0,0
2012-06-01,PFE,Healthcare,0.0620909624599965,0.0395549822283363,7.5e-05,0.0620159624599965,0.0394799822283363,-0.0449781441355897,0.05664863298549542,0.06232558936270416,0,0,1,0
2012-06-01,PG,Consumer,-0.0166962409901585,0.0395549822283363,7.5e-05,-0.0167712409901585,0.0394799822283363,-0.0129333511587513,0.042460196571238146,-0.03943615160088687,0,0,0,1
2012-06-01,UNH,Healthcare,0.0489509149675226,0.0395549822283363,7.5e-05,0.0488759149675226,0.0394799822283363,-0.0067674203279471,0.04297402230060777,0.1543259875229368,0,0,1,0
2012-06-01,WMT,Consumer,0.0664406000410975,0.0395549822283363,7.5e-05,0.0663656000410975,0.0394799822283363,0.1172974670180795,0.04891102886232521,0.22421692327595721,0,0,0,1
2012-07-01,AAPL,Technology,0.0458217621812673,0.0125975742047879,8.333333333333333e-05,0.04573842884793397,0.012514240871454568,0.0108528988688754,0.08035266925907063,0.7398040494523073,1,0,0,0
2012-07-01,AMZN,Technology,0.0216772874569541,0.0125975742047879,8.333333333333333e-05,0.021593954123620765,0.012514240871454568,0.0725188432532302,0.09384689723148763,0.11668051000054658,1,0,0,0
2012-07-01,BAC,Financials,-0.1026896759213062,0.0125975742047879,8.333333333333333e-05,-0.10277300925463954,0.012514240871454568,0.1144232541925189,0.17438419854541184,-0.24868364467490756,0,1,0,0
2012-07-01,C,Financials,-0.0102153720206189,0.0125975742047879,8.333333333333333e-05,-0.010298705353952232,0.012514240871454568,0.0342661121302654,0.14552780620014777,-0.34093574793319714,0,1,0,0
2012-07-01,COST,Consumer,0.0124211072365196,0.0125975742047879,8.333333333333333e-05,0.012337773903186267,0.012514240871454568,0.1033034218573942,0.042499252297863006,0.18369491836587248,0,0,0,1
2012-07-01,GOOGL,Technology,0.0911959425285215,0.0125975742047879,8.333333333333333e-05,0.09111260919518817,0.012514240871454568,-0.0013600587390757,0.09388067449283974,0.14552319518455237,1,0,0,0
2012-07-01,GS,Financials,0.0525765096467505,0.0125975742047879,8.333333333333333e-05,0.05249317631341717,0.012514240871454568,0.0064603601885313,0.13118880542432582,-0.2690930519177255,0,1,0,0
2012-07-01,JNJ,Healthcare,0.0245709762865571,0.0125975742047879,8.333333333333333e-05,0.024487642953223764,0.012514240871454568,0.0927066563369933,0.034352789423216706,0.05348434758886422,0,0,1,0
2012-07-01,JPM,Financials,0.0075567879415041,0.0125975742047879,8.333333333333333e-05,0.007473454608170766,0.012514240871454568,0.0778282528945906,0.13188040836642195,-0.10195076192664021,0,1,0,0
2012-07-01,KO,Consumer,0.0404362842868026,0.0125975742047879,8.333333333333333e-05,0.04035295095346927,0.012514240871454568,0.0463000580223302,0.034805373174495044,0.19563359692109783,0,0,0,1
2012-07-01,MCD,Consumer,0.0093755200674341,0.0125975742047879,8.333333333333333e-05,0.009292186734100767,0.012514240871454568,-0.0013082698003848,0.039597203306235104,0.08085874037117513,0,0,0,1
2012-07-01,MRK,Healthcare,0.0695262202188626,0.0125975742047879,8.333333333333333e-05,0.06944288688552926,0.012514240871454568,0.1109634914188748,0.044879337000758815,0.2384246164538193,0,0,1,0
2012-07-01,MS,Financials,-0.063742326387575,0.0125975742047879,8.333333333333333e-05,-0.06382565972090834,0.012514240871454568,0.0920660745397226,0.17639839055421494,-0.35903651132373715,0,1,0,0
2012-07-01,MSFT,Technology,-0.0366131140926502,0.0125975742047879,8.333333333333333e-05,-0.03669644742598353,0.012514240871454568,0.0548378529365973,0.06482249972459164,0.20861164563608248,1,0,0,0
2012-07-01,NVDA,Technology,-0.0202605188957351,0.0125975742047879,8.333333333333333e-05,-0.020343852229068433,0.012514240871454568,0.1118266952555873,0.10242341698175025,-0.13299849352303095,1,0,0,0
2012-07-01,PFE,Healthcare,0.045217372386205,0.0125975742047879,8.333333333333333e-05,0.045134039052871666,0.012514240871454568,0.0620909624599965,0.05746381681310141,0.163577840291385,0,0,1,0
2012-07-01,PG,Consumer,0.0537144137106402,0.0125975742047879,8.333333333333333e-05,0.05363108037730687,0.012514240871454568,-0.0166962409901585,0.039959765846937716,-0.004510461895575579,0,0,0,1
2012-07-01,UNH,Healthcare,-0.1234385326832988,0.0125975742047879,8.333333333333333e-05,-0.12352186601663213,0.012514240871454568,0.0489509149675226,0.042581456348057975,0.14909277609198224,0,0,1,0
2012-07-01,WMT,Consumer,0.0675557656703105,0.0125975742047879,8.333333333333333e-05,0.06747243233697717,0.012514240871454568,0.0664406000410975,0.04807592904561875,0.3477390096999604,0,0,0,1
2012-08-01,AAPL,Technology,0.089200682889019,0.0197633695060857,8.333333333333333e-05,0.08911734955568566,0.019680036172752366,0.0458217621812673,0.07201998887796843,0.5641260608837511,1,0,0,0
2012-08-01,AMZN,Technology,0.0641662985639128,0.0197633695060857,8.333333333333333e-05,0.06408296523057946,0.019680036172752366,0.0216772874569541,0.09093616329541668,0.04844504205518496,1,0,0,0
2012-08-01,BAC,Financials,0.0885562956995675,0.0197633695060857,8.333333333333333e-05,0.08847296236623416,0.019680036172752366,-0.1026896759213062,0.17383664292079357,-0.23969667288371943,0,1,0,0
2012-08-01,C,Financials,0.0950974681444551,0.0197633695060857,8.333333333333333e-05,0.09501413481112177,0.019680036172752366,-0.0102153720206189,0.14452510815629507,-0.2915208829485394,0,1,0,0
2012-08-01,COST,Consumer,0.0175711588146969,0.0197633695060857,8.333333333333333e-05,0.017487825481363566,0.019680036172752366,0.0124211072365196,0.039304610802576675,0.24418994860855836,0,0,0,1
2012-08-01,GOOGL,Technology,0.0823418249997434,0.0197633695060857,8.333333333333333e-05,0.08225849166641006,0.019680036172752366,0.0911959425285215,0.08009800221817438,0.04850178439291031,1,0,0,0
2012-08-01,GS,Financials,0.0477697689011318,0.0197633695060857,8.333333333333333e-05,0.04768643556779847,0.019680036172752366,0.0525765096467505,0.13250700959754724,-0.2413807885587368,0,1,0,0
2012-08-01,JNJ,Healthcare,-0.0258598626863016,0.0197633695060857,8.333333333333333e-05,-0.025943196019634934,0.019680036172752366,0.0245709762865571,0.03330601550584887,0.10819010297649978,0,0,1,0
2012-08-01,JPM,Financials,0.0402686113269739,0.0197633695060857,8.333333333333333e-05,0.04018527799364057,0.019680036172752366,0.0075567879415041,0.1318478857363395,-0.08420349952196893,0,1,0,0
2012-08-01,KO,Consumer,-0.0742572054427653,0.0197633695060857,8.333333333333333e-05,-0.07434053877609864,0.019680036172752366,0.0404362842868026,0.035543485969408026,0.22196369098566993,0,0,0,1
2012-08-01,MCD,Consumer,0.0014544510048468,0.0197633695060857,8.333333333333333e-05,0.0013711176715134668,0.019680036172752366,0.0093755200674341,0.039186979907781826,0.06374288612989876,0,0,0,1
2012-08-01,MRK,Healthcare,-0.0253566614124205,0.0197633695060857,8.333333333333333e-05,-0.025439994745753834,0.019680036172752366,0.0695262202188626,0.04503983297247745,0.3548644320742169,0,0,1,0
2012-08-01,MS,Financials,0.1023364019314587,0.0197633695060857,8.333333333333333e-05,0.10225306859812536,0.019680036172752366,-0.063742326387575,0.17679131618954214,-0.3793948933952054,0,1,0,0
2012-08-01,MSFT,Technology,0.0458094812692204,0.0197633695060857,8.333333333333333e-05,0.04572614793588707,0.019680036172752366,-0.0366131140926502,0.06550674287666816,0.10486742858498088,1,0,0,0
2012-08-01,NVDA,Technology,0.0361887578380371,0.0197633695060857,8.333333333333333e-05,0.03610542450470377,0.019680036172752366,-0.0202605188957351,0.09477708138399357,-0.020968787837171154,1,0,0,0
2012-08-01,PFE,Healthcare,-0.0074878187331961,0.0197633695060857,8.333333333333333e-05,-0.007571152066529433,0.019680036172752366,0.045217372386205,0.05214176945655429,0.3014831164789067,0,0,1,0
2012-08-01,PG,Consumer,0.0500906708478428,0.0197633695060857,8.333333333333333e-05,0.05000733751450947,0.019680036172752366,0.0537144137106402,0.04122725170479318,0.08444416258415677,0,0,0,1
2012-08-01,UNH,Healthcare,0.0628302612824027,0.0197633695060857,8.333333333333333e-05,0.06274692794906936,0.019680036172752366,-0.1234385326832988,0.05684244724054916,0.04337109230166192,0,0,1,0
2012-08-01,WMT,Consumer,-0.0245870112167696,0.0197633695060857,8.333333333333333e-05,-0.024670344550102936,0.019680036172752366,0.0675557656703105,0.048130214486173536,0.4505235896998756,0,0,0,1
2012-09-01,AAPL,Technology,0.0071013715424106,0.0242361536177753,9.166666666666667e-05,0.007009704875743933,0.024144486951108633,0.089200682889019,0.07107642868339581,0.7286596430624477,1,0,0,0
2012-09-01,AMZN,Technology,0.0243686128173645,0.0242361536177753,9.166666666666667e-05,0.024276946150697833,0.024144486951108633,0.0641662985639128,0.09132285642046631,0.1535101443596043,1,0,0,0
2012-09-01,BAC,Financials,0.1051310491957397,0.0242361536177753,9.166666666666667e-05,0.10503938252907304,0.024144486951108633,0.0885562956995675,0.16903433237523446,-0.01636275314189939,0,1,0,0
2012-09-01,C,Financials,0.1017240985156271,0.0242361536177753,9.166666666666667e-05,0.10163243184896043,0.024144486951108633,0.0950974681444551,0.1370517132730714,-0.04223954495213833,0,1,0,0
2012-09-01,COST,Consumer,0.026344505415776,0.0242361536177753,9.166666666666667e-05,0.026252838749109334,0.024144486951108633,0.0175711588146969,0.039015018131047255,0.26137699562656125,0,0,0,1
2012-09-01,GOOGL,Technology,0.1013150315682103,0.0242361536177753,9.166666666666667e-05,0.10122336490154363,0.024144486951108633,0.0823418249997434,0.07453425320375959,0.2664336095733648,1,0,0,0
2012-09-01,GS,Financials,0.0800190628101962,0.0242361536177753,9.166666666666667e-05,0.07992739614352953,0.024144486951108633,0.0477697689011318,0.12746915622808383,-0.07690570073401781,0,1,0,0
2012-09-01,JNJ,Healthcare,0.0312354014057529,0.0242361536177753,9.166666666666667e-05,0.031143734739086232,0.024144486951108633,-0.0258598626863016,0.03469133310928759,0.06296222209699787,0,0,1,0
2012-09-01,JPM,Financials,0.089929781605867,0.0242361536177753,9.166666666666667e-05,0.08983811493920033,0.024144486951108633,0.0402686113269739,0.13051248620706235,0.019711638642363027,0,1,0,0
2012-09-01,KO,Consumer,0.0141708510165932,0.0242361536177753,9.166666666666667e-05,0.014079184349926534,0.024144486951108633,-0.0742572054427653,0.0436415810895475,0.09204489355459433,0,0,0,1
2012-09-01,MCD,Consumer,0.0333224916300587,0.0242361536177753,9.166666666666667e-05,0.03323082496339204,0.024144486951108633,0.0014544510048468,0.03715367603040636,0.018983359188974758,0,0,0,1
2012-09-01,MRK,Healthcare,0.0476185488404607,0.0242361536177753,9.166666666666667e-05,0.047526882173794034,0.024144486951108633,-0.0253566614124205,0.04450617464234804,0.3616013092804944,0,0,1,0
2012-09-01,MS,Financials,0.1159996549756303,0.0242361536177753,9.166666666666667e-05,0.11590798830896364,0.024144486951108633,0.1023364019314587,0.16970121483008174,-0.1320451753337838,0,1,0,0
2012-09-01,MSFT,Technology,-0.027996465002989,0.0242361536177753,9.166666666666667e-05,-0.028088131669655667,0.024144486951108633,0.0458094812692204,0.06497488350831379,0.1902323972422646,1,0,0,0
2012-09-01,NVDA,Technology,-0.0491802335599242,0.0242361536177753,9.166666666666667e-05,-0.049271900226590865,0.024144486951108633,0.0361887578380371,0.09434373557713388,0.054094273922101976,1,0,0,0
2012-09-01,PFE,Healthcare,0.0511116063184295,0.0242361536177753,9.166666666666667e-05,0.05101993965176284,0.024144486951108633,-0.0074878187331961,0.051747521395778866,0.31011358773375064,0,0,1,0
2012-09-01,PG,Consumer,0.0322959665761923,0.0242361536177753,9.166666666666667e-05,0.032204299909525634,0.024144486951108633,0.0500906708478428,0.0417431336065,0.0906667057552264,0,0,0,1
2012-09-01,UNH,Healthcare,0.020442146523854,0.0242361536177753,9.166666666666667e-05,0.020350479857187333,0.024144486951108633,0.0628302612824027,0.05695990999327497,0.1581653002347163,0,0,1,0
2012-09-01,WMT,Consumer,0.0220269789619464,0.0242361536177753,9.166666666666667e-05,0.021935312295279733,0.024144486951108633,-0.0245870112167696,0.05054164185601105,0.40209206352019433,0,0,0,1
2012-10-01,AAPL,Technology,-0.107599717126406,-0.0197894097162939,8.333333333333333e-05,-0.10768305045973933,-0.019872743049627235,0.0071013715424106,0.07002003626257204,0.7569609610051184,1,0,0,0
2012-10-01,AMZN,Technology,-0.0842639083008667,-0.0197894097162939,8.333333333333333e-05,-0.08434724163420004,-0.019872743049627235,0.0243686128173645,0.09128247280028245,0.17615502741146738,1,0,0,0
2012-10-01,BAC,Financials,0.0568134900203918,-0.0197894097162939,8.333333333333333e-05,0.05673015668705847,-0.019872743049627235,0.1051310491957397,0.14889886277610828,0.4493868439021771,0,1,0,0
2012-10-01,C,Financials,0.1427265549680483,-0.0197894097162939,8.333333333333333e-05,0.142643221634715,-0.019872743049627235,0.1017240985156271,0.1269221668747229,0.2788275647211631,0,1,0,0
2012-10-01,COST,Consumer,-0.0172723643938225,-0.0197894097162939,8.333333333333333e-05,-0.017355697727155835,-0.019872743049627235,0.026344505415776,0.03802896230084062,0.23409995203551204,0,0,0,1
2012-10-01,GOOGL,Technology,-0.0983432787024248,-0.0197894097162939,8.333333333333333e-05,-0.09842661203575814,-0.019872743049627235,0.1013150315682103,0.07418775922211747,0.46493429402410924,1,0,0,0
2012-10-01,GS,Financials,0.0766188311178519,-0.0197894097162939,8.333333333333333e-05,0.07653549778451856,-0.019872743049627235,0.0800190628101962,0.11483402134204075,0.22175835924215503,0,1,0,0
2012-10-01,JNJ,Healthcare,0.027717048621477,-0.0197894097162939,8.333333333333333e-05,0.027633715288143665,-0.019872743049627235,0.0312354014057529,0.034110577835682124,0.12247888741412805,0,0,1,0
2012-10-01,JPM,Financials,0.029644458413113,-0.0197894097162939,8.333333333333333e-05,0.029561125079779666,-0.019872743049627235,0.089929781605867,0.11426771520903764,0.38594619053583457,0,1,0,0
2012-10-01,KO,Consumer,-0.0131104385902073,-0.0197894097162939,8.333333333333333e-05,-0.013193771923540633,-0.019872743049627235,0.0141708510165932,0.04079282912697815,0.15489582289180714,0,0,0,1
2012-10-01,MCD,Consumer,-0.0539507714433776,-0.0197894097162939,8.333333333333333e-05,-0.05403410477671093,-0.019872743049627235,0.0333224916300587,0.037303260907746806,0.07670881058881873,0,0,0,1
2012-10-01,MRK,Healthcare,0.0213854312374586,-0.0197894097162939,8.333333333333333e-05,0.021302097904125267,-0.019872743049627235,0.0476185488404607,0.04306122342315769,0.4438873158327932,0,0,1,0
2012-10-01,MS,Financials,0.0382321790211397,-0.0197894097162939,8.333333333333333e-05,0.03814884568780637,-0.019872743049627235,0.1159996549756303,0.1559297570568141,0.25471173325652186,0,1,0,0
2012-10-01,MSFT,Technology,-0.0409945226942283,-0.0197894097162939,8.333333333333333e-05,-0.04107785602756163,-0.019872743049627235,-0.027996465002989,0.06232896152290394,0.22863770063113553,1,0,0,0
2012-10-01,NVDA,Technology,-0.1019488354336696,-0.0197894097162939,8.333333333333333e-05,-0.10203216876700294,-0.019872743049627235,-0.0491802335599242,0.09367207222513745,0.06634654497824544,1,0,0,0
2012-10-01,PFE,Healthcare,0.0008048237752436,-0.0197894097162939,8.333333333333333e-05,0.0007214904419102666,-0.019872743049627235,0.0511116063184295,0.045188185292038344,0.4620316779642366,0,0,1,0
2012-10-01,PG,Consumer,-0.0017300089214137,-0.0197894097162939,8.333333333333333e-05,-0.0018133422547470333,-0.019872743049627235,0.0322959665761923,0.041961065849455005,0.13480134264392274,0,0,0,1
2012-10-01,UNH,Healthcare,0.0147411055376827,-0.0197894097162939,8.333333333333333e-05,0.014657772204349367,-0.019872743049627235,0.020442146523854,0.05530811174517898,0.21771637760574292,0,0,1,0
2012-10-01,WMT,Consumer,0.0165311080863457,-0.0197894097162939,8.333333333333333e-05,0.016447774753012366,-0.019872743049627235,0.0220269789619464,0.04845894385209182,0.45804519817685474,0,0,0,1
2012-11-01,AAPL,Technology,-0.01686495894566,0.0028467166850427,7.5e-05,-0.01693995894566,0.0027717166850427,-0.107599717126406,0.08329573559967689,0.4770402148046877,1,0,0,0
2012-11-01,AMZN,Technology,0.0822706171418303,0.0028467166850427,7.5e-05,0.0821956171418303,0.0027717166850427,-0.0842639083008667,0.0956622360470133,0.09076857011741901,1,0,0,0
2012-11-01,BAC,Financials,0.0579406006196467,0.0028467166850427,7.5e-05,0.0578656006196467,0.0027717166850427,0.0568134900203918,0.14717685158686464,0.37250351700147966,0,1,0,0
2012-11-01,C,Financials,-0.0754211340272634,0.0028467166850427,7.5e-05,-0.0754961340272634,0.0027717166850427,0.1427265549680483,0.11586511638205584,0.18517908239141256,0,1,0,0
2012-11-01,COST,Consumer,0.0557754137726469,0.0028467166850427,7.5e-05,0.0557004137726469,0.0027717166850427,-0.0172723643938225,0.03939736486452284,0.19646772890816178,0,0,0,1
2012-11-01,GOOGL,Technology,0.0265621119932508,0.0028467166850427,7.5e-05,0.0264871119932508,0.0027717166850427,-0.0983432787024248,0.07366094944073502,0.1479143072912792,1,0,0,0
2012-11-01,GS,Financials,-0.0375847394359897,0.0028467166850427,7.5e-05,-0.0376597394359897,0.0027717166850427,0.0766188311178519,0.1082654179460204,0.13526308636919482,0,1,0,0
2012-11-01,JNJ,Healthcare,-0.0153908302055543,0.0028467166850427,7.5e-05,-0.0154658302055543,0.0027717166850427,0.027717048621477,0.034485795477903945,0.14104999466652202,0,0,1,0
2012-11-01,JPM,Financials,-0.0071159070368935,0.0028467166850427,7.5e-05,-0.0071909070368935,0.0027717166850427,0.029644458413113,0.10783416298733191,0.23654217721214232,0,1,0,0
2012-11-01,KO,Consumer,0.0199034401145252,0.0028467166850427,7.5e-05,0.0198284401145252,0.0027717166850427,-0.0131104385902073,0.041416606111779525,0.1194410119062479,0,0,0,1
2012-11-01,MCD,Consumer,0.0027644189615887,0.0028467166850427,7.5e-05,0.0026894189615887,0.0027717166850427,-0.0539507714433776,0.037446078599771386,-0.03656303027616359,0,0,0,1
2012-11-01,MRK,Healthcare,-0.0291475470068737,0.0028467166850427,7.5e-05,-0.029222547006873698,0.0027717166850427,0.0213854312374586,0.041610939625523855,0.3812223972499347,0,0,1,0
2012-11-01,MS,Financials,-0.0264871770139351,0.0028467166850427,7.5e-05,-0.0265621770139351,0.0027717166850427,0.0382321790211397,0.1298838519236958,-0.002310827321019171,0,1,0,0
2012-11-01,MSFT,Technology,-0.0672740160071697,0.0028467166850427,7.5e-05,-0.0673490160071697,0.0027717166850427,-0.0409945226942283,0.06232484146269372,0.10128219414612549,1,0,0,0
2012-11-01,NVDA,Technology,-0.0008349856827774,0.0028467166850427,7.5e-05,-0.0009099856827774,0.0027717166850427,-0.1019488354336696,0.08089647440051766,-0.19054051878819211,1,0,0,0
2012-11-01,PFE,Healthcare,0.0060313241612457,0.0028467166850427,7.5e-05,0.0059563241612457,0.0027717166850427,0.0008048237752436,0.04229772947083682,0.3431736936860228,0,0,1,0
2012-11-01,PG,Consumer,0.0168030197572257,0.0028467166850427,7.5e-05,0.016728019757225703,0.0027717166850427,-0.0017300089214137,0.042126058396954214,0.11849789452072224,0,0,0,1
2012-11-01,UNH,Healthcare,-0.0287497065442438,0.0028467166850427,7.5e-05,-0.028824706544243798,0.0027717166850427,0.0147411055376827,0.05469238881016411,0.18341458885736528,0,0,1,0
2012-11-01,WMT,Consumer,-0.0399892735663417,0.0028467166850427,7.5e-05,-0.0400642735663417,0.0027717166850427,0.0165311080863457,0.044748471605961425,0.3561971864988138,0,0,0,1
2012-12-01,AAPL,Technology,-0.086590269396526,0.0070682309562846,5.833333333333334e-05,-0.08664860272985933,0.007009897622951267,-0.01686495894566,0.08008857384377513,0.5379202278418618,1,0,0,0
2012-12-01,AMZN,Technology,-0.0046816120164553,0.0070682309562846,5.833333333333334e-05,-0.004739945349788633,0.007009897622951267,0.0822706171418303,0.09078378725428311,0.31078058160593436,1,0,0,0
2012-12-01,BAC,Financials,0.1774843597253816,0.0070682309562846,5.833333333333334e-05,0.17742602639204827,0.007009897622951267,0.0579406006196467,0.12627055995377792,0.8230409129022274,0,1,0,0
2012-12-01,C,Financials,0.144650748763617,0.0070682309562846,5.833333333333334e-05,0.14459241543028367,0.007009897622951267,-0.0754211340272634,0.11034318971656149,0.2596820352944116,0,1,0,0
2012-12-01,COST,Consumer,-0.0472038850643724,0.0070682309562846,5.833333333333334e-05,-0.04726221839770573,0.007009897622951267,0.0557754137726469,0.041028002315708835,0.23284333161284,0,0,0,1
2012-12-01,GOOGL,Technology,0.0129013519036578,0.0070682309562846,5.833333333333334e-05,0.012843018570324466,0.007009897622951267,0.0265621119932508,0.07374100081411847,0.16513452286310826,1,0,0,0
2012-12-01,GS,Financials,0.0875365726832104,0.0070682309562846,5.833333333333334e-05,0.08747823934987707,0.007009897622951267,-0.0375847394359897,0.10059240573977761,0.24862992294749087,0,1,0,0
2012-12-01,JNJ,Healthcare,0.0141961603383926,0.0070682309562846,5.833333333333334e-05,0.014137827005059266,0.007009897622951267,-0.0153908302055543,0.0353334235955365,0.11775965936441968,0,0,1,0
2012-12-01,JPM,Financials,0.0703499929619964,0.0070682309562846,5.833333333333334e-05,0.07029165962866307,0.007009897622951267,-0.0071159070368935,0.10115871811093541,0.36596579825738207,0,1,0,0
2012-12-01,KO,Consumer,-0.0374812487114043,0.0070682309562846,5.833333333333334e-05,-0.03753958204473763,0.007009897622951267,0.0199034401145252,0.040641280421374625,0.16023254495899697,0,0,0,1
2012-12-01,MCD,Consumer,0.0225430832134043,0.0070682309562846,5.833333333333334e-05,0.022484749880070966,0.007009897622951267,0.0027644189615887,0.036208650519786376,-0.060904032075566716,0,0,0,1
2012-12-01,MRK,Healthcare,-0.0758463903828348,0.0070682309562846,5.833333333333334e-05,-0.07590472371616813,0.007009897622951267,-0.0291475470068737,0.04461401268086797,0.2940764898904167,0,0,1,0
2012-12-01,MS,Financials,0.1333723951811194,0.0070682309562846,5.833333333333334e-05,0.13331406184778608,0.007009897622951267,-0.0264871770139351,0.11964333483490583,0.15494268840828784,0,1,0,0
2012-12-01,MSFT,Technology,0.0116256083067605,0.0070682309562846,5.833333333333334e-05,0.011567274973427166,0.007009897622951267,-0.0672740160071697,0.06479415438479898,0.06935827211194168,1,0,0,0
2012-12-01,NVDA,Technology,0.030835023315721,0.0070682309562846,5.833333333333334e-05,0.030776689982387667,0.007009897622951267,-0.0008349856827774,0.07800787763110083,-0.23416495847066032,1,0,0,0
2012-12-01,PFE,Healthcare,0.0114031816254613,0.0070682309562846,5.833333333333334e-05,0.011344848292127965,0.007009897622951267,0.0060313241612457,0.04230906581854186,0.29673906563048136,0,0,1,0
2012-12-01,PG,Consumer,-0.0277818238370296,0.0070682309562846,5.833333333333334e-05,-0.027840157170362933,0.007009897622951267,0.0168030197572257,0.042118817767108054,0.11796204289339896,0,0,0,1
2012-12-01,UNH,Healthcare,-0.0027580725417661,0.0070682309562846,5.833333333333334e-05,-0.0028164058750994336,0.007009897622951267,-0.0287497065442438,0.05616343332181666,0.13100885792225014,0,0,1,0
2012-12-01,WMT,Consumer,-0.0526239410946932,0.0070682309562846,5.833333333333334e-05,-0.05268227442802653,0.007009897622951267,-0.0399892735663417,0.04843812013740267,0.2537758060708679,0,0,0,1
2013-01-01,AAPL,Technology,-0.1440891709525678,0.0504280964668688,5.833333333333334e-05,-0.14414750428590112,0.050369763133535465,-0.086590269396526,0.08750187002854404,0.3256690219090641,1,0,0,0
2013-01-01,ABBV,Healthcare,,0.0504280964668688,5.833333333333334e-05,,0.050369763133535465,,,,0,0,1,0
2013-01-01,AMZN,Technology,0.058317030737075,0.0504280964668688,5.833333333333334e-05,0.05825869740374166,0.050369763133535465,-0.0046816120164553,0.08252632943541059,0.4492779126046442,1,0,0,0
2013-01-01,BAC,Financials,-0.0239934157800097,0.0504280964668688,5.833333333333334e-05,-0.024051749113343034,0.050369763133535465,0.1774843597253816,0.13018824154145386,1.0961377463487745,0,1,0,0
2013-01-01,C,Financials,0.0657231267583073,0.0504280964668688,5.833333333333334e-05,0.06566479342497397,0.050369763133535465,0.144650748763617,0.11312019265378338,0.505511923900628,0,1,0,0
2013-01-01,COST,Consumer,0.1098941215196864,0.0504280964668688,5.833333333333334e-05,0.10983578818635308,0.050369763133535465,-0.0472038850643724,0.04395290868558359,0.19913256958908132,0,0,0,1
2013-01-01,GOOGL,Technology,0.0682940923387174,0.0504280964668688,5.833333333333334e-05,0.06823575900538408,0.050369763133535465,0.0129013519036578,0.07109233086892011,0.0951849485430305,1,0,0,0
2013-01-01,GS,Financials,0.1591404467425299,0.0504280964668688,5.833333333333334e-05,0.15908211340919656,0.050369763133535465,0.0875365726832104,0.09907975960536707,0.43392038280790346,0,1,0,0
2013-01-01,JNJ,Healthcare,0.0544930531870191,0.0504280964668688,5.833333333333334e-05,0.05443471985368577,0.050369763133535465,0.0141961603383926,0.03513790148004605,0.10847429468011383,0,0,1,0
2013-01-01,JPM,Financials,0.0700473903444787,0.0504280964668688,5.833333333333334e-05,0.06998905701114537,0.050369763133535465,0.0703499929619964,0.1010387892725412,0.3618057388987934,0,1,0,0
2013-01-01,KO,Consumer,0.0273107239767433,0.0504280964668688,5.833333333333334e-05,0.027252390643409966,0.050369763133535465,-0.0374812487114043,0.041446060062267205,0.06527582745868665,0,0,0,1
2013-01-01,MCD,Consumer,0.0802626039261957,0.0504280964668688,5.833333333333334e-05,0.08020427059286238,0.050369763133535465,0.0225430832134043,0.03176695865510069,-0.09259630572516353,0,0,0,1
2013-01-01,MRK,Healthcare,0.0665574888963367,0.0504280964668688,5.833333333333334e-05,0.06649915556300337,0.050369763133535465,-0.0758463903828348,0.05147739041756881,0.13406705886869452,0,0,1,0
2013-01-01,MS,Financials,0.1950828767209165,0.0504280964668688,5.833333333333334e-05,0.19502454338758318,0.050369763133535465,0.1333723951811194,0.12415395121822706,0.27956480483892965,0,1,0,0
2013-01-01,MSFT,Technology,0.0277050295276151,0.0504280964668688,5.833333333333334e-05,0.027646696194281766,0.050369763133535465,0.0116256083067605,0.06464107164487977,0.05798875337763865,1,0,0,0
2013-01-01,NVDA,Technology,0.0,0.0504280964668688,5.833333333333334e-05,-5.833333333333334e-05,0.050369763133535465,0.030835023315721,0.07313717598963121,-0.10973352098473421,1,0,0,0
2013-01-01,PFE,Healthcare,0.0877184129400299,0.0504280964668688,5.833333333333334e-05,0.08766007960669657,0.050369763133535465,0.0114031816254613,0.03681347425465657,0.20425214885024778,0,0,1,0
2013-01-01,PG,Consumer,0.1070847412151185,0.0504280964668688,5.833333333333334e-05,0.10702640788178518,0.050369763133535465,-0.0277818238370296,0.04276139773758889,0.05203617181534259,0,0,0,1
2013-01-01,UNH,Healthcare,0.0219409905573459,0.0504280964668688,5.833333333333334e-05,0.021882657224012565,0.050369763133535465,-0.0027580725417661,0.05560813769427489,0.08538198314687295,0,0,1,0
2013-01-01,WMT,Consumer,0.030897761738758,0.0504280964668688,5.833333333333334e-05,0.030839428405424665,0.050369763133535465,-0.0526239410946932,0.05281735578896544,0.17070372020122848,0,0,0,1
2013-02-01,AAPL,Technology,-0.0309338063768392,0.0110606487650415,8.333333333333333e-05,-0.031017139710172534,0.010977315431708167,-0.1440891709525678,0.09411346810630661,0.006692436368849419,1,0,0,0
2013-02-01,ABBV,Healthcare,0.0182481080997085,0.0110606487650415,8.333333333333333e-05,0.018164774766375166,0.010977315431708167,,,,0,0,1,0
2013-02-01,AMZN,Technology,-0.0046327380346018,0.0110606487650415,8.333333333333333e-05,-0.004716071367935133,0.010977315431708167,0.058317030737075,0.07818793143827162,0.3654597255552534,1,0,0,0
2013-02-01,BAC,Financials,-0.0079503052250579,0.0110606487650415,8.333333333333333e-05,-0.008033638558391233,0.010977315431708167,-0.0239934157800097,0.11403913151153165,0.5953571971928411,0,1,0,0
2013-02-01,C,Financials,-0.0042699202622946,0.0110606487650415,8.333333333333333e-05,-0.004353253595627934,0.010977315431708167,0.0657231267583073,0.10635101699684574,0.37413082474501924,0,1,0,0
2013-02-01,COST,Consumer,-0.0102600098171296,0.0110606487650415,8.333333333333333e-05,-0.010343343150462933,0.010977315431708167,0.1098941215196864,0.05042621589063967,0.34789651064726046,0,0,0,1
2013-02-01,GOOGL,Technology,0.0602232576578072,0.0110606487650415,8.333333333333333e-05,0.06013992432447387,0.010977315431708167,0.0682940923387174,0.06330967485417507,0.3026664256026914,1,0,0,0
2013-02-01,GS,Financials,0.0128497631871056,0.0110606487650415,8.333333333333333e-05,0.012766429853772267,0.010977315431708167,0.1591404467425299,0.0873163280408794,0.3483905133642613,0,1,0,0
2013-02-01,JNJ,Healthcare,0.0296270775448648,0.0110606487650415,8.333333333333333e-05,0.029543744211531466,0.010977315431708167,0.0544930531870191,0.03743431669233137,0.16302592944101724,0,0,1,0
2013-02-01,JPM,Financials,0.0468879922907659,0.0110606487650415,8.333333333333333e-05,0.04680465895743257,0.010977315431708167,0.0700473903444787,0.0978678692534413,0.298975719278586,0,1,0,0
2013-02-01,KO,Consumer,0.0397420297341972,0.0110606487650415,8.333333333333333e-05,0.03965869640086387,0.010977315431708167,0.0273107239767433,0.03971180906764909,0.13391119429107823,0,0,0,1
2013-02-01,MCD,Consumer,0.0064016865164278,0.0110606487650415,8.333333333333333e-05,0.006318353183094466,0.010977315431708167,0.0802626039261957,0.04053061904543917,-0.007098637049886003,0,0,0,1
2013-02-01,MRK,Healthcare,-0.0120233256848288,0.0110606487650415,8.333333333333333e-05,-0.012106659018162132,0.010977315431708167,0.0665574888963367,0.0537535041460296,0.1773997597932433,0,0,1,0
2013-02-01,MS,Financials,-0.013128662468821,0.0110606487650415,8.333333333333333e-05,-0.013211995802154333,0.010977315431708167,0.1950828767209165,0.11888597352257833,0.24056759699758934,0,1,0,0
2013-02-01,MSFT,Technology,0.0127506031323101,0.0110606487650415,8.333333333333333e-05,0.012667269798976767,0.010977315431708167,0.0277050295276151,0.050686264146255926,-0.044148232117344643,1,0,0,0
2013-02-01,NVDA,Technology,0.0326270497541092,0.0110606487650415,8.333333333333333e-05,0.032543716420775866,0.010977315431708167,0.0,0.06956840648411228,-0.16458411887198332,1,0,0,0
2013-02-01,PFE,Healthcare,0.0120687646541,0.0110606487650415,8.333333333333333e-05,0.011985431320766668,0.010977315431708167,0.0877184129400299,0.040966541966930094,0.3245783909302382,0,0,1,0
2013-02-01,PG,Consumer,0.0217886769367077,0.0110606487650415,8.333333333333333e-05,0.021705343603374366,0.010977315431708167,0.1070847412151185,0.04740787309124067,0.23249801561056116,0,0,0,1
2013-02-01,UNH,Healthcare,-0.0318784905538668,0.0110606487650415,8.333333333333333e-05,-0.03196182388720013,0.010977315431708167,0.0219409905573459,0.05552133595923851,0.08175500926431889,0,0,1,0
2013-02-01,WMT,Consumer,0.0118650024123121,0.0110606487650415,8.333333333333333e-05,0.011781669078978768,0.010977315431708167,0.030897761738758,0.052747596746846065,0.16810693672858923,0,0,0,1
2013-03-01,AAPL,Technology,0.0086992795097635,0.0359877239828729,7.5e-05,0.008624279509763499,0.0359127239828729,-0.0309338063768392,0.07442015120733693,-0.179043176233455,1,0,0,0
2013-03-01,ABBV,Healthcare,0.1045502999302714,0.0359877239828729,7.5e-05,0.1044752999302714,0.0359127239828729,0.0182481080997085,,,0,0,1,0
2013-03-01,AMZN,Technology,0.0084005040937589,0.0359877239828729,7.5e-05,0.0083255040937589,0.0359127239828729,-0.0046327380346018,0.07195388467971507,0.47069955188080725,1,0,0,0
2013-03-01,BAC,Financials,0.085570054792667,0.0359877239828729,7.5e-05,0.08549505479266699,0.0359127239828729,-0.0079503052250579,0.11257085480584259,0.41586697510963666,0,1,0,0
2013-03-01,C,Financials,0.0540866800595576,0.0359877239828729,7.5e-05,0.0540116800595576,0.0359127239828729,-0.0042699202622946,0.10546166438799943,0.26149637563791606,0,1,0,0
2013-03-01,COST,Consumer,0.0503820413731264,0.0359877239828729,7.5e-05,0.0503070413731264,0.0359127239828729,-0.0102600098171296,0.05103869875373689,0.27531594999533304,0,0,0,1
2013-03-01,GOOGL,Technology,-0.0087494662706568,0.0359877239828729,7.5e-05,-0.0088244662706568,0.0359127239828729,0.0602232576578072,0.06299885747107452,0.2959157339431915,1,0,0,0
2013-03-01,GS,Financials,-0.0140889690040844,0.0359877239828729,7.5e-05,-0.0141639690040844,0.0359127239828729,0.0128497631871056,0.08742278958170517,0.3221854081040867,0,1,0,0
2013-03-01,JNJ,Healthcare,0.0797810662941727,0.0359877239828729,7.5e-05,0.07970606629417269,0.0359127239828729,0.0296270775448648,0.036758285200221515,0.21275564186582208,0,0,1,0
2013-03-01,JPM,Financials,-0.0298446116090268,0.0359877239828729,7.5e-05,-0.0299196116090268,0.0359127239828729,0.0468879922907659,0.09754871608531943,0.2834118122617939,0,1,0,0
2013-03-01,KO,Consumer,0.044421108062411,0.0359877239828729,7.5e-05,0.044346108062411,0.0359127239828729,0.0397420297341972,0.040018177207878834,0.1396532802133703,0,0,0,1
2013-03-01,MCD,Consumer,0.0479062919169976,0.0359877239828729,7.5e-05,0.0478312919169976,0.0359127239828729,0.0064016865164278,0.040567441100358856,-0.003057331647242534,0,0,0,1
2013-03-01,MRK,Healthcare,0.0344017660144342,0.0359877239828729,7.5e-05,0.0343267660144342,0.0359127239828729,-0.0120233256848288,0.05410144133950668,0.1662905414028517,0,0,1,0
2013-03-01,MS,Financials,-0.0231393704794353,0.0359877239828729,7.5e-05,-0.0232143704794353,0.0359127239828729,-0.013128662468821,0.11913412017885461,0.2281608218243869,0,1,0,0
2013-03-01,MSFT,Technology,0.0376569148653953,0.0359877239828729,7.5e-05,0.0375819148653953,0.0359127239828729,0.0127506031323101,0.04490567161143811,-0.09936329953746659,1,0,0,0
2013-03-01,NVDA,Technology,0.0196451751161796,0.0359877239828729,7.5e-05,0.019570175116179603,0.0359127239828729,0.0326270497541092,0.06994120282275852,-0.1589647742286736,1,0,0,0
2013-03-01,PFE,Healthcare,0.0544389069772086,0.0359877239828729,7.5e-05,0.0543639069772086,0.0359127239828729,0.0120687646541,0.039530674821171036,0.35769366401174607,0,0,1,0
2013-03-01,PG,Consumer,0.0115517714417001,0.0359877239828729,7.5e-05,0.0114767714417001,0.0359127239828729,0.0217886769367077,0.04318473167301672,0.16475227071417797,0,0,0,1
2013-03-01,UNH,Healthcare,0.0703460917420266,0.0359877239828729,7.5e-05,0.0702710917420266,0.0359127239828729,-0.0318784905538668,0.05208371914883637,-0.027118436894251752,0,0,1,0
2013-03-01,WMT,Consumer,0.0572197718567228,0.0359877239828729,7.5e-05,0.0571447718567228,0.0359127239828729,0.0118650024123121,0.05024088899044099,0.22758060041421269,0,0,0,1
2013-04-01,AAPL,Technology,0.000270992888582,0.01808576777989,4.9999999999999996e-05,0.000220992888582,0.018035767779889997,0.0086992795097635,0.0650089986904509,-0.2507815251451515,1,0,0,0
2013-04-01,ABBV,Healthcare,0.1292300914754136,0.01808576777989,4.9999999999999996e-05,0.1291800914754136,0.018035767779889997,0.1045502999302714,,,0,0,1,0
2013-04-01,AMZN,Technology,-0.0475815092897089,0.01808576777989,4.9999999999999996e-05,-0.0476315092897089,0.018035767779889997,0.0084005040937589,0.06607338740483498,0.3159350595383634,1,0,0,0
2013-04-01,BAC,Financials,0.010673355003103,0.01808576777989,4.9999999999999996e-05,0.010623355003103,0.018035767779889997,0.085570054792667,0.10130197894724366,0.27847316148419377,0,1,0,0
2013-04-01,C,Financials,0.0547017642176075,0.01808576777989,4.9999999999999996e-05,0.0546517642176075,0.018035767779889997,0.0540866800595576,0.10348203829923411,0.21183195464658167,0,1,0,0
2013-04-01,COST,Consumer,0.0218641277765196,0.01808576777989,4.9999999999999996e-05,0.021814127776519598,0.018035767779889997,0.0503820413731264,0.05058516037009659,0.26603661473928497,0,0,0,1
2013-04-01,GOOGL,Technology,0.0382530141770669,0.01808576777989,4.9999999999999996e-05,0.038203014177066896,0.018035767779889997,-0.0087494662706568,0.06349580162962379,0.23852190257285133,1,0,0,0
2013-04-01,GS,Financials,-0.0073393064808469,0.01808576777989,4.9999999999999996e-05,-0.0073893064808469,0.018035767779889997,-0.0140889690040844,0.08624011475285177,0.20318087214826264,0,1,0,0
2013-04-01,JNJ,Healthcare,0.0453823630543144,0.01808576777989,4.9999999999999996e-05,0.0453323630543144,0.018035767779889997,0.0797810662941727,0.041034906611311504,0.28072669430168307,0,0,1,0
2013-04-01,JPM,Financials,0.0326591895683012,0.01808576777989,4.9999999999999996e-05,0.0326091895683012,0.018035767779889997,-0.0298446116090268,0.08688120575933514,0.0625938874843508,0,1,0,0
2013-04-01,KO,Consumer,0.0543141219151814,0.01808576777989,4.9999999999999996e-05,0.0542641219151814,0.018035767779889997,0.044421108062411,0.038602984805929136,0.1235346726840747,0,0,0,1
2013-04-01,MCD,Consumer,0.0245759389524595,0.01808576777989,4.9999999999999996e-05,0.024525938952459497,0.018035767779889997,0.0479062919169976,0.0427329919325219,0.049894177173486653,0,0,0,1
2013-04-01,MRK,Healthcare,0.0735983820101466,0.01808576777989,4.9999999999999996e-05,0.0735483820101466,0.018035767779889997,0.0344017660144342,0.05433026558770739,0.19918774884933965,0,0,1,0
2013-04-01,MS,Financials,0.0077343278757602,0.01808576777989,4.9999999999999996e-05,0.0076843278757602,0.018035767779889997,-0.0231393704794353,0.11929093535838468,0.13254629127420325,0,1,0,0
2013-04-01,MSFT,Technology,0.1569384845271784,0.01808576777989,4.9999999999999996e-05,0.1568884845271784,0.018035767779889997,0.0376569148653953,0.04599940794517848,-0.08652574967540483,1,0,0,0
2013-04-01,NVDA,Technology,0.0732654804520074,0.01808576777989,4.9999999999999996e-05,0.0732154804520074,0.018035767779889997,0.0196451751161796,0.07006340390138403,-0.1563641727657431,1,0,0,0
2013-04-01,PFE,Healthcare,0.0072766360940603,0.01808576777989,4.9999999999999996e-05,0.0072266360940603,0.018035767779889997,0.0544389069772086,0.036558723384491086,0.3218028650184259,0,0,1,0
2013-04-01,PG,Consumer,-0.0037634061481001,0.01808576777989,4.9999999999999996e-05,-0.0038134061481001,0.018035767779889997,0.0115517714417001,0.04275198648044377,0.18539513618226677,0,0,0,1
2013-04-01,UNH,Healthcare,0.0516103210211751,0.01808576777989,4.9999999999999996e-05,0.051560321021175096,0.018035767779889997,0.0703460917420266,0.05353522176328815,-0.015039398179466978,0,0,1,0
2013-04-01,WMT,Consumer,0.0453217295854806,0.01808576777989,4.9999999999999996e-05,0.0452717295854806,0.018035767779889997,0.0572197718567228,0.051284128066987185,0.25286530091397563,0,0,0,1
2013-05-01,AAPL,Technology,0.0156964544787929,0.0207628116830578,3.3333333333333335e-05,0.015663121145459567,0.020729478349724467,0.000270992888582,0.06529508800133782,-0.23059765815934608,1,0,0,0
2013-05-01,ABBV,Healthcare,-0.0643847612109398,0.0207628116830578,3.3333333333333335e-05,-0.06441809454427314,0.020729478349724467,0.1292300914754136,,,0,0,1,0
2013-05-01,AMZN,Technology,0.0606358900767223,0.0207628116830578,3.3333333333333335e-05,0.06060255674338896,0.020729478349724467,-0.0475815092897089,0.05705609153803589,0.0944803766400708,1,0,0,0
2013-05-01,BAC,Financials,0.1096666957225578,0.0207628116830578,3.3333333333333335e-05,0.10963336238922447,0.020729478349724467,0.010673355003103,0.084854826589107,0.524732353033877,0,1,0,0
2013-05-01,C,Financials,0.1142304456948426,0.0207628116830578,3.3333333333333335e-05,0.11419711236150927,0.020729478349724467,0.0547017642176075,0.09689345906987759,0.4139028014923192,0,1,0,0
2013-05-01,COST,Consumer,0.0110672569632119,0.0207628116830578,3.3333333333333335e-05,0.011033923629878567,0.020729478349724467,0.0218641277765196,0.04810029425908694,0.3321562555324138,0,0,0,1
2013-05-01,GOOGL,Technology,0.0565747209292457,0.0207628116830578,3.3333333333333335e-05,0.05654138759591237,0.020729478349724467,0.0382530141770669,0.05883073452113586,0.3632636757681771,1,0,0,0
2013-05-01,GS,Financials,0.1096051215509803,0.0207628116830578,3.3333333333333335e-05,0.10957178821764697,0.020729478349724467,-0.0073393064808469,0.08171803087551932,0.2899813789477159,0,1,0,0
2013-05-01,JNJ,Healthcare,-0.0123196317960724,0.0207628116830578,3.3333333333333335e-05,-0.012352965129405733,0.020729478349724467,0.0453823630543144,0.0400063297603072,0.3565361544112542,0,0,1,0
2013-05-01,JPM,Financials,0.120819132766464,0.0207628116830578,3.3333333333333335e-05,0.12078579943313067,0.020729478349724467,0.0326591895683012,0.08383014893390181,0.17388868483723185,0,1,0,0
2013-05-01,KO,Consumer,-0.0552807344762441,0.0207628116830578,3.3333333333333335e-05,-0.055314067809577434,0.020729478349724467,0.0543141219151814,0.03987984189247497,0.1403539749139564,0,0,0,1
2013-05-01,MCD,Consumer,-0.0545330693189933,0.0207628116830578,3.3333333333333335e-05,-0.05456640265232664,0.020729478349724467,0.0245759389524595,0.04291609914729803,0.08287183673413301,0,0,0,1
2013-05-01,MRK,Healthcare,-0.006383087691272,0.0207628116830578,3.3333333333333335e-05,-0.006416421024605333,0.020729478349724467,0.0735983820101466,0.056653764626650026,0.24599730630118155,0,0,1,0
2013-05-01,MS,Financials,0.172034800057899,0.0207628116830578,3.3333333333333335e-05,0.17200146672456568,0.020729478349724467,0.0077343278757602,0.111356676503819,0.2971787553472187,0,1,0,0
2013-05-01,MSFT,Technology,0.0543807191374632,0.0207628116830578,3.3333333333333335e-05,0.054347385804129865,0.020729478349724467,0.1569384845271784,0.06588115704627807,0.0647547783987712,1,0,0,0
2013-05-01,NVDA,Technology,0.0508353523430673,0.0207628116830578,3.3333333333333335e-05,0.05080201900973396,0.020729478349724467,0.0732654804520074,0.057271163615947925,0.07260493140896007,1,0,0,0
2013-05-01,PFE,Healthcare,-0.0632956875539147,0.0207628116830578,3.3333333333333335e-05,-0.06332902088724802,0.020729478349724467,0.0072766360940603,0.03669694076500958,0.3168861011276365,0,0,1,0
2013-05-01,PG,Consumer,0.007216086437092,0.0207628116830578,3.3333333333333335e-05,0.007182753103758667,0.020729478349724467,-0.0037634061481001,0.03766529621848423,0.247180363461718,0,0,0,1
2013-05-01,UNH,Healthcare,0.0450523600948797,0.0207628116830578,3.3333333333333335e-05,0.045019026761546364,0.020729478349724467,0.0516103210211751,0.05344277508106425,0.08408291269675372,0,0,1,0
2013-05-01,WMT,Consumer,-0.0370562574731291,0.0207628116830578,3.3333333333333335e-05,-0.03708959080646244,0.020729478349724467,0.0453217295854806,0.049052090701341804,0.351510864566438,0,0,0,1
2013-06-01,AAPL,Technology,-0.1124571227686702,-0.0149993015955808,4.1666666666666665e-05,-0.11249878943533687,-0.015040968262247467,0.0156964544787929,0.06606121088745685,-0.21006651669997856,1,0,0,0
2013-06-01,ABBV,Healthcare,-0.0316227455225421,-0.0149993015955808,4.1666666666666665e-05,-0.03166441218920877,-0.015040968262247467,-0.0643847612109398,,,0,0,1,0
2013-06-01,AMZN,Technology,0.0315378536787278,-0.0149993015955808,4.1666666666666665e-05,0.03149618701206113,-0.015040968262247467,0.0606358900767223,0.05090648244327693,0.26438399385950406,1,0,0,0
2013-06-01,BAC,Financials,-0.0585654530269531,-0.0149993015955808,4.1666666666666665e-05,-0.05860711969361977,-0.015040968262247467,0.1096666957225578,0.07575674177372191,0.8668941001377681,0,1,0,0
2013-06-01,C,Financials,-0.0771215474925434,-0.0149993015955808,4.1666666666666665e-05,-0.07716321415921006,-0.015040968262247467,0.1142304456948426,0.06611300883399751,0.9634730219110221,0,1,0,0
2013-06-01,COST,Consumer,0.011388721339179,-0.0149993015955808,4.1666666666666665e-05,0.011347054672512333,-0.015040968262247467,0.0110672569632119,0.04621778428984281,0.3748076969870664,0,0,0,1
2013-06-01,GOOGL,Technology,0.0105026241335557,-0.0149993015955808,4.1666666666666665e-05,0.010460957466889033,-0.015040968262247467,0.0565747209292457,0.055256967611081634,0.49987923753312025,1,0,0,0
2013-06-01,GS,Financials,-0.0638699202954365,-0.0149993015955808,4.1666666666666665e-05,-0.06391158696210317,-0.015040968262247467,0.1096051215509803,0.057823083175170244,0.7222812412287025,0,1,0,0
2013-06-01,JNJ,Healthcare,0.0276241110989439,-0.0149993015955808,4.1666666666666665e-05,0.027582444432277236,-0.015040968262247467,-0.0123196317960724,0.03629238877844261,0.3971250029913067,0,0,1,0
2013-06-01,JPM,Financials,-0.0329732085444336,-0.0149993015955808,4.1666666666666665e-05,-0.03301487521110027,-0.015040968262247467,0.120819132766464,0.04289727070249237,0.6947741902374671,0,1,0,0
2013-06-01,KO,Consumer,0.0030009917532589,-0.0149993015955808,4.1666666666666665e-05,0.002959325086592233,-0.015040968262247467,-0.0552807344762441,0.04351227024179913,0.10023605289610749,0,0,0,1
2013-06-01,MCD,Consumer,0.0331950880473366,-0.0149993015955808,4.1666666666666665e-05,0.03315342138066993,-0.015040968262247467,-0.0545330693189933,0.03790915208457266,0.11675836401692208,0,0,0,1
2013-06-01,MRK,Healthcare,-0.005353175381036,-0.0149993015955808,4.1666666666666665e-05,-0.005394842047702666,-0.015040968262247467,-0.006383087691272,0.05395005777880269,0.29273115133500793,0,0,1,0
2013-06-01,MS,Financials,-0.0567568778336288,-0.0149993015955808,4.1666666666666665e-05,-0.05679854450029547,-0.015040968262247467,0.172034800057899,0.08548683975392204,0.9606904498943729,0,1,0,0
2013-06-01,MSFT,Technology,-0.0033755069446378,-0.0149993015955808,4.1666666666666665e-05,-0.003417173611304467,-0.015040968262247467,0.0543807191374632,0.05965293047158406,0.23149976563169972,1,0,0,0
2013-06-01,NVDA,Technology,-0.0247879902043531,-0.0149993015955808,4.1666666666666665e-05,-0.024829656871019765,-0.015040968262247467,0.0508353523430673,0.0560850681263598,0.1788177085553424,1,0,0,0
2013-06-01,PFE,Healthcare,0.0372195700640067,-0.0149993015955808,4.1666666666666665e-05,0.037177903397340034,-0.015040968262247467,-0.0632956875539147,0.0400464252076947,0.29162791652560904,0,0,1,0
2013-06-01,PG,Consumer,0.0029964540356761,-0.0149993015955808,4.1666666666666665e-05,0.002954787369009433,-0.015040968262247467,0.007216086437092,0.03653462429927536,0.2726396198694123,0,0,0,1
2013-06-01,UNH,Healthcare,0.0455058239334715,-0.0149993015955808,4.1666666666666665e-05,0.04546415726680483,-0.015040968262247467,0.0450523600948797,0.054219665752508556,0.1406426144683497,0,0,1,0
2013-06-01,WMT,Consumer,0.0012931762530483,-0.0149993015955808,4.1666666666666665e-05,0.0012515095863816334,-0.015040968262247467,-0.0370562574731291,0.042933188913308454,0.1648007521798791,0,0,0,1
2013-07-01,AAPL,Technology,0.1412248998779399,0.0494620799130853,3.3333333333333335e-05,0.14119156654460657,0.049428746579751964,-0.1124571227686702,0.07069971602239465,-0.3064274363025671,1,0,0,0
2013-07-01,ABBV,Healthcare,0.1001449878042484,0.0494620799130853,3.3333333333333335e-05,0.10011165447091507,0.049428746579751964,-0.0316227455225421,,,0,0,1,0
2013-07-01,AMZN,Technology,0.0847348020149525,0.0494620799130853,3.3333333333333335e-05,0.08470146868161917,0.049428746579751964,0.0315378536787278,0.048446385616497493,0.21607182890643561,1,0,0,0
2013-07-01,BAC,Financials,0.1361542438770036,0.0494620799130853,3.3333333333333335e-05,0.13612091054367026,0.049428746579751964,-0.0585654530269531,0.07996439087527314,0.57710151398746,0,1,0,0
2013-07-01,C,Financials,0.0869296058395578,0.0494620799130853,3.3333333333333335e-05,0.08689627250622448,0.049428746579751964,-0.0771215474925434,0.07695114570181862,0.7520122942722474,0,1,0,0
2013-07-01,COST,Consumer,0.0619515300600628,0.0494620799130853,3.3333333333333335e-05,0.06191819672672946,0.049428746579751964,0.011388721339179,0.039733031549300184,0.2602743462919601,0,0,0,1
2013-07-01,GOOGL,Technology,0.0083828469258104,0.0494620799130853,3.3333333333333335e-05,0.008349513592477067,0.049428746579751964,0.0105026241335557,0.05463498000428681,0.5176960612019537,1,0,0,0
2013-07-01,GS,Financials,0.0844954608771701,0.0494620799130853,3.3333333333333335e-05,0.08446212754383677,0.049428746579751964,-0.0638699202954365,0.06545448054096127,0.601930229346624,0,1,0,0
2013-07-01,JNJ,Healthcare,0.0889823098055508,0.0494620799130853,3.3333333333333335e-05,0.08894897647221747,0.049428746579751964,0.0276241110989439,0.030239510481912226,0.31391104004611425,0,0,1,0
2013-07-01,JPM,Financials,0.0556922872575298,0.0494620799130853,3.3333333333333335e-05,0.055658953924196466,0.049428746579751964,-0.0329732085444336,0.04708576015035806,0.5205502760070293,0,1,0,0
2013-07-01,KO,Consumer,0.0061588357197222,0.0494620799130853,3.3333333333333335e-05,0.006125502386388867,0.049428746579751964,0.0030009917532589,0.041891532451846916,0.054704951754800835,0,0,0,1
2013-07-01,MCD,Consumer,-0.0092928532236949,0.0494620799130853,3.3333333333333335e-05,-0.009326186557028233,0.049428746579751964,0.0331950880473366,0.038288246794113454,0.15534075365522404,0,0,0,1
2013-07-01,MRK,Healthcare,0.0465528583558674,0.0494620799130853,3.3333333333333335e-05,0.046519525022534064,0.049428746579751964,-0.005353175381036,0.046653342894065086,0.15738360863613998,0,0,1,0
2013-07-01,MS,Financials,0.1137946812484935,0.0494620799130853,3.3333333333333335e-05,0.11376134791516017,0.049428746579751964,-0.0567568778336288,0.09115583078851844,0.693494399905823,0,1,0,0
2013-07-01,MSFT,Technology,-0.0781701368512444,0.0494620799130853,3.3333333333333335e-05,-0.07820347018457773,0.049428746579751964,-0.0033755069446378,0.058841176739749354,0.16353696087379732,1,0,0,0
2013-07-01,NVDA,Technology,0.0284898577046752,0.0494620799130853,3.3333333333333335e-05,0.028456524371341867,0.049428746579751964,-0.0247879902043531,0.047978730864002624,0.03397156377746846,1,0,0,0
2013-07-01,PFE,Healthcare,0.0435560236548415,0.0494620799130853,3.3333333333333335e-05,0.04352269032150816,0.049428746579751964,0.0372195700640067,0.038408904851944474,0.26138136902922815,0,0,1,0
2013-07-01,PG,Consumer,0.0429922934674185,0.0494620799130853,3.3333333333333335e-05,0.042958960134085164,0.049428746579751964,0.0029964540356761,0.035107693358616035,0.2981268649676301,0,0,0,1
2013-07-01,UNH,Healthcare,0.1174547525786506,0.0494620799130853,3.3333333333333335e-05,0.11742141924531727,0.049428746579751964,0.0455058239334715,0.05401741890655564,0.13689637850240532,0,0,1,0
2013-07-01,WMT,Consumer,0.0463152715171606,0.0494620799130853,3.3333333333333335e-05,0.04628193818382726,0.049428746579751964,0.0012931762530483,0.039641415331655036,0.09364463881737528,0,0,0,1
2013-08-01,AAPL,Technology,0.0766580676490511,-0.0312980194793439,3.3333333333333335e-05,0.07662473431571777,-0.03133135281267724,0.1412248998779399,0.08385280281361271,-0.2431575740852694,1,0,0,0
2013-08-01,ABBV,Healthcare,-0.0544915332344518,-0.0312980194793439,3.3333333333333335e-05,-0.05452486656778514,-0.03133135281267724,0.1001449878042484,,,0,0,1,0
2013-08-01,AMZN,Technology,-0.0671934196028355,-0.0312980194793439,3.3333333333333335e-05,-0.06722675293616882,-0.03133135281267724,0.0847348020149525,0.052212012966455716,0.2911272970041059,1,0,0,0
2013-08-01,BAC,Financials,-0.0328771602725472,-0.0312980194793439,3.3333333333333335e-05,-0.03291049360588054,-0.03133135281267724,0.1361542438770036,0.06988749249228494,0.9968906297622813,0,1,0,0
2013-08-01,C,Financials,-0.0730725361576245,-0.0312980194793439,3.3333333333333335e-05,-0.07310586949095783,-0.03133135281267724,0.0869296058395578,0.07507088042586556,0.9239680821543974,0,1,0,0
2013-08-01,COST,Consumer,-0.047266047276403,-0.0312980194793439,3.3333333333333335e-05,-0.04729938060973634,-0.03133135281267724,0.0619515300600628,0.041393481966403356,0.32193043070123384,0,0,0,1
2013-08-01,GOOGL,Technology,-0.046015266963991,-0.0312980194793439,3.3333333333333335e-05,-0.046048600297324334,-0.03133135281267724,0.0083828469258104,0.052314267578016015,0.40251499782580336,1,0,0,0
2013-08-01,GS,Financials,-0.0725477633811001,-0.0312980194793439,3.3333333333333335e-05,-0.07258109671443343,-0.03133135281267724,0.0844954608771701,0.06656531913265902,0.6505081069606802,0,1,0,0
2013-08-01,JNJ,Healthcare,-0.0758288088261394,-0.0312980194793439,3.3333333333333335e-05,-0.07586214215947273,-0.03133135281267724,0.0889823098055508,0.03568789314081822,0.39651221085170607,0,0,1,0
2013-08-01,JPM,Financials,-0.0866951442623377,-0.0312980194793439,3.3333333333333335e-05,-0.08672847759567102,-0.03133135281267724,0.0556922872575298,0.04644005292663951,0.5931937712885762,0,1,0,0
2013-08-01,KO,Consumer,-0.0474052898185346,-0.0312980194793439,3.3333333333333335e-05,-0.047438623151867934,-0.03133135281267724,0.0061588357197222,0.04041794784127858,0.019957418164118446,0,0,0,1
2013-08-01,MCD,Consumer,-0.0379283503479956,-0.0312980194793439,3.3333333333333335e-05,-0.037961683681328934,-0.03133135281267724,-0.0092928532236949,0.03881463498522891,0.13397275726647773,0,0,0,1
2013-08-01,MRK,Healthcare,-0.0182685124970665,-0.0312980194793439,3.3333333333333335e-05,-0.018301845830399833,-0.03133135281267724,0.0465528583558674,0.04455831622304772,0.13252307510938288,0,0,1,0
2013-08-01,MS,Financials,-0.0515773199463064,-0.0312980194793439,3.3333333333333335e-05,-0.051610653279639734,-0.03133135281267724,0.1137946812484935,0.08552264131746619,1.0146217312821006,0,1,0,0
2013-08-01,MSFT,Technology,0.0489950455035412,-0.0312980194793439,3.3333333333333335e-05,0.048961712170207866,-0.03133135281267724,-0.0781701368512444,0.06316857371585048,0.11334618843250843,1,0,0,0
2013-08-01,NVDA,Technology,0.0214681473568405,-0.0312980194793439,3.3333333333333335e-05,0.02143481402350717,-0.03133135281267724,0.0284898577046752,0.04781384646696479,0.08542044799662207,1,0,0,0
2013-08-01,PFE,Healthcare,-0.0270253350439769,-0.0312980194793439,3.3333333333333335e-05,-0.027058668377310233,-0.03133135281267724,0.0435560236548415,0.03831344204828532,0.25937643264703025,0,0,1,0
2013-08-01,PG,Consumer,-0.0227468074255805,-0.0312980194793439,3.3333333333333335e-05,-0.022780140758913832,-0.03133135281267724,0.0429922934674185,0.03437036509010348,0.28491771440839564,0,0,0,1
2013-08-01,UNH,Healthcare,-0.0152361493873632,-0.0312980194793439,3.3333333333333335e-05,-0.015269482720696533,-0.03133135281267724,0.1174547525786506,0.04261027517802216,0.44933391292679725,0,0,1,0
2013-08-01,WMT,Consumer,-0.0636386178286899,-0.0312980194793439,3.3333333333333335e-05,-0.06367195116202323,-0.03133135281267724,0.0463152715171606,0.0371460561908502,0.07188507055553517,0,0,0,1
2013-09-01,AAPL,Technology,-0.0150282708651658,0.0297495232591953,1.6666666666666667e-05,-0.015044937531832467,0.029732856592528632,0.0766580676490511,0.08243826848101714,-0.25187294077082223,1,0,0,0
2013-09-01,ABBV,Healthcare,0.0497537560848808,0.0297495232591953,1.6666666666666667e-05,0.049737089418214135,0.029732856592528632,-0.0544915332344518,,,0,0,1,0
2013-09-01,AMZN,Technology,0.1126770736120641,0.0297495232591953,1.6666666666666667e-05,0.11266040694539743,0.029732856592528632,-0.0671934196028355,0.05635080846526153,0.13175172000948376,1,0,0,0
2013-09-01,BAC,Financials,-0.0226625723712821,0.0297495232591953,1.6666666666666667e-05,-0.02267923903794877,0.029732856592528632,-0.0328771602725472,0.07426153903520825,0.7741283056378057,0,1,0,0
2013-09-01,C,Financials,0.0039169048650333,0.0297495232591953,1.6666666666666667e-05,0.0039002381983666333,0.029732856592528632,-0.0730725361576245,0.08292211787513776,0.6285115314227059,0,1,0,0
2013-09-01,COST,Consumer,0.0321759725535679,0.0297495232591953,1.6666666666666667e-05,0.03215930588690123,0.029732856592528632,-0.047266047276403,0.04629222533211947,0.23770017807368182,0,0,0,1
2013-09-01,GOOGL,Technology,0.034254424054618,0.0297495232591953,1.6666666666666667e-05,0.03423775738795134,0.029732856592528632,-0.046015266963991,0.05371053497000714,0.23618792591717952,1,0,0,0
2013-09-01,GS,Financials,0.0433710163236604,0.0297495232591953,1.6666666666666667e-05,0.04335434965699374,0.029732856592528632,-0.0725477633811001,0.0746181735867924,0.4609769061801905,0,1,0,0
2013-09-01,JNJ,Healthcare,0.0107986229920926,0.0297495232591953,1.6666666666666667e-05,0.010781956325425933,0.029732856592528632,-0.0758288088261394,0.044476958493432965,0.324877503713874,0,0,1,0
2013-09-01,JPM,Financials,0.0229564092922216,0.0297495232591953,1.6666666666666667e-05,0.022939742625554933,0.029732856592528632,-0.0866951442623377,0.05921181126810771,0.3987460465549908,0,1,0,0
2013-09-01,KO,Consumer,-0.0078576283778448,0.0297495232591953,1.6666666666666667e-05,-0.007874295044511467,0.029732856592528632,-0.0474052898185346,0.03632361619602986,0.049542104854496616,0,0,0,1
2013-09-01,MCD,Consumer,0.0278433400649291,0.0297495232591953,1.6666666666666667e-05,0.027826673398262433,0.029732856592528632,-0.0379283503479956,0.04130082564916265,0.08937859345388421,0,0,0,1
2013-09-01,MRK,Healthcare,0.00676681614942,0.0297495232591953,1.6666666666666667e-05,0.006750149482753333,0.029732856592528632,-0.0182685124970665,0.044072049136934084,0.14075941335603104,0,0,1,0
2013-09-01,MS,Financials,0.0461955966395621,0.0297495232591953,1.6666666666666667e-05,0.04617892997289544,0.029732856592528632,-0.0515773199463064,0.09052409064933413,0.7333301688387734,0,1,0,0
2013-09-01,MSFT,Technology,0.0034281816326657,0.0297495232591953,1.6666666666666667e-05,0.0034115149659990334,0.029732856592528632,0.0489950455035412,0.06333575505393829,0.11673747132084467,1,0,0,0
2013-09-01,NVDA,Technology,0.060234357649715,0.0297495232591953,1.6666666666666667e-05,0.060217690983048335,0.029732856592528632,0.0214681473568405,0.04720786420551678,0.07000042775183424,1,0,0,0
2013-09-01,PFE,Healthcare,0.0184334722893599,0.0297495232591953,1.6666666666666667e-05,0.01841680562269323,0.029732856592528632,-0.0270253350439769,0.03997028967709089,0.2345857166652383,0,0,1,0
2013-09-01,PG,Consumer,-0.0295288150239825,0.0297495232591953,1.6666666666666667e-05,-0.029545481690649168,0.029732856592528632,-0.0227468074255805,0.035305853437173365,0.1957919191751194,0,0,0,1
2013-09-01,UNH,Healthcare,-0.0018126113650195,0.0297495232591953,1.6666666666666667e-05,-0.0018292780316861666,0.029732856592528632,-0.0152361493873632,0.04346146969076685,0.34287825338653977,0,0,1,0
2013-09-01,WMT,Consumer,0.0195818020550133,0.0297495232591953,1.6666666666666667e-05,0.01956513538834663,0.029732856592528632,-0.0636386178286899,0.041559320668436525,0.02897111042799838,0,0,0,1
2013-10-01,AAPL,Technology,0.0963812599688431,0.0445957527619447,4.1666666666666665e-05,0.09633959330217644,0.04455408609527803,-0.0150282708651658,0.08200521398313963,-0.2683119853039636,1,0,0,0
2013-10-01,ABBV,Healthcare,0.0831655666429502,0.0445957527619447,4.1666666666666665e-05,0.08312389997628354,0.04455408609527803,0.0497537560848808,,,0,0,1,0
2013-10-01,AMZN,Technology,0.164374358655241,0.0445957527619447,4.1666666666666665e-05,0.16433269198857434,0.04455408609527803,0.1126770736120641,0.0634560008660448,0.2293174313610964,1,0,0,0
2013-10-01,BAC,Financials,0.0130298053600899,0.0445957527619447,4.1666666666666665e-05,0.012988138693423234,0.04455408609527803,-0.0226625723712821,0.07500534264394772,0.5689741011052145,0,1,0,0
2013-10-01,C,Financials,0.0055660458925259,0.0445957527619447,4.1666666666666665e-05,0.0055243792258592335,0.04455408609527803,0.0039169048650333,0.08159017904441578,0.4839380007804275,0,1,0,0
2013-10-01,COST,Consumer,0.0245723784832787,0.0445957527619447,4.1666666666666665e-05,0.024530711816612035,0.04455408609527803,0.0321759725535679,0.04640807056416953,0.2447325223565131,0,0,0,1
2013-10-01,GOOGL,Technology,0.17658210351823,0.0445957527619447,4.1666666666666665e-05,0.17654043685156334,0.04455408609527803,0.034254424054618,0.047516941784103026,0.16091471985285355,1,0,0,0
2013-10-01,GS,Financials,0.0167499707265159,0.0445957527619447,4.1666666666666665e-05,0.016708304059849233,0.04455408609527803,0.0433710163236604,0.07332770417819105,0.41140190198153226,0,1,0,0
2013-10-01,JNJ,Healthcare,0.0682895792248647,0.0445957527619447,4.1666666666666665e-05,0.06824791255819804,0.04455408609527803,0.0107986229920926,0.044591949972446185,0.2986213958148096,0,0,1,0
2013-10-01,JPM,Financials,-0.0029017484050914,0.0445957527619447,4.1666666666666665e-05,-0.002943415071758067,0.04455408609527803,0.0229564092922216,0.0561199929539463,0.31279671171789336,0,1,0,0
2013-10-01,KO,Consumer,0.0522119753470469,0.0445957527619447,4.1666666666666665e-05,0.05217030868038023,0.04455408609527803,-0.0078576283778448,0.03635507742777727,0.026745337813512293,0,0,0,1
2013-10-01,MCD,Consumer,0.0032218341202996,0.0445957527619447,4.1666666666666665e-05,0.003180167453632933,0.04455408609527803,0.0278433400649291,0.04102404862767139,0.08360220663012963,0,0,0,1
2013-10-01,MRK,Healthcare,-0.0443937378239925,0.0445957527619447,4.1666666666666665e-05,-0.04443540449065917,0.04455408609527803,0.00676681614942,0.04261802285986298,0.09627566622231543,0,0,1,0
2013-10-01,MS,Financials,0.0660481147988509,0.0445957527619447,4.1666666666666665e-05,0.06600644813218423,0.04455408609527803,0.0461955966395621,0.08813895969365941,0.6249130383478767,0,1,0,0
2013-10-01,MSFT,Technology,0.0640028193614798,0.0445957527619447,4.1666666666666665e-05,0.06396115269481314,0.04455408609527803,0.0034281816326657,0.06221564122451476,0.1528413322200335,1,0,0,0
2013-10-01,NVDA,Technology,-0.0237788307905215,0.0445957527619447,4.1666666666666665e-05,-0.023820497457188165,0.04455408609527803,0.060234357649715,0.04598403712037873,0.19312960904235044,1,0,0,0
2013-10-01,PFE,Healthcare,0.0682214330781187,0.0445957527619447,4.1666666666666665e-05,0.06817976641145204,0.04455408609527803,0.0184334722893599,0.038633000702851424,0.1962035341481334,0,0,1,0
2013-10-01,PG,Consumer,0.0682631821388999,0.0445957527619447,4.1666666666666665e-05,0.06822151547223324,0.04455408609527803,-0.0295288150239825,0.037106462544381796,0.12417527372075687,0,0,0,1
2013-10-01,UNH,Healthcare,-0.0431914135852309,0.0445957527619447,4.1666666666666665e-05,-0.04323308025189757,0.04455408609527803,-0.0018126113650195,0.0441754587576013,0.3135915069451509,0,0,1,0
2013-10-01,WMT,Consumer,0.0377232101855877,0.0445957527619447,4.1666666666666665e-05,0.03768154351892103,0.04455408609527803,0.0195818020550133,0.04146440076307161,0.026509319840360757,0,0,0,1
2013-11-01,AAPL,Technology,0.0638418870106316,0.0280494713673287,5.833333333333334e-05,0.06378355367729828,0.027991138033995368,0.0963812599688431,0.08389999735902375,-0.10106591979848945,1,0,0,0
2013-11-01,ABBV,Healthcare,0.0090069141977786,0.0280494713673287,5.833333333333334e-05,0.008948580864445266,0.027991138033995368,0.0831655666429502,,,0,0,1,0
2013-11-01,AMZN,Technology,0.081284499731107,0.0280494713673287,5.833333333333334e-05,0.08122616639777368,0.027991138033995368,0.164374358655241,0.0670954574771963,0.5630984829579806,1,0,0,0
2013-11-01,BAC,Financials,0.1324262043927486,0.0280494713673287,5.833333333333334e-05,0.13236787105941528,0.027991138033995368,0.0130298053600899,0.07521423564717933,0.503971649933205,0,1,0,0
2013-11-01,C,Financials,0.0850882989378014,0.0280494713673287,5.833333333333334e-05,0.08502996560446807,0.027991138033995368,0.0055660458925259,0.0746571516086703,0.3058221683105611,0,1,0,0
2013-11-01,COST,Consumer,0.0629661615124657,0.0280494713673287,5.833333333333334e-05,0.06290782817913237,0.027991138033995368,0.0245723784832787,0.044953399237618354,0.2977334866742065,0,0,0,1
2013-11-01,GOOGL,Technology,0.0281491147862427,0.0280494713673287,5.833333333333334e-05,0.028090781452909365,0.027991138033995368,0.17658210351823,0.0544277149042464,0.5148908124635978,1,0,0,0
2013-11-01,GS,Financials,0.05022970047194,0.0280494713673287,5.833333333333334e-05,0.05017136713860667,0.027991138033995368,0.0167499707265159,0.0720047344831379,0.3329163498218479,0,1,0,0
2013-11-01,JNJ,Healthcare,0.0221356349722987,0.0280494713673287,5.833333333333334e-05,0.022077301638965367,0.027991138033995368,0.0682895792248647,0.04648647810987866,0.34988877178622535,0,0,1,0
2013-11-01,JPM,Financials,0.1183847554498225,0.0280494713673287,5.833333333333334e-05,0.11832642211648918,0.027991138033995368,-0.0029017484050914,0.05662603124400223,0.27130029716361226,0,1,0,0
2013-11-01,KO,Consumer,0.0156684557526178,0.0280494713673287,5.833333333333334e-05,0.015610122419284465,0.027991138033995368,0.0522119753470469,0.03857715139378882,0.0947058134203167,0,0,0,1
2013-11-01,MCD,Consumer,0.0088068598971342,0.0280494713673287,5.833333333333334e-05,0.008748526563800867,0.027991138033995368,0.0032218341202996,0.03628728443377179,0.14908755314017785,0,0,0,1
2013-11-01,MRK,Healthcare,0.1051222875513433,0.0280494713673287,5.833333333333334e-05,0.10506395421800997,0.027991138033995368,-0.0443937378239925,0.044977804346015955,0.025673423248255167,0,0,1,0
2013-11-01,MS,Financials,0.091337164083642,0.0280494713673287,5.833333333333334e-05,0.09127883075030867,0.027991138033995368,0.0660481147988509,0.08832147053748092,0.6684471125485665,0,1,0,0
2013-11-01,MSFT,Technology,0.0768141878535486,0.0280494713673287,5.833333333333334e-05,0.07675585452021527,0.027991138033995368,0.0640028193614798,0.061208780625156244,0.2790609196567284,1,0,0,0
2013-11-01,NVDA,Technology,0.0269913421799448,0.0280494713673287,5.833333333333334e-05,0.026933008846611466,0.027991138033995368,-0.0237788307905215,0.030821115550841778,0.2969844346454733,1,0,0,0
2013-11-01,PFE,Healthcare,0.033886662529101,0.0280494713673287,5.833333333333334e-05,0.03382832919576766,0.027991138033995368,0.0682214330781187,0.04109069297912018,0.2767826684534387,0,0,1,0
2013-11-01,PG,Consumer,0.051126848437164,0.0280494713673287,5.833333333333334e-05,0.05106851510383067,0.027991138033995368,0.0682631821388999,0.04038179531714616,0.2029962494307469,0,0,0,1
2013-11-01,UNH,Healthcare,0.091122873373926,0.0280494713673287,5.833333333333334e-05,0.09106454004059267,0.027991138033995368,-0.0431914135852309,0.048240155844418035,0.2385973387967406,0,0,1,0
2013-11-01,WMT,Consumer,0.0555047740388519,0.0280494713673287,5.833333333333334e-05,0.05544644070551857,0.027991138033995368,0.0377232101855877,0.042531746987948774,0.047909442412932934,0,0,0,1
2013-12-01,AAPL,Technology,0.0147920016501552,0.0235627919754459,5.833333333333334e-05,0.014733668316821866,0.023504458642112567,0.0638418870106316,0.08611911982734831,-0.027271241238483013,1,0,0,0
2013-12-01,ABBV,Healthcare,0.089989589731984,0.0235627919754459,5.833333333333334e-05,0.08993125639865067,0.023504458642112567,0.0090069141977786,,,0,0,1,0
2013-12-01,AMZN,Technology,0.0131345488574321,0.0235627919754459,5.833333333333334e-05,0.013076215524098767,0.023504458642112567,0.081284499731107,0.0670394326379129,0.5616742563326738,1,0,0,0
2013-12-01,BAC,Financials,-0.0158024667276462,0.0235627919754459,5.833333333333334e-05,-0.015860800060979535,0.023504458642112567,0.1324262043927486,0.08001617224255783,0.6098606160408377,0,1,0,0
2013-12-01,C,Financials,-0.0153063929703914,0.0235627919754459,5.833333333333334e-05,-0.015364726303724733,0.023504458642112567,0.0850882989378014,0.06921113154008059,0.5325164866673042,0,1,0,0
2013-12-01,COST,Consumer,-0.0486959759519904,0.0235627919754459,5.833333333333334e-05,-0.04875430928532373,0.023504458642112567,0.0629661615124657,0.04547690127318708,0.30657217908402923,0,0,0,1
2013-12-01,GOOGL,Technology,0.0576828583576638,0.0235627919754459,5.833333333333334e-05,0.057624525024330464,0.023504458642112567,0.0281491147862427,0.054403346632694326,0.5172327418241005,1,0,0,0
2013-12-01,GS,Financials,0.0526935086921671,0.0235627919754459,5.833333333333334e-05,0.05263517535883377,0.023504458642112567,0.05022970047194,0.06930858583513816,0.454536722544463,0,1,0,0
2013-12-01,JNJ,Healthcare,-0.0256774625714071,0.0235627919754459,5.833333333333334e-05,-0.025735795904740434,0.023504458642112567,0.0221356349722987,0.044652764757765334,0.40133715916919654,0,0,1,0
2013-12-01,JPM,Financials,0.0220203070706868,0.0235627919754459,5.833333333333334e-05,0.021961973737353466,0.023504458642112567,0.1183847554498225,0.062148993929713604,0.43199279958596737,0,1,0,0
2013-12-01,KO,Consumer,0.035067854582337,0.0235627919754459,5.833333333333334e-05,0.03500952124900367,0.023504458642112567,0.0156684557526178,0.038480131810382984,0.09016022428081549,0,0,0,1
2013-12-01,MCD,Consumer,0.0047960326648239,0.0235627919754459,5.833333333333334e-05,0.004737699331490567,0.023504458642112567,0.0088068598971342,0.036185524193152276,0.15601170555157928,0,0,0,1
2013-12-01,MRK,Healthcare,0.004415147620149,0.0235627919754459,5.833333333333334e-05,0.004356814286815667,0.023504458642112567,0.1051222875513433,0.052341391999929925,0.16752505108904936,0,0,1,0
2013-12-01,MS,Financials,0.0019170431982409,0.0235627919754459,5.833333333333334e-05,0.0018587098649075666,0.023504458642112567,0.091337164083642,0.08593458080341417,0.8703794107685403,0,1,0,0
2013-12-01,MSFT,Technology,-0.0114419797772952,0.0235627919754459,5.833333333333334e-05,-0.011500313110628534,0.023504458642112567,0.0768141878535486,0.055925512415381386,0.47665120201686184,1,0,0,0
2013-12-01,NVDA,Technology,0.0324849023778881,0.0235627919754459,5.833333333333334e-05,0.032426569044554765,0.023504458642112567,0.0269913421799448,0.029954146452157684,0.33310490883556976,1,0,0,0
2013-12-01,PFE,Healthcare,-0.0271936496071204,0.0235627919754459,5.833333333333334e-05,-0.027251982940453733,0.023504458642112567,0.033886662529101,0.04093393049456712,0.31213466237036314,0,0,1,0
2013-12-01,PG,Consumer,-0.0333654155876695,0.0235627919754459,5.833333333333334e-05,-0.03342374892100283,0.023504458642112567,0.051126848437164,0.041621899714382106,0.24360533139229346,0,0,0,1
2013-12-01,UNH,Healthcare,0.0110088547681195,0.0235627919754459,5.833333333333334e-05,0.010950521434786167,0.023504458642112567,0.091122873373926,0.04983316579268568,0.39146613016983456,0,0,1,0
2013-12-01,WMT,Consumer,-0.0286378723642894,0.0235627919754459,5.833333333333334e-05,-0.028696205697622733,0.023504458642112567,0.0555047740388519,0.04233459913650529,0.1521469383328582,0,0,0,1
2014-01-01,AAPL,Technology,-0.1076968606832088,-0.0355829059558115,3.3333333333333335e-05,-0.10773019401654213,-0.035616239289144834,0.0147920016501552,0.08158368562266606,0.08069503870305783,1,0,0,0
2014-01-01,ABBV,Healthcare,-0.0677900063557283,-0.0355829059558115,3.3333333333333335e-05,-0.06782333968906162,-0.035616239289144834,0.089989589731984,,,0,0,1,0
2014-01-01,AMZN,Technology,-0.1005542258730379,-0.0355829059558115,3.3333333333333335e-05,-0.10058755920637123,-0.035616239289144834,0.0131345488574321,0.06615567875448154,0.5896281654730438,1,0,0,0
2014-01-01,BAC,Financials,0.0764793699615238,-0.0355829059558115,3.3333333333333335e-05,0.07644603662819047,-0.035616239289144834,-0.0158024667276462,0.06927025899454942,0.3455982103993558,0,1,0,0
2014-01-01,C,Financials,-0.0898094215288202,-0.0355829059558115,3.3333333333333335e-05,-0.08984275486215353,-0.035616239289144834,-0.0153063929703914,0.06189806739688178,0.31835775123439647,0,1,0,0
2014-01-01,COST,Consumer,-0.0559569048348715,-0.0355829059558115,3.3333333333333335e-05,-0.05599023816820484,-0.035616239289144834,-0.0486959759519904,0.04568921874501935,0.30452607036059254,0,0,0,1
2014-01-01,GOOGL,Technology,0.0537693834929338,-0.0355829059558115,3.3333333333333335e-05,0.053736050159600465,-0.035616239289144834,0.0576828583576638,0.05416437148956301,0.5843113054892901,1,0,0,0
2014-01-01,GS,Financials,-0.0741281478910785,-0.0355829059558115,3.3333333333333335e-05,-0.07416148122441182,-0.035616239289144834,0.0526935086921671,0.06756259470577639,0.4079355163193723,0,1,0,0
2014-01-01,JNJ,Healthcare,-0.0340642676380845,-0.0355829059558115,3.3333333333333335e-05,-0.034097600971417834,-0.035616239289144834,-0.0256774625714071,0.047294862334602825,0.3462428966987501,0,0,1,0
2014-01-01,JPM,Financials,-0.0533515767989363,-0.0355829059558115,3.3333333333333335e-05,-0.05338491013226963,-0.035616239289144834,0.0220203070706868,0.061001365957657705,0.3673337977102471,0,1,0,0
2014-01-01,KO,Consumer,-0.0844831920911514,-0.0355829059558115,3.3333333333333335e-05,-0.08451652542448473,-0.035616239289144834,0.035067854582337,0.036341693826023605,0.1723302044627011,0,0,0,1
2014-01-01,MCD,Consumer,-0.0294753001225398,-0.0355829059558115,3.3333333333333335e-05,-0.029508633455873134,-0.035616239289144834,0.0047960326648239,0.036111488557545285,0.135948200639197,0,0,0,1
2014-01-01,MRK,Healthcare,0.0679414520110441,-0.0355829059558115,3.3333333333333335e-05,0.06790811867771077,-0.035616239289144834,0.004415147620149,0.04429443478804937,0.26892308198159576,0,0,1,0
2014-01-01,MS,Financials,-0.0589924527467135,-0.0355829059558115,3.3333333333333335e-05,-0.059025786080046834,-0.035616239289144834,0.0019170431982409,0.08362679180131223,0.6534415491887937,0,1,0,0
2014-01-01,MSFT,Technology,0.0114943571668724,-0.0355829059558115,3.3333333333333335e-05,0.011461023833539067,-0.035616239289144834,-0.0114419797772952,0.057162113157274236,0.4429798700613925,1,0,0,0
2014-01-01,NVDA,Technology,-0.0199753222129477,-0.0355829059558115,3.3333333333333335e-05,-0.020008655546281034,-0.035616239289144834,0.0324849023778881,0.029988872575316156,0.3352385789447645,1,0,0,0
2014-01-01,PFE,Healthcare,-0.0075089735316278,-0.0355829059558115,3.3333333333333335e-05,-0.0075423068649611335,-0.035616239289144834,-0.0271936496071204,0.04342502308742156,0.26206141656888415,0,0,1,0
2014-01-01,PG,Consumer,-0.0588378237598747,-0.0355829059558115,3.3333333333333335e-05,-0.05887115709320804,-0.035616239289144834,-0.0333654155876695,0.042220550291784634,0.23646312335744812,0,0,0,1
2014-01-01,UNH,Healthcare,-0.0364466071193656,-0.0355829059558115,3.3333333333333335e-05,-0.036479940452698936,-0.035616239289144834,0.0110088547681195,0.049189560626929314,0.410675323586964,0,0,1,0
2014-01-01,WMT,Consumer,-0.0454351672649969,-0.0355829059558115,3.3333333333333335e-05,-0.045468500598330235,-0.035616239289144834,-0.0286378723642894,0.03943699753515871,0.1813174830079145,0,0,0,1
2014-02-01,AAPL,Technology,0.0512190634535711,0.0431170301781616,4.1666666666666665e-05,0.05117739678690443,0.04307536351149493,-0.1076968606832088,0.07582490085149837,0.12664490616624824,1,0,0,0
2014-02-01,ABBV,Healthcare,0.0423164441564156,0.0431170301781616,4.1666666666666665e-05,0.04227477748974893,0.04307536351149493,-0.0677900063557283,0.07206296507457106,0.39537614906997787,0,0,1,0
2014-02-01,AMZN,Technology,0.0095068055480667,0.0431170301781616,4.1666666666666665e-05,0.009465138881400032,0.04307536351149493,-0.1005542258730379,0.07738590917383206,0.35099813604259733,1,0,0,0
2014-02-01,BAC,Financials,-0.0131340405662636,0.0431170301781616,4.1666666666666665e-05,-0.013175707232930267,0.04307536351149493,0.0764793699615238,0.06859681713242363,0.48411776843665333,0,1,0,0
2014-02-01,C,Financials,0.0255131210679964,0.0431170301781616,4.1666666666666665e-05,0.025471454401329734,0.04307536351149493,-0.0898094215288202,0.06853286638625607,0.12595548890639252,0,1,0,0
2014-02-01,COST,Consumer,0.0395158696494044,0.0431170301781616,4.1666666666666665e-05,0.03947420298273773,0.04307536351149493,-0.0559569048348715,0.042066639142645364,0.10959127119313417,0,0,0,1
2014-02-01,GOOGL,Technology,0.0293657258705382,0.0431170301781616,4.1666666666666665e-05,0.029324059203871534,0.04307536351149493,0.0537693834929338,0.05364279033025294,0.5627707385252452,1,0,0,0
2014-02-01,GS,Financials,0.0141964545637069,0.0431170301781616,4.1666666666666665e-05,0.014154787897040232,0.04307536351149493,-0.0741281478910785,0.0605141145590692,0.12459872124029014,0,1,0,0
2014-02-01,JNJ,Healthcare,0.0412570668201501,0.0431170301781616,4.1666666666666665e-05,0.041215400153483434,0.04307536351149493,-0.0340642676380845,0.049328382017182884,0.23318414894204587,0,0,1,0
2014-02-01,JPM,Financials,0.0330857671549551,0.0431170301781616,4.1666666666666665e-05,0.03304410048828843,0.04307536351149493,-0.0533515767989363,0.06362935176028608,0.20965145588105982,0,1,0,0
2014-02-01,KO,Consumer,0.0100476114362166,0.0431170301781616,4.1666666666666665e-05,0.010005944769549933,0.04307536351149493,-0.0844831920911514,0.045722596486143824,0.04475499141106809,0,0,0,1
2014-02-01,MCD,Consumer,0.0104068234901288,0.0431170301781616,4.1666666666666665e-05,0.010365156823462132,0.04307536351149493,-0.0294753001225398,0.030512863909920897,0.020553504763383357,0,0,0,1
2014-02-01,MRK,Healthcare,0.0758919024557667,0.0431170301781616,4.1666666666666665e-05,0.07585023578910004,0.04307536351149493,0.0679414520110441,0.04442568287819636,0.27056963433263737,0,0,1,0
2014-02-01,MS,Financials,0.0454492675573943,0.0431170301781616,4.1666666666666665e-05,0.04540760089072763,0.04307536351149493,-0.0589924527467135,0.07400366162016543,0.30191889369038694,0,1,0,0
2014-02-01,MSFT,Technology,0.012420659937721,0.0431170301781616,4.1666666666666665e-05,0.012378993271054333,0.04307536351149493,0.0114943571668724,0.05747574402750762,0.42021879249085226,1,0,0,0
2014-02-01,NVDA,Technology,0.170700896791208,0.0431170301781616,4.1666666666666665e-05,0.17065923012454134,0.04307536351149493,-0.0199753222129477,0.03197837187296072,0.30856675809918443,1,0,0,0
2014-02-01,PFE,Healthcare,0.0562499310738457,0.0431170301781616,4.1666666666666665e-05,0.056208264407179034,0.04307536351149493,-0.0075089735316278,0.03842647216367596,0.15157067849106975,0,0,1,0
2014-02-01,PG,Consumer,0.0343908157194914,0.0431170301781616,4.1666666666666665e-05,0.03434914905282473,0.04307536351149493,-0.0588378237598747,0.037529009834296474,0.05115017911139019,0,0,0,1
2014-02-01,UNH,Healthcare,0.0690373208190455,0.0431170301781616,4.1666666666666665e-05,0.06899565415237884,0.04307536351149493,-0.0364466071193656,0.05282954588634919,0.330077770492299,0,0,1,0
2014-02-01,WMT,Consumer,0.0002677922107472,0.0431170301781616,4.1666666666666665e-05,0.00022612554408053335,0.04307536351149493,-0.0454351672649969,0.04261479185075785,0.09384671053359339,0,0,0,1
2014-03-01,AAPL,Technology,0.0260581491509612,0.006932165418227,4.1666666666666665e-05,0.026016482484294536,0.006890498751560333,0.0512190634535711,0.07524141774029476,0.22215655741405005,1,0,0,0
2014-03-01,ABBV,Healthcare,0.0096251018729978,0.006932165418227,4.1666666666666665e-05,0.009583435206331132,0.006890498751560333,0.0423164441564156,0.0720264012561053,0.4283586626775957,0,0,1,0
2014-03-01,AMZN,Technology,-0.0710576667199733,0.006932165418227,4.1666666666666665e-05,-0.07109933338663996,0.006890498751560333,0.0095068055480667,0.07694914706781569,0.37018954182277075,1,0,0,0
2014-03-01,BAC,Financials,0.0405319567614115,0.006932165418227,4.1666666666666665e-05,0.04049029009474483,0.006890498751560333,-0.0131340405662636,0.06891099703129001,0.47636284066713097,0,1,0,0
2014-03-01,C,Financials,-0.0211803175185018,0.006932165418227,4.1666666666666665e-05,-0.021221984185168467,0.006890498751560333,0.0255131210679964,0.06842620503125749,0.15963367092033787,0,1,0,0
2014-03-01,COST,Consumer,-0.0412508377407973,0.006932165418227,4.1666666666666665e-05,-0.041292504407463966,0.006890498751560333,0.0395158696494044,0.04239219265471857,0.16539469625411707,0,0,0,1
2014-03-01,GOOGL,Technology,-0.08319841999108,0.006932165418227,4.1666666666666665e-05,-0.08324008665774667,0.006890498751560333,0.0293657258705382,0.053278308954245,0.5172866884518772,1,0,0,0
2014-03-01,GS,Financials,-0.0122971900997569,0.006932165418227,4.1666666666666665e-05,-0.012338856766423567,0.006890498751560333,0.0141964545637069,0.06051809042687846,0.12609399473007787,0,1,0,0
2014-03-01,JNJ,Healthcare,0.0739996647685021,0.006932165418227,4.1666666666666665e-05,0.07395799810183544,0.006890498751560333,0.0412570668201501,0.04967502577937394,0.24711338481727774,0,0,1,0
2014-03-01,JPM,Financials,0.0684618929045171,0.006932165418227,4.1666666666666665e-05,0.06842022623785043,0.006890498751560333,0.0330857671549551,0.0631789884857301,0.1937033488697284,0,1,0,0
2014-03-01,KO,Consumer,0.0120419750729321,0.006932165418227,4.1666666666666665e-05,0.012000308406265432,0.006890498751560333,0.0100476114362166,0.044434960486401366,0.01491740588824908,0,0,0,1
2014-03-01,MCD,Consumer,0.0390445341276044,0.006932165418227,4.1666666666666665e-05,0.03900286746093773,0.006890498751560333,0.0104068234901288,0.03058569721488319,0.02461496116824735,0,0,0,1
2014-03-01,MRK,Healthcare,-0.0038605969907209,0.006932165418227,4.1666666666666665e-05,-0.0039022636573875667,0.006890498751560333,0.0758919024557667,0.04570957974407535,0.3836314324244745,0,0,1,0
2014-03-01,MS,Financials,0.0120128304933744,0.006932165418227,4.1666666666666665e-05,0.011971163826707733,0.006890498751560333,0.0454492675573943,0.07321490550901062,0.3791971679233679,0,1,0,0
2014-03-01,MSFT,Technology,0.0779791610422986,0.006932165418227,4.1666666666666665e-05,0.07793749437563194,0.006890498751560333,0.012420659937721,0.05748541002636068,0.41975610056654156,1,0,0,0
2014-03-01,NVDA,Technology,-0.0211716922175058,0.006932165418227,4.1666666666666665e-05,-0.021213358884172466,0.006890498751560333,0.170700896791208,0.0533840692769016,0.48353684670827435,1,0,0,0
2014-03-01,PFE,Healthcare,0.00865272410695,0.006932165418227,4.1666666666666665e-05,0.008611057440283332,0.006890498751560333,0.0562499310738457,0.04044430988070814,0.20184170509260935,0,0,1,0
2014-03-01,PG,Consumer,0.0246632217482911,0.006932165418227,4.1666666666666665e-05,0.024621555081624433,0.006890498751560333,0.0343908157194914,0.038217396897782474,0.0641144453414908,0,0,0,1
2014-03-01,UNH,Healthcare,0.0610841721921462,0.006932165418227,4.1666666666666665e-05,0.06104250552547953,0.006890498751560333,0.0690373208190455,0.050897898253128106,0.4687234632990782,0,0,1,0
2014-03-01,WMT,Consumer,0.0231593801288187,0.006932165418227,4.1666666666666665e-05,0.023117713462152033,0.006890498751560333,0.0002677922107472,0.04265901533981668,0.08130988971252928,0,0,0,1
2014-04-01,AAPL,Technology,0.0993966329099653,0.0062007891534141,2.4999999999999998e-05,0.0993716329099653,0.0061757891534141,0.0260581491509612,0.07518243009900892,0.2431888480007911,1,0,0,0
2014-04-01,ABBV,Healthcare,0.0132296336779862,0.0062007891534141,2.4999999999999998e-05,0.013204633677986199,0.0061757891534141,0.0096251018729978,0.0685199800074438,0.3056053313353726,0,0,1,0
2014-04-01,AMZN,Technology,-0.0958468600450591,0.0062007891534141,2.4999999999999998e-05,-0.0958718600450591,0.0061757891534141,-0.0710576667199733,0.08214903842003392,0.26222375420231914,1,0,0,0
2014-04-01,BAC,Financials,-0.1192409675894475,0.0062007891534141,2.4999999999999998e-05,-0.11926596758944749,0.0061757891534141,0.0405319567614115,0.06711415528262352,0.4151115431998582,0,1,0,0
2014-04-01,C,Financials,0.0065127495766561,0.0062007891534141,2.4999999999999998e-05,0.0064877495766561,0.0061757891534141,-0.0211803175185018,0.06792144966571466,0.0768300966491351,0,1,0,0
2014-04-01,COST,Consumer,0.0358165108164594,0.0062007891534141,2.4999999999999998e-05,0.035791510816459406,0.0061757891534141,-0.0412508377407973,0.04341736522809832,0.06372838141284198,0,0,0,1
2014-04-01,GOOGL,Technology,-0.0411119535168645,0.0062007891534141,2.4999999999999998e-05,-0.0411369535168645,0.0061757891534141,-0.08319841999108,0.06256051800642647,0.40332921493185636,1,0,0,0
2014-04-01,GS,Financials,-0.0245951612461531,0.0062007891534141,2.4999999999999998e-05,-0.0246201612461531,0.0061757891534141,-0.0122971900997569,0.060451082459733955,0.12814053990566876,0,1,0,0
2014-04-01,JNJ,Healthcare,0.0311511182070378,0.0062007891534141,2.4999999999999998e-05,0.031126118207037798,0.0061757891534141,0.0739996647685021,0.049063581893838436,0.24043604674316943,0,0,1,0
2014-04-01,JPM,Financials,-0.0779117387462288,0.0062007891534141,2.4999999999999998e-05,-0.07793673874622879,0.0061757891534141,0.0684618929045171,0.06297471470857122,0.3146621200704123,0,1,0,0
2014-04-01,KO,Consumer,0.0634557537934792,0.0062007891534141,2.4999999999999998e-05,0.0634307537934792,0.0061757891534141,0.0120419750729321,0.04257945093083219,-0.016547053614640705,0,0,0,1
2014-04-01,MCD,Consumer,0.0341736329000328,0.0062007891534141,2.4999999999999998e-05,0.0341486329000328,0.0061757891534141,0.0390445341276044,0.029475499791997338,0.015950169589745267,0,0,0,1
2014-04-01,MRK,Healthcare,0.0395827514832418,0.0062007891534141,2.4999999999999998e-05,0.0395577514832418,0.0061757891534141,-0.0038605969907209,0.04657594754645278,0.33245111750994116,0,0,1,0
2014-04-01,MS,Financials,-0.0076996621729668,0.0062007891534141,2.4999999999999998e-05,-0.0077246621729668,0.0061757891534141,0.0120128304933744,0.0716026329213085,0.42882739619018495,0,1,0,0
2014-04-01,MSFT,Technology,-0.0143939277874689,0.0062007891534141,2.4999999999999998e-05,-0.0144189277874689,0.0061757891534141,0.0779791610422986,0.05906071327864186,0.4749263154786936,1,0,0,0
2014-04-01,NVDA,Technology,0.0312674841017801,0.0062007891534141,2.4999999999999998e-05,0.031242484101780103,0.0061757891534141,-0.0211716922175058,0.05567681701268783,0.42415018148934025,1,0,0,0
2014-04-01,PFE,Healthcare,-0.0261517611025547,0.0062007891534141,2.4999999999999998e-05,-0.0261767611025547,0.0061757891534141,0.00865272410695,0.03862657782087981,0.14965495086118263,0,0,1,0
2014-04-01,PG,Consumer,0.0241935289788881,0.0062007891534141,2.4999999999999998e-05,0.0241685289788881,0.0061757891534141,0.0246632217482911,0.03858067928320438,0.07790719828258386,0,0,0,1
2014-04-01,UNH,Healthcare,-0.0814595805183073,0.0062007891534141,2.4999999999999998e-05,-0.0814845805183073,0.0061757891534141,0.0610841721921462,0.05035911440619463,0.4560143043989342,0,0,1,0
2014-04-01,WMT,Consumer,0.0496433092600496,0.0062007891534141,2.4999999999999998e-05,0.049618309260049606,0.0061757891534141,0.0231593801288187,0.0400969821324915,0.04647338797156819,0,0,0,1
2014-05-01,AAPL,Technology,0.0727174172722482,0.0210302800732804,2.4999999999999998e-05,0.0726924172722482,0.0210052800732804,0.0993966329099653,0.07809729645436694,0.3663873523077652,1,0,0,0
2014-05-01,ABBV,Healthcare,0.0525386972717725,0.0210302800732804,2.4999999999999998e-05,0.052513697271772505,0.0210052800732804,0.0132296336779862,0.06007600521056227,0.17148668068926276,0,0,1,0
2014-05-01,AMZN,Technology,0.0276854980106515,0.0210302800732804,2.4999999999999998e-05,0.0276604980106515,0.0210052800732804,-0.0958468600450591,0.08694073252442407,0.19825851956803997,1,0,0,0
2014-05-01,BAC,Financials,0.0,0.0210302800732804,2.4999999999999998e-05,-2.4999999999999998e-05,0.0210052800732804,-0.1192409675894475,0.07999146687099205,0.23320978768445344,0,1,0,0
2014-05-01,C,Financials,-0.0070964509966544,0.0210302800732804,2.4999999999999998e-05,-0.0071214509966544,0.0210052800732804,0.0065127495766561,0.06633383563348681,0.027630044981699076,0,1,0,0
2014-05-01,COST,Consumer,0.0029392249498305,0.0210302800732804,2.4999999999999998e-05,0.0029142249498305003,0.0210052800732804,0.0358165108164594,0.04406204547811019,0.07825237283645814,0,0,0,1
2014-05-01,GOOGL,Technology,0.0687445056301057,0.0210302800732804,2.4999999999999998e-05,0.0687195056301057,0.0210052800732804,-0.0411119535168645,0.06576322543353248,0.2960575034258759,1,0,0,0
2014-05-01,GS,Financials,-6.214146507554918e-05,0.0210302800732804,2.4999999999999998e-05,-8.714146507554918e-05,0.0210052800732804,-0.0245951612461531,0.06114801676481544,0.10852957974721611,0,1,0,0
2014-05-01,JNJ,Healthcare,0.0016783825551227,0.0210302800732804,2.4999999999999998e-05,0.0016533825551226999,0.0210052800732804,0.0311511182070378,0.048542808172674465,0.2235494512519156,0,0,1,0
2014-05-01,JPM,Financials,-0.0010671838280125,0.0210302800732804,2.4999999999999998e-05,-0.0010921838280125,0.0210052800732804,-0.0779117387462288,0.06948077090722335,0.17389601591469162,0,1,0,0
2014-05-01,KO,Consumer,0.0029418125461742,0.0210302800732804,2.4999999999999998e-05,0.0029168125461742,0.0210052800732804,0.0634557537934792,0.04371672980351894,-0.008019837087225423,0,0,0,1
2014-05-01,MCD,Consumer,0.0004931751652579,0.0210302800732804,2.4999999999999998e-05,0.0004681751652579,0.0210052800732804,0.0341736329000328,0.030271484636058957,0.025467061820961368,0,0,0,1
2014-05-01,MRK,Healthcare,-0.0119537162843709,0.0210302800732804,2.4999999999999998e-05,-0.0119787162843709,0.0210052800732804,0.0395827514832418,0.0443421069046283,0.2902340597462021,0,0,1,0
2014-05-01,MS,Financials,0.001010234315669,0.0210302800732804,2.4999999999999998e-05,0.000985234315669,0.0210052800732804,-0.0076996621729668,0.07222255123457606,0.4069441406493788,0,1,0,0
2014-05-01,MSFT,Technology,0.0133657017523853,0.0210302800732804,2.4999999999999998e-05,0.0133407017523853,0.0210052800732804,-0.0143939277874689,0.04603141052935544,0.256502702644521,1,0,0,0
2014-05-01,NVDA,Technology,0.028695093794129,0.0210302800732804,2.4999999999999998e-05,0.028670093794129,0.0210052800732804,0.0312674841017801,0.05409167034171685,0.3684217012449418,1,0,0,0
2014-05-01,PFE,Healthcare,-0.0527491690712731,0.0210302800732804,2.4999999999999998e-05,-0.052774169071273094,0.0210052800732804,-0.0261517611025547,0.04020083974896381,0.11150145761083974,0,0,1,0
2014-05-01,PG,Consumer,-0.0135010528595477,0.0210302800732804,2.4999999999999998e-05,-0.0135260528595477,0.0210052800732804,0.0241935289788881,0.038718747801095375,0.10815601849383905,0,0,0,1
2014-05-01,UNH,Healthcare,0.0611670251265215,0.0210302800732804,2.4999999999999998e-05,0.061142025126521504,0.0210052800732804,-0.0814595805183073,0.059663824574380894,0.27177145678376435,0,0,1,0
2014-05-01,WMT,Consumer,-0.0368835394236423,0.0210302800732804,2.4999999999999998e-05,-0.0369085394236423,0.0210052800732804,0.0496433092600496,0.04051386813092924,0.0507997288438935,0,0,0,1
2014-06-01,AAPL,Technology,0.0334017296869939,0.0190583317494701,3.3333333333333335e-05,0.03336839635366056,0.019024998416136765,0.0727174172722482,0.07893295088446049,0.4430960205657142,1,0,0,0
2014-06-01,ABBV,Healthcare,0.0388366447931332,0.0190583317494701,3.3333333333333335e-05,0.038803311459799865,0.019024998416136765,0.0525386972717725,0.05534104592651776,0.3178868979942986,0,0,1,0
2014-06-01,AMZN,Technology,0.0391297876481062,0.0190583317494701,3.3333333333333335e-05,0.03909645431477286,0.019024998416136765,0.0276854980106515,0.08600784234864794,0.1610326549846528,1,0,0,0
2014-06-01,BAC,Financials,0.0151919596184346,0.0190583317494701,3.3333333333333335e-05,0.015158626285101267,0.019024998416136765,0.0,0.07498630389765189,0.11133351342174946,0,1,0,0
2014-06-01,C,Financials,-0.0096737655634053,0.0190583317494701,3.3333333333333335e-05,-0.009707098896738634,0.019024998416136765,-0.0070964509966544,0.05657955964803488,-0.08426706282603302,0,1,0,0
2014-06-01,COST,Consumer,-0.004373261938079,0.0190583317494701,3.3333333333333335e-05,-0.004406595271412333,0.019024998416136765,0.0029392249498305,0.044059504399076625,0.0695842355344527,0,0,0,1
2014-06-01,GOOGL,Technology,0.0227761324395434,0.0190583317494701,3.3333333333333335e-05,0.022742799106210066,0.019024998416136765,0.0687445056301057,0.06640622006839218,0.3109856864158642,1,0,0,0
2014-06-01,GS,Financials,0.0513178803058009,0.0190583317494701,3.3333333333333335e-05,0.051284546972467565,0.019024998416136765,-6.214146507554918e-05,0.05255217584028515,-0.001031382636671907,0,1,0,0
2014-06-01,JNJ,Healthcare,0.0383314893841209,0.0190583317494701,3.3333333333333335e-05,0.03829815605078756,0.019024998416136765,0.0016783825551227,0.04791130172562061,0.24089034748656113,0,0,1,0
2014-06-01,JPM,Financials,0.0368905162345511,0.0190583317494701,3.3333333333333335e-05,0.03685718290121776,0.019024998416136765,-0.0010671838280125,0.06111087052983347,0.04623771917272679,0,1,0,0
2014-06-01,KO,Consumer,0.0354434278557018,0.0190583317494701,3.3333333333333335e-05,0.035410094522368464,0.019024998416136765,0.0029418125461742,0.04007651210270098,0.053115373962455914,0,0,0,1
2014-06-01,MCD,Consumer,0.0012026429075198,0.0190583317494701,3.3333333333333335e-05,0.0011693095741864667,0.019024998416136765,0.0004931751652579,0.02445134614344838,0.08514931978598872,0,0,0,1
2014-06-01,MRK,Healthcare,-0.0001727203098145,0.0190583317494701,3.3333333333333335e-05,-0.00020605364314783332,0.019024998416136765,-0.0119537162843709,0.044697816634815445,0.2830004723787003,0,0,1,0
2014-06-01,MS,Financials,0.0476344119275613,0.0190583317494701,3.3333333333333335e-05,0.047601078594227964,0.019024998416136765,0.001010234315669,0.057206519830179825,0.2016413538496622,0,1,0,0
2014-06-01,MSFT,Technology,0.0257498101066269,0.0190583317494701,3.3333333333333335e-05,0.025716476773293567,0.019024998416136765,0.0133657017523853,0.04476623850402505,0.20762521535935785,1,0,0,0
2014-06-01,NVDA,Technology,-0.019716264332974,0.0190583317494701,3.3333333333333335e-05,-0.019749597666307333,0.019024998416136765,0.028695093794129,0.05360734017980756,0.33959015289439654,1,0,0,0
2014-06-01,PFE,Healthcare,0.0106156008833604,0.0190583317494701,3.3333333333333335e-05,0.010582267550027067,0.019024998416136765,-0.0527491690712731,0.0385437469316746,0.12401604787205511,0,0,1,0
2014-06-01,PG,Consumer,-0.0272313166261429,0.0190583317494701,3.3333333333333335e-05,-0.027264649959476233,0.019024998416136765,-0.0135010528595477,0.039277009286132106,0.08536267463576297,0,0,0,1
2014-06-01,UNH,Healthcare,0.0266233016300385,0.0190583317494701,3.3333333333333335e-05,0.026589968296705166,0.019024998416136765,0.0611670251265215,0.060410373695513615,0.29138212109632855,0,0,1,0
2014-06-01,WMT,Consumer,-0.0160899652353218,0.0190583317494701,3.3333333333333335e-05,-0.016123298568655135,0.019024998416136765,-0.0368835394236423,0.04049763746167101,0.05098820514998703,0,0,0,1
2014-07-01,AAPL,Technology,0.0287310706701222,-0.0150798308453423,2.4999999999999998e-05,0.0287060706701222,-0.015104830845342301,0.0334017296869939,0.06419713419868482,0.6802545116570562,1,0,0,0
2014-07-01,ABBV,Healthcare,-0.0726434273109969,-0.0150798308453423,2.4999999999999998e-05,-0.0726684273109969,-0.015104830845342301,0.0388366447931332,0.05249163890992837,0.41377670427418867,0,0,1,0
2014-07-01,AMZN,Technology,-0.036301521991122,-0.0150798308453423,2.4999999999999998e-05,-0.036326521991122,-0.015104830845342301,0.0391297876481062,0.08616146031386217,0.1695776475135271,1,0,0,0
2014-07-01,BAC,Financials,-0.0071691518309959,-0.0150798308453423,2.4999999999999998e-05,-0.0071941518309959,-0.015104830845342301,0.0151919596184346,0.07168361009712476,0.19840179108337597,0,1,0,0
2014-07-01,C,Financials,0.0384285523113099,-0.0150798308453423,2.4999999999999998e-05,0.0384035523113099,-0.015104830845342301,-0.0096737655634053,0.05202099685021279,-0.017341504770119975,0,1,0,0
2014-07-01,COST,Consumer,0.0206667232556527,-0.0150798308453423,2.4999999999999998e-05,0.020641723255652698,-0.015104830845342301,-0.004373261938079,0.04413581877640826,0.052915304510790406,0,0,0,1
2014-07-01,GOOGL,Technology,-0.0087570732662887,-0.0150798308453423,2.4999999999999998e-05,-0.0087820732662887,-0.015104830845342301,0.0227761324395434,0.06626104098168853,0.3269088451756472,1,0,0,0
2014-07-01,GS,Financials,0.0324295458323338,-0.0150798308453423,2.4999999999999998e-05,0.032404545832333806,-0.015104830845342301,0.0513178803058009,0.05004926410010651,0.12188849826284653,0,1,0,0
2014-07-01,JNJ,Healthcare,-0.0432997421933707,-0.0150798308453423,2.4999999999999998e-05,-0.043324742193370694,-0.015104830845342301,0.0383314893841209,0.04818148631526803,0.2538198634617699,0,0,1,0
2014-07-01,JPM,Financials,0.0008679458080727,-0.0150798308453423,2.4999999999999998e-05,0.0008429458080727,-0.015104830845342301,0.0368905162345511,0.06043917968551089,0.12182410903443341,0,1,0,0
2014-07-01,KO,Consumer,-0.0654982759212894,-0.0150798308453423,2.4999999999999998e-05,-0.0655232759212894,-0.015104830845342301,0.0354434278557018,0.0410076495740099,0.08717877819554243,0,0,0,1
2014-07-01,MCD,Consumer,-0.0613461554499057,-0.0150798308453423,2.4999999999999998e-05,-0.0613711554499057,-0.015104830845342301,0.0012026429075198,0.02305238306523796,0.051548134024087755,0,0,0,1
2014-07-01,MRK,Healthcare,-0.011794105472382,-0.0150798308453423,2.4999999999999998e-05,-0.011819105472382001,-0.015104830845342301,-0.0001727203098145,0.04443522736824664,0.2896827701943703,0,0,1,0
2014-07-01,MS,Financials,0.0003091123106444,-0.0150798308453423,2.4999999999999998e-05,0.0002841123106444,-0.015104830845342301,0.0476344119275613,0.05275212440986297,0.33463028089388525,0,1,0,0
2014-07-01,MSFT,Technology,0.0350121401878422,-0.0150798308453423,2.4999999999999998e-05,0.0349871401878422,-0.015104830845342301,0.0257498101066269,0.044363039375100735,0.24291680965744122,1,0,0,0
2014-07-01,NVDA,Technology,-0.0560947786585779,-0.0150798308453423,2.4999999999999998e-05,-0.056119778658577896,-0.015104830845342301,-0.019716264332974,0.05318988066248323,0.3465568780446566,1,0,0,0
2014-07-01,PFE,Healthcare,-0.0330185953648339,-0.0150798308453423,2.4999999999999998e-05,-0.033043595364833894,-0.015104830845342301,0.0106156008833604,0.037619032766886946,0.09518580868336013,0,0,1,0
2014-07-01,PG,Consumer,-0.0161598471743392,-0.0150798308453423,2.4999999999999998e-05,-0.0161848471743392,-0.015104830845342301,-0.0272313166261429,0.040544716037075955,0.05265259487248897,0,0,0,1
2014-07-01,UNH,Healthcare,-0.0039032272360037,-0.0150798308453423,2.4999999999999998e-05,-0.0039282272360037,-0.015104830845342301,0.0266233016300385,0.060020815727178226,0.26805891127228865,0,0,1,0
2014-07-01,WMT,Consumer,-0.0198484828078107,-0.0150798308453423,2.4999999999999998e-05,-0.0198734828078107,-0.015104830845342301,-0.0160899652353218,0.04094708815315649,0.03274232361796958,0,0,0,1
2014-08-01,AAPL,Technology,0.0721760500670476,0.0376552955798252,2.4999999999999998e-05,0.0721510500670476,0.0376302955798252,0.0287310706701222,0.05683146221463916,0.514626979274762,1,0,0,0
2014-08-01,ABBV,Healthcare,0.0641826930151117,0.0376552955798252,2.4999999999999998e-05,0.0641576930151117,0.0376302955798252,-0.0726434273109969,0.05528326388942733,0.191729393450228,0,0,1,0
2014-08-01,AMZN,Technology,0.0832294820925929,0.0376552955798252,2.4999999999999998e-05,0.0832044820925929,0.0376302955798252,-0.036301521991122,0.08451489847156722,0.03907443250488929,1,0,0,0
2014-08-01,BAC,Financials,0.0550817935701466,0.0376552955798252,2.4999999999999998e-05,0.0550567935701466,0.0376302955798252,-0.0071691518309959,0.06130710951892473,0.04722600219179984,0,1,0,0
2014-08-01,C,Financials,0.0562330502879546,0.0376552955798252,2.4999999999999998e-05,0.0562080502879546,0.0376302955798252,0.0384285523113099,0.04619216556071606,-0.06118976506322216,0,1,0,0
2014-08-01,COST,Consumer,0.033240555381258,0.0376552955798252,2.4999999999999998e-05,0.033215555381258005,0.0376302955798252,0.0206667232556527,0.04079225145261724,0.011981793236809368,0,0,0,1
2014-08-01,GOOGL,Technology,0.004848521391559,0.0376552955798252,2.4999999999999998e-05,0.004823521391559,0.0376302955798252,-0.0087570732662887,0.0668522859128297,0.3043548005706278,1,0,0,0
2014-08-01,GS,Financials,0.0360963432905134,0.0376552955798252,2.4999999999999998e-05,0.036071343290513404,0.0376302955798252,0.0324295458323338,0.04508940381809426,0.06802736804374288,0,1,0,0
2014-08-01,JNJ,Healthcare,0.0363675918688506,0.0376552955798252,2.4999999999999998e-05,0.0363425918688506,0.0376302955798252,-0.0432997421933707,0.04607239476198343,0.10151448358342652,0,0,1,0
2014-08-01,JPM,Financials,0.0380713734124509,0.0376552955798252,2.4999999999999998e-05,0.0380463734124509,0.0376302955798252,0.0008679458080727,0.05882886718391642,0.06356540169869151,0,1,0,0
2014-08-01,KO,Consumer,0.0618481596732654,0.0376552955798252,2.4999999999999998e-05,0.061823159673265404,0.0376302955798252,-0.0654982759212894,0.046158093923966206,0.009751548699346024,0,0,0,1
2014-08-01,MCD,Consumer,-0.0088828971242381,0.0376552955798252,2.4999999999999998e-05,-0.0089078971242381,0.0376302955798252,-0.0613461554499057,0.029785711666322094,-0.0037018487825096758,0,0,0,1
2014-08-01,MRK,Healthcare,0.0593938630681374,0.0376552955798252,2.4999999999999998e-05,0.0593688630681374,0.0376302955798252,-0.011794105472382,0.044731650385539036,0.21778093232574713,0,0,1,0
2014-08-01,MS,Financials,0.0641330308386143,0.0376552955798252,2.4999999999999998e-05,0.0641080308386143,0.0376302955798252,0.0003091123106444,0.045123473584649354,0.1986435687117576,0,1,0,0
2014-08-01,MSFT,Technology,0.0525950834549224,0.0376552955798252,2.4999999999999998e-05,0.0525700834549224,0.0376302955798252,0.0350121401878422,0.03212670672240318,0.3955221442325976,1,0,0,0
2014-08-01,NVDA,Technology,0.1114287190828291,0.0376552955798252,2.4999999999999998e-05,0.1114037190828291,0.0376302955798252,-0.0560947786585779,0.05823928423894133,0.23581390569679517,1,0,0,0
2014-08-01,PFE,Healthcare,0.0330764228594862,0.0376552955798252,2.4999999999999998e-05,0.0330514228594862,0.0376302955798252,-0.0330185953648339,0.037580076634517214,0.014822671338832416,0,0,1,0
2014-08-01,PG,Consumer,0.0834705586174633,0.0376552955798252,2.4999999999999998e-05,0.0834455586174633,0.0376302955798252,-0.0161598471743392,0.03907973768502716,-0.007047418951969808,0,0,0,1
2014-08-01,UNH,Healthcare,0.0694627917217085,0.0376552955798252,2.4999999999999998e-05,0.0694377917217085,0.0376302955798252,-0.0039032272360037,0.052106117613347505,0.13034499721638704,0,0,1,0
2014-08-01,WMT,Consumer,0.0260943275289955,0.0376552955798252,2.4999999999999998e-05,0.0260693275289955,0.0376302955798252,-0.0198484828078107,0.03906300940285826,-0.032563145241125246,0,0,0,1
2014-09-01,AAPL,Technology,-0.0121839459583015,-0.0155138372494539,1.6666666666666667e-05,-0.012200612624968167,-0.015530503916120566,0.0721760500670476,0.05655909932792481,0.5083217418411998,1,0,0,0
2014-09-01,ABBV,Healthcare,0.0448623479251113,-0.0155138372494539,1.6666666666666667e-05,0.04484568125844463,-0.015530503916120566,0.0641826930151117,0.052020195948890305,0.3413077088622216,0,0,1,0
2014-09-01,AMZN,Technology,-0.0489617708908799,-0.0155138372494539,1.6666666666666667e-05,-0.048978437557546564,-0.015530503916120566,0.0832294820925929,0.08375867090951207,0.20663391857580304,1,0,0,0
2014-09-01,BAC,Financials,0.0596643614746836,-0.0155138372494539,1.6666666666666667e-05,0.05964769480801693,-0.015530503916120566,0.0550817935701466,0.0615509129206806,0.14247026673177854,0,1,0,0
2014-09-01,C,Financials,0.0032912036032548,-0.0155138372494539,1.6666666666666667e-05,0.0032745369365881336,-0.015530503916120566,0.0562330502879546,0.04369485883566966,0.06977345776157362,0,1,0,0
2014-09-01,COST,Consumer,0.0350180813867162,-0.0155138372494539,1.6666666666666667e-05,0.035001414720049535,-0.015530503916120566,0.033240555381258,0.038555255363537114,0.0974948747135429,0,0,0,1
2014-09-01,GOOGL,Technology,0.010388818743384,-0.0155138372494539,1.6666666666666667e-05,0.010372152076717333,-0.015530503916120566,0.004848521391559,0.06351420777041362,0.37389933752105864,1,0,0,0
2014-09-01,GS,Financials,0.0280794828274202,-0.0155138372494539,1.6666666666666667e-05,0.028062816160753533,-0.015530503916120566,0.0360963432905134,0.03816113526835671,0.19313880205673417,0,1,0,0
2014-09-01,JNJ,Healthcare,0.0345217254957188,-0.0155138372494539,1.6666666666666667e-05,0.03450505882905214,-0.015530503916120566,0.0363675918688506,0.03794607933237044,0.23524074723646793,0,0,1,0
2014-09-01,JPM,Financials,0.0132884315912324,-0.0155138372494539,1.6666666666666667e-05,0.013271764924565733,-0.015530503916120566,0.0380713734124509,0.05136890100226805,0.2088590029050006,0,1,0,0
2014-09-01,KO,Consumer,0.0225304872792331,-0.0155138372494539,1.6666666666666667e-05,0.022513820612566432,-0.015530503916120566,0.0618481596732654,0.046344133737269595,0.1255603377320662,0,0,0,1
2014-09-01,MCD,Consumer,0.0203621679701786,-0.0155138372494539,1.6666666666666667e-05,0.020345501303511933,-0.015530503916120566,-0.0088828971242381,0.027507221361187276,0.026376920671481674,0,0,0,1
2014-09-01,MRK,Healthcare,-0.0138081101111212,-0.0155138372494539,1.6666666666666667e-05,-0.013824776777787866,-0.015530503916120566,0.0593938630681374,0.04471381079628231,0.3141166018304331,0,0,1,0
2014-09-01,MS,Financials,0.0075781025742254,-0.0155138372494539,1.6666666666666667e-05,0.007561435907558733,-0.015530503916120566,0.0641330308386143,0.04156052475453145,0.34488160236345666,0,1,0,0
2014-09-01,MSFT,Technology,0.0268443081824807,-0.0155138372494539,1.6666666666666667e-05,0.026827641515814033,-0.015530503916120566,0.0525950834549224,0.03235031061200883,0.4003114258433784,1,0,0,0
2014-09-01,NVDA,Technology,-0.0472178386455404,-0.0155138372494539,1.6666666666666667e-05,-0.04723450531220706,-0.015530503916120566,0.1114287190828291,0.06404967144585388,0.3446518814976922,1,0,0,0
2014-09-01,PFE,Healthcare,0.0061240444507,-0.0155138372494539,1.6666666666666667e-05,0.006107377784033334,-0.015530503916120566,0.0330764228594862,0.03738381130380314,0.07750942846062148,0,0,1,0
2014-09-01,PG,Consumer,0.0075803198436961,-0.0155138372494539,1.6666666666666667e-05,0.007563653177029434,-0.015530503916120566,0.0834705586174633,0.04501192097883144,0.10087630907057377,0,0,0,1
2014-09-01,UNH,Healthcare,-0.0049604398945063,-0.0155138372494539,1.6666666666666667e-05,-0.004977106561172967,-0.015530503916120566,0.0694627917217085,0.053862320576517984,0.227565284387371,0,0,1,0
2014-09-01,WMT,Consumer,0.0195200323377349,-0.0155138372494539,1.6666666666666667e-05,0.01950336567106823,-0.015530503916120566,0.0260943275289955,0.03452778752102845,0.0601478102489279,0,0,0,1
2014-10-01,AAPL,Technology,0.0719601602437114,0.023201460667203,1.6666666666666667e-05,0.07194349357704473,0.023184794000536333,-0.0121839459583015,0.05632978494014047,0.5126773562928477,1,0,0,0
2014-10-01,ABBV,Healthcare,0.0986843338040472,0.023201460667203,1.6666666666666667e-05,0.09866766713738054,0.023184794000536333,0.0448623479251113,0.05183613567638373,0.3350577826925263,0,0,1,0
2014-10-01,AMZN,Technology,-0.0526609596062547,0.023201460667203,1.6666666666666667e-05,-0.052677626272921364,0.023184794000536333,-0.0489617708908799,0.08023653977827176,0.031345942430576645,1,0,0,0
2014-10-01,BAC,Financials,0.0095542704857847,0.023201460667203,1.6666666666666667e-05,0.009537603819118034,0.023184794000536333,0.0596643614746836,0.06181497086182448,0.23870731998616534,0,1,0,0
2014-10-01,C,Financials,0.0329986631162868,0.023201460667203,1.6666666666666667e-05,0.03298199644962013,0.023184794000536333,0.0032912036032548,0.04369861554443872,0.06910671074387276,0,1,0,0
2014-10-01,COST,Consumer,0.0642353345373902,0.023201460667203,1.6666666666666667e-05,0.06421866787072354,0.023184794000536333,0.0350180813867162,0.038722498050125044,0.10051683992170535,0,0,0,1
2014-10-01,GOOGL,Technology,-0.0349076821467015,0.023201460667203,1.6666666666666667e-05,-0.034924348813368165,0.023184794000536333,0.010388818743384,0.06369418024824623,0.3421963652503681,1,0,0,0
2014-10-01,GS,Financials,0.0349732662974886,0.023201460667203,1.6666666666666667e-05,0.034956599630821934,0.023184794000536333,0.0280794828274202,0.03739344029833474,0.17565228798659938,0,1,0,0
2014-10-01,JNJ,Healthcare,0.0111642067882768,0.023201460667203,1.6666666666666667e-05,0.011147540121610133,0.023184794000536333,0.0345217254957188,0.03813078168331578,0.26423143063946264,0,0,1,0
2014-10-01,JPM,Financials,0.0039839667433221,0.023201460667203,1.6666666666666667e-05,0.003967300076655434,0.023184794000536333,0.0132884315912324,0.05134494707618339,0.19743405676109593,0,1,0,0
2014-10-01,KO,Consumer,-0.0111317264961461,0.023201460667203,1.6666666666666667e-05,-0.011148393162812766,0.023184794000536333,0.0225304872792331,0.04605489530309386,0.1600348836242036,0,0,0,1
2014-10-01,MCD,Consumer,-0.0113910410722817,0.023201460667203,1.6666666666666667e-05,-0.011407707738948367,0.023184794000536333,0.0203621679701786,0.026960547644002218,0.018906421930751094,0,0,0,1
2014-10-01,MRK,Healthcare,-0.0154751162929056,0.023201460667203,1.6666666666666667e-05,-0.015491782959572266,0.023184794000536333,-0.0138081101111212,0.04581199698519542,0.28726048008833405,0,0,1,0
2014-10-01,MS,Financials,0.0109919808994849,0.023201460667203,1.6666666666666667e-05,0.010975314232818233,0.023184794000536333,0.0075781025742254,0.04133043321581289,0.29523891846699235,0,1,0,0
2014-10-01,MSFT,Technology,0.0127267823769292,0.023201460667203,1.6666666666666667e-05,0.012710115710262534,0.023184794000536333,0.0268443081824807,0.03136414458078923,0.4329892698155777,1,0,0,0
2014-10-01,NVDA,Technology,0.0590786685614437,0.023201460667203,1.6666666666666667e-05,0.05906200189477703,0.023184794000536333,-0.0472178386455404,0.06641126633872635,0.20837465479116934,1,0,0,0
2014-10-01,PFE,Healthcare,0.0128510226247302,0.023201460667203,1.6666666666666667e-05,0.012834355958063533,0.023184794000536333,0.0061240444507,0.03720631735829045,0.0644859714396182,0,0,1,0
2014-10-01,PG,Consumer,0.0421540249723431,0.023201460667203,1.6666666666666667e-05,0.042137358305676435,0.023184794000536333,0.0075803198436961,0.04337236658173323,0.14297190970083995,0,0,0,1
2014-10-01,UNH,Healthcare,0.106249780912649,0.023201460667203,1.6666666666666667e-05,0.10623311424598234,0.023184794000536333,-0.0049604398945063,0.053978087475466646,0.2236941024149297,0,0,1,0
2014-10-01,WMT,Consumer,-0.0026153301535251,0.023201460667203,1.6666666666666667e-05,-0.0026319968201917667,0.023184794000536333,0.0195200323377349,0.034525489379647535,0.060083582905539945,0,0,0,1
2014-11-01,AAPL,Technology,0.101203663469279,0.0245335886463149,1.6666666666666667e-05,0.10118699680261234,0.02451692197964823,0.0719601602437114,0.05437984775807367,0.47898356206379833,1,0,0,0
2014-11-01,ABBV,Healthcare,0.098585358037013,0.0245335886463149,1.6666666666666667e-05,0.09856869137034634,0.02451692197964823,0.0986843338040472,0.053567272682417406,0.35418546872156886,0,0,1,0
2014-11-01,AMZN,Technology,0.1086230255185467,0.0245335886463149,1.6666666666666667e-05,0.10860635885188004,0.02451692197964823,-0.0526609596062547,0.06397411456046394,-0.16089334314733494,1,0,0,0
2014-11-01,BAC,Financials,-0.006992867957773,0.0245335886463149,1.6666666666666667e-05,-0.007009534624439666,0.02451692197964823,0.0095542704857847,0.061857472684433965,0.2344575235173061,0,1,0,0
2014-11-01,C,Financials,0.0084112844166424,0.0245335886463149,1.6666666666666667e-05,0.008394617749975733,0.02451692197964823,0.0329986631162868,0.044359927374488406,0.09827276630729331,0,1,0,0
2014-11-01,COST,Consumer,0.0656067725366713,0.0245335886463149,1.6666666666666667e-05,0.06559010587000463,0.02451692197964823,0.0642353345373902,0.04177266251770383,0.1431197364815764,0,0,0,1
2014-11-01,GOOGL,Technology,-0.0330884759815472,0.0245335886463149,1.6666666666666667e-05,-0.03310514264821386,0.02451692197964823,-0.0349076821467015,0.04491311883574225,0.10093753532405314,1,0,0,0
2014-11-01,GS,Financials,-0.00831613384581,0.0245335886463149,1.6666666666666667e-05,-0.008332800512476667,0.02451692197964823,0.0349732662974886,0.0378722410538492,0.19672360320617233,0,1,0,0
2014-11-01,JNJ,Healthcare,0.0043610968207914,0.0245335886463149,1.6666666666666667e-05,0.004344430154124734,0.02451692197964823,0.0111642067882768,0.03504857343201743,0.19662832683148435,0,0,1,0
2014-11-01,JPM,Financials,0.0014107758697692,0.0245335886463149,1.6666666666666667e-05,0.0013941092031025334,0.02451692197964823,0.0039839667433221,0.05114870650815573,0.20570324167910936,0,1,0,0
2014-11-01,KO,Consumer,0.070439138172383,0.0245335886463149,1.6666666666666667e-05,0.07042247150571633,0.02451692197964823,-0.0111317264961461,0.0448205314171252,0.09020018727249246,0,0,0,1
2014-11-01,MCD,Consumer,0.0328605564051984,0.0245335886463149,1.6666666666666667e-05,0.03284388973853174,0.02451692197964823,-0.0113910410722817,0.027224154436582965,0.004065085877046126,0,0,0,1
2014-11-01,MRK,Healthcare,0.0424576508362872,0.0245335886463149,1.6666666666666667e-05,0.042440984169620534,0.02451692197964823,-0.0154751162929056,0.042641528158694784,0.3262156440601911,0,0,1,0
2014-11-01,MS,Financials,0.0095186984690065,0.0245335886463149,1.6666666666666667e-05,0.009502031802339833,0.02451692197964823,0.0109919808994849,0.03905755006753527,0.22834620852561716,0,1,0,0
2014-11-01,MSFT,Technology,0.0183174224056243,0.0245335886463149,1.6666666666666667e-05,0.018300755738957633,0.02451692197964823,0.0127267823769292,0.0298984873748325,0.36393117197931235,1,0,0,0
2014-11-01,NVDA,Technology,0.0731827719075566,0.0245335886463149,1.6666666666666667e-05,0.07316610524088994,0.02451692197964823,0.0590786685614437,0.06600127096289377,0.31093635426483246,1,0,0,0
2014-11-01,PFE,Healthcare,0.0400669022655084,0.0245335886463149,1.6666666666666667e-05,0.04005023559884174,0.02451692197964823,0.0128510226247302,0.03181020722674454,0.009309185676534382,0,0,1,0
2014-11-01,PG,Consumer,0.0441570844207472,0.0245335886463149,1.6666666666666667e-05,0.044140417754080535,0.02451692197964823,0.0421540249723431,0.04087928656273813,0.1150368149355332,0,0,0,1
2014-11-01,UNH,Healthcare,0.0381005345255478,0.0245335886463149,1.6666666666666667e-05,0.03808386785888113,0.02451692197964823,0.106249780912649,0.055713761510683954,0.41481938176691213,0,0,1,0
2014-11-01,WMT,Consumer,0.1477646953772937,0.0245335886463149,1.6666666666666667e-05,0.14774802871062703,0.02451692197964823,-0.0026153301535251,0.03302536717372978,0.018875846630451276,0,0,0,1
2014-12-01,AAPL,Technology,-0.0678665544043581,-0.004188587515997,2.4999999999999998e-05,-0.0678915544043581,-0.004213587515997,0.101203663469279,0.05720646777390436,0.5309249773309805,1,0,0,0
2014-12-01,ABBV,Healthcare,-0.0543352683288963,-0.004188587515997,2.4999999999999998e-05,-0.054360268328896295,-0.004213587515997,0.098585358037013,0.05697952944674031,0.4744084575345122,0,0,1,0
2014-12-01,AMZN,Technology,-0.083540004082348,-0.004188587515997,2.4999999999999998e-05,-0.083565004082348,-0.004213587515997,0.1086230255185467,0.06798326538018525,-0.13967789154095045,1,0,0,0
2014-12-01,BAC,Financials,0.0498821487835674,-0.004188587515997,2.4999999999999998e-05,0.0498571487835674,-0.004213587515997,-0.006992867957773,0.050820424701031014,0.08247682745314555,0,1,0,0
2014-12-01,C,Financials,0.0025940815834584,-0.004188587515997,2.4999999999999998e-05,0.0025690815834584,-0.004213587515997,0.0084112844166424,0.03732956110019137,0.020664080513912664,0,1,0,0
2014-12-01,COST,Consumer,-1.2924464008134962e-05,-0.004188587515997,2.4999999999999998e-05,-3.792446400813496e-05,-0.004213587515997,0.0656067725366713,0.042071379368421494,0.1459594642992954,0,0,0,1
2014-12-01,GOOGL,Technology,-0.0335470809737404,-0.004188587515997,2.4999999999999998e-05,-0.0335720809737404,-0.004213587515997,-0.0330884759815472,0.04600273320576964,0.03536459334560216,1,0,0,0
2014-12-01,GS,Financials,0.0320514193413237,-0.004188587515997,2.4999999999999998e-05,0.032026419341323706,-0.004213587515997,-0.00831613384581,0.036781194656007925,0.1300113575269981,0,1,0,0
2014-12-01,JNJ,Healthcare,-0.0277039818251373,-0.004188587515997,2.4999999999999998e-05,-0.027728981825137302,-0.004213587515997,0.0043610968207914,0.03512417007739161,0.17581942914637705,0,0,1,0
2014-12-01,JPM,Financials,0.0402263506770492,-0.004188587515997,2.4999999999999998e-05,0.040201350677049205,-0.004213587515997,0.0014107758697692,0.03997401088467114,0.07959645625976552,0,1,0,0
2014-12-01,KO,Consumer,-0.0517104249404095,-0.004188587515997,2.4999999999999998e-05,-0.051735424940409495,-0.004213587515997,0.070439138172383,0.04830762807333895,0.14899004915397018,0,0,0,1
2014-12-01,MCD,Consumer,-0.0235684205852655,-0.004188587515997,2.4999999999999998e-05,-0.0235934205852655,-0.004213587515997,0.0328605564051984,0.028721081251735288,0.02800572090850517,0,0,0,1
2014-12-01,MRK,Healthcare,-0.0597682934279133,-0.004188587515997,2.4999999999999998e-05,-0.0597932934279133,-0.004213587515997,0.0424576508362872,0.03504540596152775,0.2510141731668669,0,0,1,0
2014-12-01,MS,Financials,0.102899554379048,-0.004188587515997,2.4999999999999998e-05,0.10287455437904801,-0.004213587515997,0.0095186984690065,0.031495747141582264,0.13625605954813902,0,1,0,0
2014-12-01,MSFT,Technology,-0.022318320668611,-0.004188587515997,2.4999999999999998e-05,-0.022343320668611,-0.004213587515997,0.0183174224056243,0.025396432781324446,0.289837087081132,1,0,0,0
2014-12-01,NVDA,Technology,-0.0398255843729848,-0.004188587515997,2.4999999999999998e-05,-0.0398505843729848,-0.004213587515997,0.0731827719075566,0.06747714908976818,0.3698989004892834,1,0,0,0
2014-12-01,PFE,Healthcare,0.0086607348275289,-0.004188587515997,2.4999999999999998e-05,0.008635734827528899,-0.004213587515997,0.0400669022655084,0.0324308636029815,0.01534250921354574,0,0,1,0
2014-12-01,PG,Consumer,0.0072986634694252,-0.004188587515997,2.4999999999999998e-05,0.0072736634694252,-0.004213587515997,0.0441570844207472,0.04028507077546418,0.10764327962504949,0,0,0,1
2014-12-01,UNH,Healthcare,0.0249420273052745,-0.004188587515997,2.4999999999999998e-05,0.024917027305274498,-0.004213587515997,0.0381005345255478,0.05250021635039765,0.3460672416552002,0,0,1,0
2014-12-01,WMT,Consumer,-0.0189626054546165,-0.004188587515997,2.4999999999999998e-05,-0.018987605454616502,-0.004213587515997,0.1477646953772937,0.05192848235566596,0.10793409418727729,0,0,0,1
2015-01-01,AAPL,Technology,0.0614240930684972,-0.0310408058384106,2.4999999999999998e-05,0.0613990930684972,-0.0310658058384106,-0.0678665544043581,0.06469503447139018,0.40622548438248063,1,0,0,0
2015-01-01,ABBV,Healthcare,-0.0777812084743626,-0.0310408058384106,2.4999999999999998e-05,-0.07780620847436259,-0.0310658058384106,-0.0543352683288963,0.05935415406077791,0.27918293119737236,0,0,1,0
2015-01-01,AMZN,Technology,0.1423553822877341,-0.0310408058384106,2.4999999999999998e-05,0.1423303822877341,-0.0310658058384106,-0.083540004082348,0.07062540262072252,-0.2217708922320084,1,0,0,0
2015-01-01,BAC,Financials,-0.1506818852235872,-0.0310408058384106,2.4999999999999998e-05,-0.1507068852235872,-0.0310658058384106,0.0498821487835674,0.051573413036111175,0.15472053037592226,0,1,0,0
2015-01-01,C,Financials,-0.1323228586205347,-0.0310408058384106,2.4999999999999998e-05,-0.1323478586205347,-0.0310658058384106,0.0025940815834584,0.036914768867689345,0.03921845242293864,0,1,0,0
2015-01-01,COST,Consumer,0.0087476313772003,-0.0310408058384106,2.4999999999999998e-05,0.008722631377200299,-0.0310658058384106,-1.2924464008134962e-05,0.037791779973132954,0.20460402186799898,0,0,0,1
2015-01-01,GOOGL,Technology,0.0129839246233101,-0.0310408058384106,2.4999999999999998e-05,0.0129589246233101,-0.0310658058384106,-0.0335470809737404,0.04378719728037945,-0.05394029449523119,1,0,0,0
2015-01-01,GS,Financials,-0.1105091461474395,-0.0310408058384106,2.4999999999999998e-05,-0.11053414614743949,-0.0310658058384106,0.0320514193413237,0.03509102169110712,0.1078531555271407,0,1,0,0
2015-01-01,JNJ,Healthcare,-0.0423639192163418,-0.0310408058384106,2.4999999999999998e-05,-0.042388919216341796,-0.0310658058384106,-0.0277039818251373,0.03533728942677579,0.1733738111702563,0,0,1,0
2015-01-01,JPM,Financials,-0.1310325675510204,-0.0310408058384106,2.4999999999999998e-05,-0.1310575675510204,-0.0310658058384106,0.0402263506770492,0.04092408109676092,0.09882814864783107,0,1,0,0
2015-01-01,KO,Consumer,-0.0248694095026066,-0.0310408058384106,2.4999999999999998e-05,-0.0248944095026066,-0.0310658058384106,-0.0517104249404095,0.05107491973133924,0.05266073198609145,0,0,0,1
2015-01-01,MCD,Consumer,-0.0134475878257437,-0.0310408058384106,2.4999999999999998e-05,-0.0134725878257437,-0.0310658058384106,-0.0235684205852655,0.029682808478264537,-0.0010139201565591005,0,0,0,1
2015-01-01,MRK,Healthcare,0.0694785802555619,-0.0310408058384106,2.4999999999999998e-05,0.0694535802555619,-0.0310658058384106,-0.0597682934279133,0.04178714755997499,0.1710727319968537,0,0,1,0
2015-01-01,MS,Financials,-0.1286079111019467,-0.0310408058384106,2.4999999999999998e-05,-0.1286329111019467,-0.0310658058384106,0.102899554379048,0.04089197931683211,0.2507785053100251,0,1,0,0
2015-01-01,MSFT,Technology,-0.1302475882495597,-0.0310408058384106,2.4999999999999998e-05,-0.1302725882495597,-0.0310658058384106,-0.022318320668611,0.02684063942699433,0.2756460051553624,1,0,0,0
2015-01-01,NVDA,Technology,-0.0423938971037763,-0.0310408058384106,2.4999999999999998e-05,-0.0424188971037763,-0.0310658058384106,-0.0398255843729848,0.07026545787700947,0.2739574915004177,1,0,0,0
2015-01-01,PFE,Healthcare,0.0032102745760786,-0.0310408058384106,2.4999999999999998e-05,0.0031852745760786003,-0.0310658058384106,0.0086607348275289,0.031148002618635876,0.052764634021306156,0,0,1,0
2015-01-01,PG,Consumer,-0.0746517907902216,-0.0310408058384106,2.4999999999999998e-05,-0.0746767907902216,-0.0310658058384106,0.0072986634694252,0.0380169923375987,0.15423926803272225,0,0,0,1
2015-01-01,UNH,Healthcare,0.055006643442018,-0.0310408058384106,2.4999999999999998e-05,0.054981643442018,-0.0310658058384106,0.0249420273052745,0.052284190178093874,0.36461800610809436,0,0,1,0
2015-01-01,WMT,Consumer,-0.0049517540963643,-0.0310408058384106,2.4999999999999998e-05,-0.0049767540963643,-0.0310658058384106,-0.0189626054546165,0.051350243180080746,0.11896968819965692,0,0,0,1
2015-02-01,AAPL,Technology,0.0964494790317478,0.0548925108906233,1.6666666666666667e-05,0.09643281236508114,0.05487584422395664,0.0614240930684972,0.048078072652623365,0.6727517181586085,1,0,0,0
2015-02-01,ABBV,Healthcare,0.010011841346474,0.0548925108906233,1.6666666666666667e-05,0.009995174679807333,0.05487584422395664,-0.0777812084743626,0.06078622168456457,0.26547295672870463,0,0,1,0
2015-02-01,AMZN,Technology,0.0722928888760248,0.0548925108906233,1.6666666666666667e-05,0.07227622220935813,0.05487584422395664,0.1423553822877341,0.07922420437137057,-0.011597768887558368,1,0,0,0
2015-02-01,BAC,Financials,0.0435643573884385,0.0548925108906233,1.6666666666666667e-05,0.04354769072177184,0.05487584422395664,-0.1506818852235872,0.0659653122922329,-0.0889513618941421,0,1,0,0
2015-02-01,C,Financials,0.1167436953217377,0.0548925108906233,1.6666666666666667e-05,0.11672702865507104,0.05487584422395664,-0.1323228586205347,0.04730001645339504,-0.009321654832226023,0,1,0,0
2015-02-01,COST,Consumer,0.0277644673291219,0.0548925108906233,1.6666666666666667e-05,0.027747800662455233,0.05487584422395664,0.0087476313772003,0.030449903985264027,0.2871673549969085,0,0,0,1
2015-02-01,GOOGL,Technology,0.0466561524065134,0.0548925108906233,1.6666666666666667e-05,0.046639485739846734,0.05487584422395664,0.0129839246233101,0.04036802106014462,-0.09055692030682339,1,0,0,0
2015-02-01,GS,Financials,0.1008056739353595,0.0548925108906233,1.6666666666666667e-05,0.10078900726869283,0.05487584422395664,-0.1105091461474395,0.04350298980863183,0.06432142526907936,0,1,0,0
2015-02-01,JNJ,Healthcare,0.0236665663662816,0.0548925108906233,1.6666666666666667e-05,0.02364989969961493,0.05487584422395664,-0.0423639192163418,0.03642753143567652,0.16329178037101033,0,0,1,0
2015-02-01,JPM,Financials,0.1341344076528485,0.0548925108906233,1.6666666666666667e-05,0.13411774098618184,0.05487584422395664,-0.1310325675510204,0.05525870872775631,0.008659446982849373,0,1,0,0
2015-02-01,KO,Consumer,0.0517367758341007,0.0548925108906233,1.6666666666666667e-05,0.05172010916743403,0.05487584422395664,-0.0248694095026066,0.04392663852354258,0.12120462705608293,0,0,0,1
2015-02-01,MCD,Consumer,0.0698832060125969,0.0548925108906233,1.6666666666666667e-05,0.06986653934593023,0.05487584422395664,-0.0134475878257437,0.028559401380507235,0.015483817075946815,0,0,0,1
2015-02-01,MRK,Healthcare,-0.0288656865902887,0.0548925108906233,1.6666666666666667e-05,-0.02888235325695537,0.05487584422395664,0.0694785802555619,0.04196936870728595,0.1727583009663396,0,0,1,0
2015-02-01,MS,Financials,0.0616249877378736,0.0548925108906233,1.6666666666666667e-05,0.06160832107120694,0.05487584422395664,-0.1286079111019467,0.05541129519972486,0.15824628364805204,0,1,0,0
2015-02-01,MSFT,Technology,0.0853960013218402,0.0548925108906233,1.6666666666666667e-05,0.08537933465517354,0.05487584422395664,-0.1302475882495597,0.051331126552464114,0.09688816518098586,1,0,0,0
2015-02-01,NVDA,Technology,0.1489582163450322,0.0548925108906233,1.6666666666666667e-05,0.14894154967836554,0.05487584422395664,-0.0423938971037763,0.0717800163700417,0.24481505041880625,1,0,0,0
2015-02-01,PFE,Healthcare,0.0982401576947298,0.0548925108906233,1.6666666666666667e-05,0.09822349102806313,0.05487584422395664,0.0032102745760786,0.030917670903230648,0.06413485804363162,0,0,1,0
2015-02-01,PG,Consumer,0.0171494360952133,0.0548925108906233,1.6666666666666667e-05,0.01713276942854663,0.05487584422395664,-0.0746517907902216,0.040887271988799004,0.13484505289041704,0,0,0,1
2015-02-01,UNH,Healthcare,0.0694590647389228,0.0548925108906233,1.6666666666666667e-05,0.06944239807225613,0.05487584422395664,0.055006643442018,0.04865653512862695,0.4941372972602762,0,0,1,0
2015-02-01,WMT,Consumer,-0.0123560006732452,0.0548925108906233,1.6666666666666667e-05,-0.012372667339911866,0.05487584422395664,-0.0049517540963643,0.04859350369207034,0.16642556616319992,0,0,0,1
2015-03-01,AAPL,Technology,-0.02754881215219,-0.0173961071142195,2.4999999999999998e-05,-0.02757381215219,-0.0174211071142195,0.0964494790317478,0.050342181466078724,0.7447245904188007,1,0,0,0
2015-03-01,ABBV,Healthcare,-0.0323968464577415,-0.0173961071142195,2.4999999999999998e-05,-0.032421846457741495,-0.0174211071142195,0.010011841346474,0.06049556386655411,0.22625204501515084,0,0,1,0
2015-03-01,AMZN,Technology,-0.021201593551299,-0.0173961071142195,2.4999999999999998e-05,-0.021226593551299,-0.0174211071142195,0.0722928888760248,0.08180725263177202,0.049875719456558,1,0,0,0
2015-03-01,BAC,Financials,-0.0265652209429183,-0.0173961071142195,2.4999999999999998e-05,-0.0265902209429183,-0.0174211071142195,0.0435643573884385,0.06739246582895136,-0.03660889557880276,0,1,0,0
2015-03-01,C,Financials,-0.0171693136674745,-0.0173961071142195,2.4999999999999998e-05,-0.017194313667474502,-0.0174211071142195,0.1167436953217377,0.057870068336822886,0.07880998626884339,0,1,0,0
2015-03-01,COST,Consumer,0.0676034358250257,-0.0173961071142195,2.4999999999999998e-05,0.0675784358250257,-0.0174211071142195,0.0277644673291219,0.030009903681564375,0.27261632996329954,0,0,0,1
2015-03-01,GOOGL,Technology,-0.0140947192274143,-0.0173961071142195,2.4999999999999998e-05,-0.0141197192274143,-0.0174211071142195,0.0466561524065134,0.04206194913949767,-0.07528085431503273,1,0,0,0
2015-03-01,GS,Financials,-0.0064800745378122,-0.0173961071142195,2.4999999999999998e-05,-0.0065050745378122,-0.0174211071142195,0.1008056739353595,0.0514284593782861,0.15521116106758837,0,1,0,0
2015-03-01,JNJ,Healthcare,-0.0117624813985053,-0.0173961071142195,2.4999999999999998e-05,-0.0117874813985053,-0.0174211071142195,0.0236665663662816,0.03554293368162857,0.1436396836480669,0,0,1,0
2015-03-01,JPM,Financials,-0.0114229991635598,-0.0173961071142195,2.4999999999999998e-05,-0.011447999163559801,-0.0174211071142195,0.1341344076528485,0.06687350680752013,0.10731888948360546,0,1,0,0
2015-03-01,KO,Consumer,-0.0635106694209617,-0.0173961071142195,2.4999999999999998e-05,-0.0635356694209617,-0.0174211071142195,0.0517367758341007,0.04551092426846278,0.167481736661387,0,0,0,1
2015-03-01,MCD,Consumer,-0.0062001119685103,-0.0173961071142195,2.4999999999999998e-05,-0.0062251119685103,-0.0174211071142195,0.0698832060125969,0.03471346387690417,0.07525905072011563,0,0,0,1
2015-03-01,MRK,Healthcare,-0.0181071547301086,-0.0173961071142195,2.4999999999999998e-05,-0.0181321547301086,-0.0174211071142195,-0.0288656865902887,0.03873275062852897,0.058569011259297366,0,0,1,0
2015-03-01,MS,Financials,-0.0027937332144457,-0.0173961071142195,2.4999999999999998e-05,-0.0028187332144457,-0.0174211071142195,0.0616249877378736,0.0564392475140092,0.1761672563492378,0,1,0,0
2015-03-01,MSFT,Technology,-0.0661489883509565,-0.0173961071142195,2.4999999999999998e-05,-0.0661739883509565,-0.0174211071142195,0.0853960013218402,0.055892731431961565,0.17595192936691917,1,0,0,0
2015-03-01,NVDA,Technology,-0.0475707505821776,-0.0173961071142195,2.4999999999999998e-05,-0.0475957505821776,-0.0174211071142195,0.1489582163450322,0.06781317498648062,0.22169589510763288,1,0,0,0
2015-03-01,PFE,Healthcare,0.0226370571739011,-0.0173961071142195,2.4999999999999998e-05,0.0226120571739011,-0.0174211071142195,0.0982401576947298,0.03859116894719284,0.10643854255039131,0,0,1,0
2015-03-01,PG,Consumer,-0.0374723821900989,-0.0173961071142195,2.4999999999999998e-05,-0.0374973821900989,-0.0174211071142195,0.0171494360952133,0.040303296908544624,0.11592928713315032,0,0,0,1
2015-03-01,UNH,Healthcare,0.041010168553538,-0.0173961071142195,2.4999999999999998e-05,0.040985168553538,-0.0174211071142195,0.0694590647389228,0.04868341206461645,0.49472674657912585,0,0,1,0
2015-03-01,WMT,Consumer,-0.0200166939426681,-0.0173961071142195,2.4999999999999998e-05,-0.0200416939426681,-0.0174211071142195,-0.0123560006732452,0.04905053217037333,0.15170479350961497,0,0,0,1
2015-04-01,AAPL,Technology,0.0057861588004821,0.0085208198225352,1.6666666666666667e-05,0.005769492133815434,0.008504153155868534,-0.02754881215219,0.054715057396236236,0.653570513351502,1,0,0,0
2015-04-01,ABBV,Healthcare,0.1045438023883942,0.0085208198225352,1.6666666666666667e-05,0.10452713572172753,0.008504153155868534,-0.0323968464577415,0.062266296391235036,0.1752137933111324,0,0,1,0
2015-04-01,AMZN,Technology,0.1335125622566606,0.0085208198225352,1.6666666666666667e-05,0.13349589558999395,0.008504153155868534,-0.021201593551299,0.07868465023262632,0.10622225337155644,1,0,0,0
2015-04-01,BAC,Financials,0.0383240501660486,0.0085208198225352,1.6666666666666667e-05,0.03830738349938193,0.008504153155868534,-0.0265652209429183,0.0664202843794575,-0.098731758516439,0,1,0,0
2015-04-01,C,Financials,0.0349382965891469,0.0085208198225352,1.6666666666666667e-05,0.034921629922480234,0.008504153155868534,-0.0171693136674745,0.05769808908837866,0.08323073003492798,0,1,0,0
2015-04-01,COST,Consumer,-0.0557757450483985,0.0085208198225352,1.6666666666666667e-05,-0.05579241171506517,0.008504153155868534,0.0676034358250257,0.025727871367718962,0.41710639220202483,0,0,0,1
2015-04-01,GOOGL,Technology,-0.0106903197875298,0.0085208198225352,1.6666666666666667e-05,-0.010706986454196467,0.008504153155868534,-0.0140947192274143,0.034543316664992635,-0.005580368924044898,1,0,0,0
2015-04-01,GS,Financials,0.0449542477286395,0.0085208198225352,1.6666666666666667e-05,0.044937581061972834,0.008504153155868534,-0.0064800745378122,0.05119179944541737,0.16201482382426002,0,1,0,0
2015-04-01,JNJ,Healthcare,-0.0139166377255981,0.0085208198225352,1.6666666666666667e-05,-0.013933304392264766,0.008504153155868534,-0.0117624813985053,0.03011143579269918,0.05231656975067378,0,0,1,0
2015-04-01,JPM,Financials,0.0442388904677184,0.0085208198225352,1.6666666666666667e-05,0.04422222380105174,0.008504153155868534,-0.0114229991635598,0.06452595844433989,0.024528805383483565,0,1,0,0
2015-04-01,KO,Consumer,0.008546775446083,0.0085208198225352,1.6666666666666667e-05,0.008530108779416333,0.008504153155868534,-0.0635106694209617,0.05072416318800172,0.08032494398316348,0,0,0,1
2015-04-01,MCD,Consumer,-0.0091337682796184,0.0085208198225352,1.6666666666666667e-05,-0.009150434946285067,0.008504153155868534,-0.0062001119685103,0.033299278795841804,0.028437462603757124,0,0,0,1
2015-04-01,MRK,Healthcare,0.0445716969394047,0.0085208198225352,1.6666666666666667e-05,0.044555030272738036,0.008504153155868534,-0.0181071547301086,0.03925833304722826,0.043429599551986886,0,0,1,0
2015-04-01,MS,Financials,0.0453908785870591,0.0085208198225352,1.6666666666666667e-05,0.045374211920392434,0.008504153155868534,-0.0027937332144457,0.056674643689348575,0.15895898103152595,0,1,0,0
2015-04-01,MSFT,Technology,0.1962616042731673,0.0085208198225352,1.6666666666666667e-05,0.19624493760650064,0.008504153155868534,-0.0661489883509565,0.056629849205831,0.01872460857974856,1,0,0,0
2015-04-01,NVDA,Technology,0.060678573863701,0.0085208198225352,1.6666666666666667e-05,0.060661907197034334,0.008504153155868534,-0.0475707505821776,0.06963329798891586,0.18874668329755417,1,0,0,0
2015-04-01,PFE,Healthcare,-0.0247198789414894,0.0085208198225352,1.6666666666666667e-05,-0.02473654560815607,0.008504153155868534,0.0226370571739011,0.03878605037695686,0.12177861423942149,0,0,1,0
2015-04-01,PG,Consumer,-0.0296556565157913,0.0085208198225352,1.6666666666666667e-05,-0.02967232318245797,0.008504153155868534,-0.0374723821900989,0.04218542417776074,0.04825930665873801,0,0,0,1
2015-04-01,UNH,Healthcare,-0.0550960389385021,0.0085208198225352,1.6666666666666667e-05,-0.05511270560516877,0.008504153155868534,0.041010168553538,0.04805196729308346,0.4664489238239664,0,0,1,0
2015-04-01,WMT,Consumer,-0.0453641669677651,0.0085208198225352,1.6666666666666667e-05,-0.045380833634431766,0.008504153155868534,-0.0200166939426681,0.04980513156038449,0.1031042602605361,0,0,0,1
2015-05-01,AAPL,Technology,0.0409909178758809,0.0104913823045897,1.6666666666666667e-05,0.04097425120921423,0.010474715637923033,0.0057861588004821,0.052761396423748934,0.5127737207339167,1,0,0,0
2015-05-01,ABBV,Healthcare,0.0383900063447935,0.0104913823045897,1.6666666666666667e-05,0.03837333967812683,0.010474715637923033,0.1045438023883942,0.06735972727964963,0.28112628049695054,0,0,1,0
2015-05-01,AMZN,Technology,0.0176632108466261,0.0104913823045897,1.6666666666666667e-05,0.017646544179959433,0.010474715637923033,0.1335125622566606,0.07816423138301604,0.3868411947416557,1,0,0,0
2015-05-01,BAC,Financials,0.0357816340307417,0.0104913823045897,1.6666666666666667e-05,0.035764967364075036,0.010474715637923033,0.0383240501660486,0.05700907982571981,0.06250229216727465,0,1,0,0
2015-05-01,C,Financials,0.0142536812682336,0.0104913823045897,1.6666666666666667e-05,0.014237014601566933,0.010474715637923033,0.0349382965891469,0.058201772708960875,0.11382291682534218,0,1,0,0
2015-05-01,COST,Consumer,-0.0004885201606836,0.0104913823045897,1.6666666666666667e-05,-0.0005051868273502667,0.010474715637923033,-0.0557757450483985,0.03550130305356847,0.29179851198684603,0,0,0,1
2015-05-01,GOOGL,Technology,-0.0062868020217351,0.0104913823045897,1.6666666666666667e-05,-0.006303468688401767,0.010474715637923033,-0.0106903197875298,0.03228860937939751,0.025968538063383173,1,0,0,0
2015-05-01,GS,Financials,0.0497403290254445,0.0104913823045897,1.6666666666666667e-05,0.049723662358777836,0.010474715637923033,0.0449542477286395,0.05037829218564111,0.24487010709328305,0,1,0,0
2015-05-01,JNJ,Healthcare,0.0094757854963332,0.0104913823045897,1.6666666666666667e-05,0.009459118829666534,0.010474715637923033,-0.0139166377255981,0.029308981494851817,0.006323751150181023,0,0,1,0
2015-05-01,JPM,Financials,0.0467468865037106,0.0104913823045897,1.6666666666666667e-05,0.04673021983704394,0.010474715637923033,0.0442388904677184,0.05990693175723156,0.16024991092629048,0,1,0,0
2015-05-01,KO,Consumer,0.0098613797839122,0.0104913823045897,1.6666666666666667e-05,0.009844713117245534,0.010474715637923033,0.008546775446083,0.04761252408167686,0.024544965600683533,0,0,0,1
2015-05-01,MCD,Consumer,-0.0064216881328237,0.0104913823045897,1.6666666666666667e-05,-0.006438354799490367,0.010474715637923033,-0.0091337682796184,0.03191319054991688,-0.014629728788723817,0,0,0,1
2015-05-01,MRK,Healthcare,0.0223300022140322,0.0104913823045897,1.6666666666666667e-05,0.02231333554736553,0.010474715637923033,0.0445716969394047,0.0396905900125646,0.04843700598700473,0,0,1,0
2015-05-01,MS,Financials,0.0280160624090737,0.0104913823045897,1.6666666666666667e-05,0.02799939574240703,0.010474715637923033,0.0453908785870591,0.05690837459274287,0.2209661744951419,0,1,0,0
2015-05-01,MSFT,Technology,-0.0365950592260801,0.0104913823045897,1.6666666666666667e-05,-0.03661172589274676,0.010474715637923033,0.1962616042731673,0.07896737792425446,0.23645863081632745,1,0,0,0
2015-05-01,NVDA,Technology,-0.0031535510511557,0.0104913823045897,1.6666666666666667e-05,-0.0031702177178223666,0.010474715637923033,0.060678573863701,0.07070396555708763,0.22264897920587678,1,0,0,0
2015-05-01,PFE,Healthcare,0.0241673268785433,0.0104913823045897,1.6666666666666667e-05,0.02415066021187663,0.010474715637923033,-0.0247198789414894,0.038665739852975355,0.12342800345864169,0,0,1,0
2015-05-01,PG,Consumer,-0.0061565636022588,0.0104913823045897,1.6666666666666667e-05,-0.006173230268925466,0.010474715637923033,-0.0296556565157913,0.042788750987502226,-0.006855189043132093,0,0,0,1
2015-05-01,UNH,Healthcare,0.0790842673901144,0.0104913823045897,1.6666666666666667e-05,0.07906760072344773,0.010474715637923033,-0.0550960389385021,0.04261440964695326,0.5085382933910774,0,0,1,0
2015-05-01,WMT,Consumer,-0.0484306733161457,0.0104913823045897,1.6666666666666667e-05,-0.048447339982812365,0.010474715637923033,-0.0453641669677651,0.050352996756132036,0.003257816369624633,0,0,0,1
2015-06-01,AAPL,Technology,-0.0332060282909271,-0.0210116719797299,1.6666666666666667e-05,-0.033222694957593765,-0.02102833864639657,0.0409909178758809,0.05155469270966689,0.4680321944335901,1,0,0,0
2015-06-01,ABBV,Healthcare,0.0090102893984149,-0.0210116719797299,1.6666666666666667e-05,0.008993622731748233,-0.02102833864639657,0.0383900063447935,0.06691660255345402,0.2639048141241078,0,0,1,0
2015-06-01,AMZN,Technology,0.0113226022699772,-0.0210116719797299,1.6666666666666667e-05,0.011305935603310533,-0.02102833864639657,0.0176632108466261,0.07824875258693517,0.3733163170125189,1,0,0,0
2015-06-01,BAC,Financials,0.031515325724355,-0.0210116719797299,1.6666666666666667e-05,0.03149865905768834,-0.02102833864639657,0.0357816340307417,0.05756245769690884,0.10052036034242828,0,1,0,0
2015-06-01,C,Financials,0.0224174541248169,-0.0210116719797299,1.6666666666666667e-05,0.02240078745815023,-0.02102833864639657,0.0142536812682336,0.0579368632145938,0.13777314504011118,0,1,0,0
2015-06-01,COST,Consumer,-0.0528088508959597,-0.0210116719797299,1.6666666666666667e-05,-0.052825517562626365,-0.02102833864639657,-0.0004885201606836,0.035683147905272244,0.28738353257126503,0,0,0,1
2015-06-01,GOOGL,Technology,-0.0096824241657769,-0.0210116719797299,1.6666666666666667e-05,-0.009699090832443566,-0.02102833864639657,-0.0062868020217351,0.02468758399060369,-0.0460596787976314,1,0,0,0
2015-06-01,GS,Financials,0.0157678781642252,-0.0210116719797299,1.6666666666666667e-05,0.01575121149755853,-0.02102833864639657,0.0497403290254445,0.050660796753581254,0.306871566727865,0,1,0,0
2015-06-01,JNJ,Healthcare,-0.0196655327973601,-0.0210116719797299,1.6666666666666667e-05,-0.01968219946402677,-0.02102833864639657,0.0094757854963332,0.02941356284523823,0.014157315209946786,0,0,1,0
2015-06-01,JPM,Financials,0.030100613370549,-0.0210116719797299,1.6666666666666667e-05,0.03008394670388233,-0.02102833864639657,0.0467468865037106,0.060392201714460254,0.2157854483971644,0,1,0,0
2015-06-01,KO,Consumer,-0.0422358145533035,-0.0210116719797299,1.6666666666666667e-05,-0.04225248121997016,-0.02102833864639657,0.0098613797839122,0.04765279594661021,0.0316135788431231,0,0,0,1
2015-06-01,MCD,Consumer,-0.0003524650060501,-0.0210116719797299,1.6666666666666667e-05,-0.00036913167271676665,-0.02102833864639657,-0.0064216881328237,0.03195083311865433,-0.021440070820586632,0,0,0,1
2015-06-01,MRK,Healthcare,-0.0650353840453548,-0.0210116719797299,1.6666666666666667e-05,-0.06505205071202147,-0.02102833864639657,0.0223300022140322,0.03961958554386252,0.08481619162737353,0,0,1,0
2015-06-01,MS,Financials,0.0154452622751126,-0.0210116719797299,1.6666666666666667e-05,0.015428595608445934,-0.02102833864639657,0.0280160624090737,0.05669574425041575,0.2539061000682503,0,1,0,0
2015-06-01,MSFT,Technology,-0.0517088339992686,-0.0210116719797299,1.6666666666666667e-05,-0.051725500665935266,-0.02102833864639657,-0.0365950592260801,0.08068355421173369,0.17549898514532258,1,0,0,0
2015-06-01,NVDA,Technology,-0.0870721255585741,-0.0210116719797299,1.6666666666666667e-05,-0.08708879222524077,-0.02102833864639657,-0.0031535510511557,0.07090852009780929,0.18479547592381396,1,0,0,0
2015-06-01,PFE,Healthcare,-0.0271237862819243,-0.0210116719797299,1.6666666666666667e-05,-0.02714045294859097,-0.02102833864639657,0.0241673268785433,0.033236957733653844,0.21465003531816174,0,0,1,0
2015-06-01,PG,Consumer,-0.0019135753280578,-0.0210116719797299,1.6666666666666667e-05,-0.0019302419947244665,-0.02102833864639657,-0.0061565636022588,0.042626216670011215,0.0005387787012309797,0,0,0,1
2015-06-01,UNH,Healthcare,0.0148907003884009,-0.0210116719797299,1.6666666666666667e-05,0.014874033721734233,-0.02102833864639657,0.0790842673901144,0.043883886495074104,0.5340091621860927,0,0,1,0
2015-06-01,WMT,Consumer,-0.0389433182987429,-0.0210116719797299,1.6666666666666667e-05,-0.03895998496540957,-0.02102833864639657,-0.0484306733161457,0.051252531509166,-0.008770586018377324,0,0,0,1
2015-07-01,AAPL,Technology,-0.032926380872439,0.0197420294351848,2.4999999999999998e-05,-0.032951380872439,0.0197170294351848,-0.0332060282909271,0.05505760450982158,0.3734103931518695,1,0,0,0
2015-07-01,ABBV,Healthcare,0.0419706945244751,0.0197420294351848,2.4999999999999998e-05,0.0419456945244751,0.0197170294351848,0.0090102893984149,0.06677782994265487,0.2276164579517399,0,0,1,0
2015-07-01,AMZN,Technology,0.2351125616453366,0.0197420294351848,2.4999999999999998e-05,0.2350875616453366,0.0197170294351848,0.0113226022699772,0.07834970531139719,0.33656627686940244,1,0,0,0
2015-07-01,BAC,Financials,0.0536795652685957,0.0197420294351848,2.4999999999999998e-05,0.0536545652685957,0.0197170294351848,0.031515325724355,0.05789757756163864,0.11821572975378669,0,1,0,0
2015-07-01,C,Financials,0.0582911213150769,0.0197420294351848,2.4999999999999998e-05,0.058266121315076906,0.0197170294351848,0.0224174541248169,0.05756510289105515,0.17464233691163056,0,1,0,0
2015-07-01,COST,Consumer,0.0758183635632299,0.0197420294351848,2.4999999999999998e-05,0.07579336356322991,0.0197170294351848,-0.0528088508959597,0.041227974041497,0.22475445961552443,0,0,0,1
2015-07-01,GOOGL,Technology,0.2175022711730769,0.0197420294351848,2.4999999999999998e-05,0.2174772711730769,0.0197170294351848,-0.0096824241657769,0.02326710191016247,-0.0763336800494886,1,0,0,0
2015-07-01,GS,Financials,-0.0178170714296523,0.0197420294351848,2.4999999999999998e-05,-0.0178420714296523,0.0197170294351848,0.0157678781642252,0.04993717439612432,0.26268009251606284,0,1,0,0
2015-07-01,JNJ,Healthcare,0.0282169133817076,0.0197420294351848,2.4999999999999998e-05,0.0281919133817076,0.0197170294351848,-0.0196655327973601,0.027528476340401183,-0.04248943479917622,0,0,1,0
2015-07-01,JPM,Financials,0.011363818305786,0.0197420294351848,2.4999999999999998e-05,0.011338818305786,0.0197170294351848,0.030100613370549,0.06023191426908326,0.20782408220774018,0,1,0,0
2015-07-01,KO,Consumer,0.0557970761619046,0.0197420294351848,2.4999999999999998e-05,0.055772076161904605,0.0197170294351848,-0.0422358145533035,0.04821263996732227,-0.04577834727043362,0,0,0,1
2015-07-01,MCD,Consumer,0.0503840177790984,0.0197420294351848,2.4999999999999998e-05,0.0503590177790984,0.0197170294351848,-0.0003524650060501,0.03194273422343973,-0.02296000916728358,0,0,0,1
2015-07-01,MRK,Healthcare,0.0435357618326173,0.0197420294351848,2.4999999999999998e-05,0.0435107618326173,0.0197170294351848,-0.0650353840453548,0.044844521721973674,0.01443996837189343,0,0,1,0
2015-07-01,MS,Financials,0.0012887057577184,0.0197420294351848,2.4999999999999998e-05,0.0012637057577184,0.0197170294351848,0.0154452622751126,0.056056092075698956,0.21537913813794085,0,1,0,0
2015-07-01,MSFT,Technology,0.0577574797948712,0.0197420294351848,2.4999999999999998e-05,0.0577324797948712,0.0197170294351848,-0.0517088339992686,0.08294019895271669,0.08673215658724742,1,0,0,0
2015-07-01,NVDA,Technology,-0.0079563380634909,0.0197420294351848,2.4999999999999998e-05,-0.007981338063490901,0.0197170294351848,-0.0870721255585741,0.07647842915485481,0.10338749499598388,1,0,0,0
2015-07-01,PFE,Healthcare,0.0754547267376162,0.0197420294351848,2.4999999999999998e-05,0.0754297267376162,0.0197170294351848,-0.0271237862819243,0.03558085454919054,0.16929139657052028,0,0,1,0
2015-07-01,PG,Consumer,-0.0196828096276039,0.0197420294351848,2.4999999999999998e-05,-0.0197078096276039,0.0197170294351848,-0.0019135753280578,0.04172573545033351,0.026579277733337126,0,0,0,1
2015-07-01,UNH,Healthcare,-0.0007031516238875,0.0197420294351848,2.4999999999999998e-05,-0.0007281516238874999,0.0197170294351848,0.0148907003884009,0.04426910895995032,0.5164779822758263,0,0,1,0
2015-07-01,WMT,Consumer,0.014803183445091,0.0197420294351848,2.4999999999999998e-05,0.014778183445090999,0.0197170294351848,-0.0389433182987429,0.05233396338545723,-0.031793946858464706,0,0,0,1
2015-08-01,AAPL,Technology,-0.0704041531679451,-0.0625808182558655,5.833333333333334e-05,-0.07046248650127843,-0.06263915158919883,-0.032926380872439,0.0578077659214228,0.291094434026955,1,0,0,0
2015-08-01,ABBV,Healthcare,-0.1019403261860357,-0.0625808182558655,5.833333333333334e-05,-0.10199865951936903,-0.06263915158919883,0.0419706945244751,0.060322629818960645,0.3793403863980822,0,0,1,0
2015-08-01,AMZN,Technology,-0.0433833841425995,-0.0625808182558655,5.833333333333334e-05,-0.04344171747593283,-0.06263915158919883,0.2351125616453366,0.09562466692943944,0.7129940906866619,1,0,0,0
2015-08-01,BAC,Financials,-0.086129795010037,-0.0625808182558655,5.833333333333334e-05,-0.08618812834337032,-0.06263915158919883,0.0536795652685957,0.058819231585239266,0.1867490481146996,0,1,0,0
2015-08-01,C,Financials,-0.0844094033889688,-0.0625808182558655,5.833333333333334e-05,-0.08446773672230212,-0.06263915158919883,0.0582911213150769,0.05857457706411276,0.19711033860488425,0,1,0,0
2015-08-01,COST,Consumer,-0.0361318905037415,-0.0625808182558655,5.833333333333334e-05,-0.036190223837074834,-0.06263915158919883,0.0758183635632299,0.04451744392276993,0.29093396354444523,0,0,0,1
2015-08-01,GOOGL,Technology,-0.0147223730739383,-0.0625808182558655,5.833333333333334e-05,-0.014780706407271634,-0.06263915158919883,0.2175022711730769,0.06861752677935627,0.1345007485212859,1,0,0,0
2015-08-01,GS,Financials,-0.0803138366866312,-0.0625808182558655,5.833333333333334e-05,-0.08037217001996452,-0.06263915158919883,-0.0178170714296523,0.050969254144643414,0.2012275666859975,0,1,0,0
2015-08-01,JNJ,Healthcare,-0.0621694371935177,-0.0625808182558655,5.833333333333334e-05,-0.06222777052685104,-0.06263915158919883,0.0282169133817076,0.025757265372161633,0.029087794058231475,0,0,1,0
2015-08-01,JPM,Financials,-0.0585299265799644,-0.0625808182558655,5.833333333333334e-05,-0.05858825991329773,-0.06263915158919883,0.011363818305786,0.06004353834969546,0.22049025622162088,0,1,0,0
2015-08-01,KO,Consumer,-0.0428435845166409,-0.0625808182558655,5.833333333333334e-05,-0.042901917849974235,-0.06263915158919883,0.0557970761619046,0.04656715474285258,0.07807658884254831,0,0,0,1
2015-08-01,MCD,Consumer,-0.0484678412135559,-0.0625808182558655,5.833333333333334e-05,-0.048526174546889234,-0.06263915158919883,0.0503840177790984,0.029056481166695,0.09333935727245857,0,0,0,1
2015-08-01,MRK,Healthcare,-0.0866688872929911,-0.0625808182558655,5.833333333333334e-05,-0.08672722062632443,-0.06263915158919883,0.0435357618326173,0.046110994051406035,0.07123868729244309,0,0,1,0
2015-08-01,MS,Financials,-0.1096250337113837,-0.0625808182558655,5.833333333333334e-05,-0.10968336704471703,-0.06263915158919883,0.0012887057577184,0.05602889176970913,0.21656934766895275,0,1,0,0
2015-08-01,MSFT,Technology,-0.0680943678683191,-0.0625808182558655,5.833333333333334e-05,-0.06815270120165243,-0.06263915158919883,0.0577574797948712,0.08381873826887963,0.1106140909179596,1,0,0,0
2015-08-01,NVDA,Technology,0.1268166680995941,-0.0625808182558655,5.833333333333334e-05,0.12675833476626078,-0.06263915158919883,-0.0079563380634909,0.07386660857524331,0.1596594089342731,1,0,0,0
2015-08-01,PFE,Healthcare,-0.1064893128674004,-0.0625808182558655,5.833333333333334e-05,-0.10654764620073373,-0.06263915158919883,0.0754547267376162,0.03640751382330524,0.3004592987492307,0,0,1,0
2015-08-01,PG,Consumer,-0.0710731893096385,-0.0625808182558655,5.833333333333334e-05,-0.07113152264297183,-0.06263915158919883,-0.0196828096276039,0.041884761333843445,0.022903273821149206,0,0,0,1
2015-08-01,UNH,Healthcare,-0.0469524252855602,-0.0625808182558655,5.833333333333334e-05,-0.04701075861889353,-0.06263915158919883,-0.0007031516238875,0.04401456006025873,0.5213498424605816,0,0,1,0
2015-08-01,WMT,Consumer,-0.100722051457942,-0.0625808182558655,5.833333333333334e-05,-0.10078038479127532,-0.06263915158919883,0.014803183445091,0.05218584059195118,0.002435406898604997,0,0,0,1
2015-09-01,AAPL,Technology,-0.0173885786141547,-0.0264428312800014,1.6666666666666667e-05,-0.01740524528082137,-0.02645949794666807,-0.0704041531679451,0.061331606011419584,0.11940200834031534,1,0,0,0
2015-09-01,ABBV,Healthcare,-0.1281843315975439,-0.0264428312800014,1.6666666666666667e-05,-0.12820099826421055,-0.02645949794666807,-0.1019403261860357,0.06978663672178134,0.1640200368016116,0,0,1,0
2015-09-01,AMZN,Technology,-0.001949780381022,-0.0264428312800014,1.6666666666666667e-05,-0.001966447047688667,-0.02645949794666807,-0.0433833841425995,0.09854286916256601,0.51277142757487,1,0,0,0
2015-09-01,BAC,Financials,-0.0465117568020753,-0.0264428312800014,1.6666666666666667e-05,-0.04652842346874197,-0.02645949794666807,-0.086129795010037,0.06418517948606894,0.027915183904762664,0,1,0,0
2015-09-01,C,Financials,-0.0723638549085634,-0.0264428312800014,1.6666666666666667e-05,-0.07238052157523006,-0.02645949794666807,-0.0844094033889688,0.06378889520919027,0.03770940403130352,0,1,0,0
2015-09-01,COST,Consumer,0.0351119289662644,-0.0264428312800014,1.6666666666666667e-05,0.03509526229959774,-0.02645949794666807,-0.0361318905037415,0.047394829949412014,0.20425981388909276,0,0,0,1
2015-09-01,GOOGL,Technology,-0.0145873420879881,-0.0264428312800014,1.6666666666666667e-05,-0.014604008754654767,-0.02645949794666807,-0.0147223730739383,0.06904733357282027,0.11240468732632114,1,0,0,0
2015-09-01,GS,Financials,-0.0755092563949801,-0.0264428312800014,1.6666666666666667e-05,-0.07552592306164677,-0.02645949794666807,-0.0803138366866312,0.057573871283598296,0.06626413578793544,0,1,0,0
2015-09-01,JNJ,Healthcare,0.0008947463518835,-0.0264428312800014,1.6666666666666667e-05,0.0008780796852168333,-0.02645949794666807,-0.0621694371935177,0.029484321248700436,-0.06875707745882087,0,0,1,0
2015-09-01,JPM,Financials,-0.0488302330967571,-0.0264428312800014,1.6666666666666667e-05,-0.04884689976342377,-0.02645949794666807,-0.0585299265799644,0.06354388708367656,0.1069133400299056,0,1,0,0
2015-09-01,KO,Consumer,0.0203456960852344,-0.0264428312800014,1.6666666666666667e-05,0.02032902941856773,-0.02645949794666807,-0.0428435845166409,0.0452003707900177,-0.028215179361824827,0,0,0,1
2015-09-01,MCD,Consumer,0.0460748534102704,-0.0264428312800014,1.6666666666666667e-05,0.046058186743603735,-0.02645949794666807,-0.0484678412135559,0.03309419899678377,0.049671684499278834,0,0,0,1
2015-09-01,MRK,Healthcare,-0.0828227604906058,-0.0264428312800014,1.6666666666666667e-05,-0.08283942715727247,-0.02645949794666807,-0.0866688872929911,0.05005378932175873,-0.07645715503198591,0,0,1,0
2015-09-01,MS,Financials,-0.0856312841322546,-0.0264428312800014,1.6666666666666667e-05,-0.08564795079892126,-0.02645949794666807,-0.1096250337113837,0.06477977483051219,0.01792056117726637,0,1,0,0
2015-09-01,MSFT,Technology,0.0237102396121224,-0.0264428312800014,1.6666666666666667e-05,0.02369357294545573,-0.02645949794666807,-0.0680943678683191,0.08571208527083081,-0.01672775911690194,1,0,0,0
2015-09-01,NVDA,Technology,0.1011443950139676,-0.0264428312800014,1.6666666666666667e-05,0.10112772834730094,-0.02645949794666807,0.1268166680995941,0.07580390358072397,0.17571512132959244,1,0,0,0
2015-09-01,PFE,Healthcare,-0.0175215485078389,-0.0264428312800014,1.6666666666666667e-05,-0.01753821517450557,-0.02645949794666807,-0.1064893128674004,0.05182599289068791,0.12477088422668436,0,0,1,0
2015-09-01,PG,Consumer,0.0179706570336175,-0.0264428312800014,1.6666666666666667e-05,0.01795399036695083,-0.02645949794666807,-0.0710731893096385,0.038403114843385995,-0.12300129593932596,0,0,0,1
2015-09-01,UNH,Healthcare,0.0026793704993872,-0.0264428312800014,1.6666666666666667e-05,0.0026627038327205334,-0.02645949794666807,-0.0469524252855602,0.04866185798320606,0.3557449486531967,0,0,1,0
2015-09-01,WMT,Consumer,0.0085387452701715,-0.0264428312800014,1.6666666666666667e-05,0.008522078603504834,-0.02645949794666807,-0.100722051457942,0.05910731849055383,-0.12145693424445225,0,0,0,1
2015-10-01,AAPL,Technology,0.0834086092847079,0.0829831178126665,1.6666666666666667e-05,0.08339194261804124,0.08296645114599983,-0.0173885786141547,0.06152962304412224,0.11350407195448975,1,0,0,0
2015-10-01,ABBV,Healthcare,0.0944677723906044,0.0829831178126665,1.6666666666666667e-05,0.09445110572393774,0.08296645114599983,-0.1281843315975439,0.08015615063244855,-0.028761148841030537,0,0,1,0
2015-10-01,AMZN,Technology,0.2227236546930227,0.0829831178126665,1.6666666666666667e-05,0.22270698802635602,0.08296645114599983,-0.001949780381022,0.09560740831862574,0.5875511723001205,1,0,0,0
2015-10-01,BAC,Financials,0.0804894455210283,0.0829831178126665,1.6666666666666667e-05,0.08047277885436163,0.08296645114599983,-0.0465117568020753,0.0631694783299829,-0.07507973421521974,0,1,0,0
2015-10-01,C,Financials,0.0717599303542704,0.0829831178126665,1.6666666666666667e-05,0.07174326368760374,0.08296645114599983,-0.0723638549085634,0.06759841626882973,-0.04054102355970468,0,1,0,0
2015-10-01,COST,Consumer,0.0937262059993655,0.0829831178126665,1.6666666666666667e-05,0.09370953933269884,0.08296645114599983,0.0351119289662644,0.047398147393658316,0.20436900702369876,0,0,0,1
2015-10-01,GOOGL,Technology,0.1551138629183761,0.0829831178126665,1.6666666666666667e-05,0.15509719625170942,0.08296645114599983,-0.0145873420879881,0.06943868089267262,0.0849067599296296,1,0,0,0
2015-10-01,GS,Financials,0.0790744028800101,0.0829831178126665,1.6666666666666667e-05,0.07905773621334343,0.08296645114599983,-0.0755092563949801,0.061727481686809874,-0.04117206865859946,0,1,0,0
2015-10-01,JNJ,Healthcare,0.0822710787060538,0.0829831178126665,1.6666666666666667e-05,0.08225441203938713,0.08296645114599983,0.0008947463518835,0.026809963604650065,-0.09902699404189785,0,0,1,0
2015-10-01,JPM,Financials,0.0537973379933265,0.0829831178126665,1.6666666666666667e-05,0.05378067132665983,0.08296645114599983,-0.0488302330967571,0.06577605381424784,0.03905509112045946,0,1,0,0
2015-10-01,KO,Consumer,0.0647282790128083,0.0829831178126665,1.6666666666666667e-05,0.06471161234614163,0.08296645114599983,0.0203456960852344,0.045099287617081645,-0.03029154475630924,0,0,0,1
2015-10-01,MCD,Consumer,0.1392475933841144,0.0829831178126665,1.6666666666666667e-05,0.13923092671744774,0.08296645114599983,0.0460748534102704,0.034989710351315415,0.07612295708280925,0,0,0,1
2015-10-01,MRK,Healthcare,0.1162295877019761,0.0829831178126665,1.6666666666666667e-05,0.11621292103530943,0.08296645114599983,-0.0828227604906058,0.05483818008009837,-0.14108756541096779,0,0,1,0
2015-10-01,MS,Financials,0.0466670323778475,0.0829831178126665,1.6666666666666667e-05,0.046650365711180836,0.08296645114599983,-0.0856312841322546,0.0696485559705889,-0.07624558929865588,0,1,0,0
2015-10-01,MSFT,Technology,0.1893357561986468,0.0829831178126665,1.6666666666666667e-05,0.18931908953198012,0.08296645114599983,0.0237102396121224,0.0856337381923865,-0.019728839808201837,1,0,0,0
2015-10-01,NVDA,Technology,0.1509125811443932,0.0829831178126665,1.6666666666666667e-05,0.15089591447772654,0.08296645114599983,0.1011443950139676,0.07662757584168002,0.35879130455677277,1,0,0,0
2015-10-01,PFE,Healthcare,0.0767273546102407,0.0829831178126665,1.6666666666666667e-05,0.07671068794357404,0.08296645114599983,-0.0175215485078389,0.052477383184240646,0.09833689266597134,0,0,1,0
2015-10-01,PG,Consumer,0.0617182979906505,0.0829831178126665,1.6666666666666667e-05,0.06170163132398383,0.08296645114599983,0.0179706570336175,0.03895336347566478,-0.11395753826477328,0,0,0,1
2015-10-01,UNH,Healthcare,0.0196492032017878,0.0829831178126665,1.6666666666666667e-05,0.01963253653512113,0.08296645114599983,0.0026793704993872,0.04825752915414271,0.36615421755612476,0,0,1,0
2015-10-01,WMT,Consumer,-0.1172112287900543,0.0829831178126665,1.6666666666666667e-05,-0.11722789545672097,0.08296645114599983,0.0085387452701715,0.05870607001139697,-0.13091975331644,0,0,0,1
2015-11-01,AAPL,Technology,-0.0100418970906939,0.0005048691103348,9.999999999999999e-05,-0.010141897090693899,0.00040486911033480003,0.0834086092847079,0.06264438658954338,0.12539620666014373,1,0,0,0
2015-11-01,ABBV,Healthcare,-0.014497756333998,0.0005048691103348,9.999999999999999e-05,-0.014597756333998,0.00040486911033480003,0.0944677723906044,0.07969474884977386,-0.03248859642267954,0,0,1,0
2015-11-01,AMZN,Technology,0.0621505543195763,0.0005048691103348,9.999999999999999e-05,0.0620505543195763,0.00040486911033480003,0.2227236546930227,0.10325602400791388,1.0490408276641858,1,0,0,0
2015-11-01,BAC,Financials,0.0387368949899888,0.0005048691103348,9.999999999999999e-05,0.0386368949899888,0.00040486911033480003,0.0804894455210283,0.06776123777001675,-0.010091270627703097,0,1,0,0
2015-11-01,C,Financials,0.018233048121852,0.0005048691103348,9.999999999999999e-05,0.018133048121852,0.00040486911033480003,0.0717599303542704,0.0702600802596025,-0.0045391901425224646,0,1,0,0
2015-11-01,COST,Consumer,0.0208701447550787,0.0005048691103348,9.999999999999999e-05,0.020770144755078702,0.00040486911033480003,0.0937262059993655,0.05073726316087425,0.2377431024199601,0,0,0,1
2015-11-01,GOOGL,Technology,0.0345272614710658,0.0005048691103348,9.999999999999999e-05,0.0344272614710658,0.00040486911033480003,0.1551138629183761,0.07950383541687447,0.2985191314713882,1,0,0,0
2015-11-01,GS,Financials,0.0134403219979346,0.0005048691103348,9.999999999999999e-05,0.0133403219979346,0.00040486911033480003,0.0790744028800101,0.06531911819630236,-0.0003155529048202155,0,1,0,0
2015-11-01,JNJ,Healthcare,0.0020786247128155,0.0005048691103348,9.999999999999999e-05,0.0019786247128155,0.00040486911033480003,0.0822710787060538,0.03730931346013034,-0.035668964054339614,0,0,1,0
2015-11-01,JPM,Financials,0.0453094465015195,0.0005048691103348,9.999999999999999e-05,0.0452094465015195,0.00040486911033480003,0.0537973379933265,0.06724778232083369,0.09060854089424764,0,1,0,0
2015-11-01,KO,Consumer,0.0063758703164034,0.0005048691103348,9.999999999999999e-05,0.006275870316403399,0.00040486911033480003,0.0647282790128083,0.04881054918797586,0.04409863513712997,0,0,0,1
2015-11-01,MCD,Consumer,0.0170153152965855,0.0005048691103348,9.999999999999999e-05,0.0169153152965855,0.00040486911033480003,0.1392475933841144,0.05118787452532824,0.24009647896749708,0,0,0,1
2015-11-01,MRK,Healthcare,-0.0301865014472959,0.0005048691103348,9.999999999999999e-05,-0.0302865014472959,0.00040486911033480003,0.1162295877019761,0.06595682532850619,-0.026186652465910454,0,0,1,0
2015-11-01,MS,Financials,0.0452035520809124,0.0005048691103348,9.999999999999999e-05,0.0451035520809124,0.00040486911033480003,0.0466670323778475,0.07110630123447427,-0.043648905271731264,0,1,0,0
2015-11-01,MSFT,Technology,0.0324847033184445,0.0005048691103348,9.999999999999999e-05,0.032384703318444494,0.00040486911033480003,0.1893357561986468,0.10143982424317297,0.1512202124743538,1,0,0,0
2015-11-01,NVDA,Technology,0.1180825990595491,0.0005048691103348,9.999999999999999e-05,0.1179825990595491,0.00040486911033480003,0.1509125811443932,0.08417425868917687,0.4766136397480125,1,0,0,0
2015-11-01,PFE,Healthcare,-0.0310464769691223,0.0005048691103348,9.999999999999999e-05,-0.0311464769691223,0.00040486911033480003,0.0767273546102407,0.056010972069198035,0.16760446550808283,0,0,1,0
2015-11-01,PG,Consumer,-0.0113557395027501,0.0005048691103348,9.999999999999999e-05,-0.0114557395027501,0.00040486911033480003,0.0617182979906505,0.0416217767585428,-0.09732393496639224,0,0,0,1
2015-11-01,UNH,Healthcare,-0.0430463805496184,0.0005048691103348,9.999999999999999e-05,-0.043146380549618404,0.00040486911033480003,0.0196492032017878,0.04137701689583806,0.2592075346967755,0,0,1,0
2015-11-01,WMT,Consumer,0.0279519912671655,0.0005048691103348,9.999999999999999e-05,0.0278519912671655,0.00040486911033480003,-0.1172112287900543,0.06621713840841435,-0.23077393682949654,0,0,0,1
2015-12-01,AAPL,Technology,-0.1064190737533716,-0.0175301850326925,0.00019166666666666667,-0.10661074042003828,-0.017721851699359168,-0.0100418970906939,0.05607556785736542,0.011706672185154643,1,0,0,0
2015-12-01,ABBV,Healthcare,0.0187447412232113,-0.0175301850326925,0.00019166666666666667,0.018553074556544633,-0.017721851699359168,-0.014497756333998,0.0734434735343497,-0.1320795857851148,0,0,1,0
2015-12-01,AMZN,Technology,0.0166816106238625,-0.0175301850326925,0.00019166666666666667,0.016489943957195833,-0.017721851699359168,0.0621505543195763,0.10238512513997922,0.9631468955905687,1,0,0,0
2015-12-01,BAC,Financials,-0.0344236465829375,-0.0175301850326925,0.00019166666666666667,-0.034615313249604165,-0.017721851699359168,0.0387368949899888,0.06853013026503972,0.035495805309018635,0,1,0,0
2015-12-01,C,Financials,-0.0432608854023833,-0.0175301850326925,0.00019166666666666667,-0.043452552069049966,-0.017721851699359168,0.018233048121852,0.07039953323273015,0.005156438023590892,0,1,0,0
2015-12-01,COST,Consumer,0.0030814660468343,-0.0175301850326925,0.00019166666666666667,0.0028897993801676332,-0.017721851699359168,0.0208701447550787,0.04860803329779556,0.18577979485728213,0,0,0,1
2015-12-01,GOOGL,Technology,0.0198726741120374,-0.0175301850326925,0.00019166666666666667,0.019681007445370734,-0.017721851699359168,0.0345272614710658,0.07740979409621952,0.38932405673059756,1,0,0,0
2015-12-01,GS,Financials,-0.0482731838993883,-0.0175301850326925,0.00019166666666666667,-0.048464850566054964,-0.017721851699359168,0.0134403219979346,0.06531008018933221,0.021616426905691766,0,1,0,0
2015-12-01,JNJ,Healthcare,0.0220982627185701,-0.0175301850326925,0.00019166666666666667,0.021906596051903433,-0.017721851699359168,0.0020786247128155,0.037277564208485124,-0.03786046539720178,0,0,1,0
2015-12-01,JPM,Financials,-0.0097480447361285,-0.0175301850326925,0.00019166666666666667,-0.009939711402795166,-0.017721851699359168,0.0453094465015195,0.06796679761678867,0.13841735849290782,0,1,0,0
2015-12-01,KO,Consumer,0.0157079071870371,-0.0175301850326925,0.00019166666666666667,0.015516240520370435,-0.017721851699359168,0.0063758703164034,0.04425659376208832,-0.01838821548854397,0,0,0,1
2015-12-01,MCD,Consumer,0.0429774135383762,-0.0175301850326925,0.00019166666666666667,0.04278574687170953,-0.017721851699359168,0.0170153152965855,0.05100858512254608,0.22107200602647326,0,0,0,1
2015-12-01,MRK,Healthcare,-0.0035842574502671,-0.0175301850326925,0.00019166666666666667,-0.003775924116933767,-0.017721851699359168,-0.0301865014472959,0.06501040090994255,-0.09404729414982038,0,0,1,0
2015-12-01,MS,Financials,-0.0725944437023975,-0.0175301850326925,0.00019166666666666667,-0.07278611036906417,-0.017721851699359168,0.0452035520809124,0.07233621962700916,-0.009843440480717613,0,1,0,0
2015-12-01,MSFT,Technology,0.0276717199141853,-0.0175301850326925,0.00019166666666666667,0.027480053247518635,-0.017721851699359168,0.0324847033184445,0.10154775487167038,0.16723649559372888,1,0,0,0
2015-12-01,NVDA,Technology,0.043037665583455,-0.0175301850326925,0.00019166666666666667,0.042845998916788336,-0.017721851699359168,0.1180825990595491,0.08692341489197382,0.5383922099323946,1,0,0,0
2015-12-01,PFE,Healthcare,-0.0070019762381197,-0.0175301850326925,0.00019166666666666667,-0.007193642904786367,-0.017721851699359168,-0.0310464769691223,0.05680967426069261,0.08777085194835799,0,0,1,0
2015-12-01,PG,Consumer,0.0610633984510198,-0.0175301850326925,0.00019166666666666667,0.060871731784353136,-0.017721851699359168,-0.0113557395027501,0.03828637566097801,-0.14531489169678213,0,0,0,1
2015-12-01,UNH,Healthcare,0.0437407630966804,-0.0175301850326925,0.00019166666666666667,0.043549096430013735,-0.017721851699359168,-0.0430463805496184,0.04467978494350242,0.16077698439679988,0,0,1,0
2015-12-01,WMT,Consumer,0.041808285727988,-0.0175301850326925,0.00019166666666666667,0.04161661906132133,-0.017721851699359168,0.0279519912671655,0.04397600604962306,-0.3110718019508404,0,0,0,1
2016-01-01,AAPL,Technology,-0.0752426994899991,-0.0507353220469523,0.00021666666666666666,-0.07545936615666576,-0.050951988713618966,-0.1064190737533716,0.06132529896895462,-0.030136951428222036,1,0,0,0
2016-01-01,ABBV,Healthcare,-0.0732614954614929,-0.0507353220469523,0.00021666666666666666,-0.07347816212815957,-0.050951988713618966,0.0187447412232113,0.0723854568914414,-0.06500757808825508,0,0,1,0
2016-01-01,AMZN,Technology,-0.1315154320029574,-0.0507353220469523,0.00021666666666666666,-0.13173209866962407,-0.050951988713618966,0.0166816106238625,0.0930755286724748,1.1778313909946112,1,0,0,0
2016-01-01,BAC,Financials,-0.1574681129710249,-0.0507353220469523,0.00021666666666666666,-0.15768477963769156,-0.050951988713618966,-0.0344236465829375,0.06784808360978145,-0.04765476312992789,0,1,0,0
2016-01-01,C,Financials,-0.1771981904583455,-0.0507353220469523,0.00021666666666666666,-0.17741485712501218,-0.050951988713618966,-0.0432608854023833,0.07164212219287185,-0.04081572172463244,0,1,0,0
2016-01-01,COST,Consumer,-0.0642720975220868,-0.0507353220469523,0.00021666666666666666,-0.06448876418875348,-0.050951988713618966,0.0030814660468343,0.04852715622136834,0.18944910802634296,0,0,0,1
2016-01-01,GOOGL,Technology,-0.0214136403960346,-0.0507353220469523,0.00021666666666666666,-0.021630307062701266,-0.050951988713618966,0.0198726741120374,0.07490194736721449,0.4661176070259452,1,0,0,0
2016-01-01,GS,Financials,-0.1035899855416268,-0.0507353220469523,0.00021666666666666666,-0.10380665220829347,-0.050951988713618966,-0.0482731838993883,0.06625706577054946,-0.05789602045644293,0,1,0,0
2016-01-01,JNJ,Healthcare,0.0167445997073536,-0.0507353220469523,0.00021666666666666666,0.016527933040686935,-0.050951988713618966,0.0220982627185701,0.03699760431424695,0.011421551079018766,0,0,1,0
2016-01-01,JPM,Financials,-0.0988946756724298,-0.0507353220469523,0.00021666666666666666,-0.09911134233909646,-0.050951988713618966,-0.0097480447361285,0.06767789385721934,0.08372568568388772,0,1,0,0
2016-01-01,KO,Consumer,-0.0009312878056388,-0.0507353220469523,0.00021666666666666666,-0.0011479544723054665,-0.050951988713618966,0.0157079071870371,0.04137028491169266,0.05139914804358181,0,0,0,1
2016-01-01,MCD,Consumer,0.0477396899179161,-0.0507353220469523,0.00021666666666666666,0.047523023251249435,-0.050951988713618966,0.0429774135383762,0.04968856422381227,0.30429059182309937,0,0,0,1
2016-01-01,MRK,Healthcare,-0.0324143723020454,-0.0507353220469523,0.00021666666666666666,-0.03263103896871206,-0.050951988713618966,-0.0035842574502671,0.06279303157777631,-0.03991161773756158,0,0,1,0
2016-01-01,MS,Financials,-0.186419203275052,-0.0507353220469523,0.00021666666666666666,-0.18663586994171866,-0.050951988713618966,-0.0725944437023975,0.06759125289776845,-0.16739770974002588,0,1,0,0
2016-01-01,MSFT,Technology,-0.0070295467810888,-0.0507353220469523,0.00021666666666666666,-0.007246213447755466,-0.050951988713618966,0.0276717199141853,0.1007889428897384,0.22691870199894226,1,0,0,0
2016-01-01,NVDA,Technology,-0.1113474843018221,-0.0507353220469523,0.00021666666666666666,-0.11156415096848878,-0.050951988713618966,0.043037665583455,0.08322829425560414,0.6711557747055956,1,0,0,0
2016-01-01,PFE,Healthcare,-0.0554522168206048,-0.0507353220469523,0.00021666666666666666,-0.05566888348727146,-0.050951988713618966,-0.0070019762381197,0.05698571218945215,0.07087970116650966,0,0,1,0
2016-01-01,PG,Consumer,0.0287119262974759,-0.0507353220469523,0.00021666666666666666,0.028495259630809233,-0.050951988713618966,0.0610633984510198,0.04357179929378283,-0.09969593079955785,0,0,0,1
2016-01-01,UNH,Healthcare,-0.0168531742344498,-0.0507353220469523,0.00021666666666666666,-0.017069840901116465,-0.050951988713618966,0.0437407630966804,0.045443893845277986,0.18206710545836957,0,0,1,0
2016-01-01,WMT,Consumer,0.0916122564351773,-0.0507353220469523,0.00021666666666666666,0.09139558976851063,-0.050951988713618966,0.041808285727988,0.04857582290651965,-0.2683957726893109,0,0,0,1
2016-02-01,AAPL,Technology,-0.006677413751596,-0.0041283603090035,0.00025833333333333334,-0.0069357470849293335,-0.0043866936423368336,-0.0752426994899991,0.061404641198692586,-0.15501453140299304,1,0,0,0
2016-02-01,ABBV,Healthcare,0.0051654248253376,-0.0041283603090035,0.00025833333333333334,0.004907091492004267,-0.0043866936423368336,-0.0732614954614929,0.07197234051988691,-0.06042526263873116,0,0,1,0
2016-02-01,AMZN,Technology,-0.0587393835904203,-0.0041283603090035,0.00025833333333333334,-0.058997716923753635,-0.0043866936423368336,-0.1315154320029574,0.10649312229638074,0.6557132606059253,1,0,0,0
2016-02-01,BAC,Financials,-0.1145687367091847,-0.0041283603090035,0.00025833333333333334,-0.11482707004251803,-0.0043866936423368336,-0.1574681129710249,0.06921586289690473,-0.05526419893395462,0,1,0,0
2016-02-01,C,Financials,-0.0864735432115462,-0.0041283603090035,0.00025833333333333334,-0.08673187654487953,-0.0043866936423368336,-0.1771981904583455,0.0798203514392066,-0.0904237046118912,0,1,0,0
2016-02-01,COST,Consumer,-0.0072128165971194,-0.0041283603090035,0.00025833333333333334,-0.007471149930452734,-0.0043866936423368336,-0.0642720975220868,0.05376369610481891,0.10334902837707949,0,0,0,1
2016-02-01,GOOGL,Technology,-0.0579627508831864,-0.0041283603090035,0.00025833333333333334,-0.05822108421651973,-0.0043866936423368336,-0.0214136403960346,0.07645139509076349,0.4163331292195134,1,0,0,0
2016-02-01,GS,Financials,-0.0744614464346039,-0.0041283603090035,0.00025833333333333334,-0.07471977976793723,-0.0043866936423368336,-0.1035899855416268,0.06525830521293634,-0.05056759351016915,0,1,0,0
2016-02-01,JNJ,Healthcare,0.007372895640118,-0.0041283603090035,0.00025833333333333334,0.007114562306784667,-0.0043866936423368336,0.0167445997073536,0.03446491720866495,0.07384989008110088,0,0,1,0
2016-02-01,JPM,Financials,-0.0474339374853656,-0.0041283603090035,0.00025833333333333334,-0.04769227081869893,-0.0043866936423368336,-0.0988946756724298,0.06204058071840644,0.12380619688832284,0,1,0,0
2016-02-01,KO,Consumer,0.0048929913933346,-0.0041283603090035,0.00025833333333333334,0.004634658060001267,-0.0043866936423368336,-0.0009312878056388,0.04036558628610108,0.07720955846780764,0,0,0,1
2016-02-01,MCD,Consumer,-0.0532394770271598,-0.0041283603090035,0.00025833333333333334,-0.053497810360493135,-0.0043866936423368336,0.0477396899179161,0.04868585154100416,0.3851844092376633,0,0,0,1
2016-02-01,MRK,Healthcare,-0.0090782566707068,-0.0041283603090035,0.00025833333333333334,-0.009336590004040133,-0.0043866936423368336,-0.0324143723020454,0.05908858249351595,-0.1313825847966683,0,0,1,0
2016-02-01,MS,Financials,-0.0399458324716985,-0.0041283603090035,0.00025833333333333334,-0.04020416580503183,-0.0043866936423368336,-0.186419203275052,0.07786268310885029,-0.2226355468508554,0,1,0,0
2016-02-01,MSFT,Technology,-0.0764205289696354,-0.0041283603090035,0.00025833333333333334,-0.07667886230296873,-0.0043866936423368336,-0.0070295467810888,0.0895577370297895,0.4007365810400483,1,0,0,0
2016-02-01,NVDA,Technology,0.0706730359621852,-0.0041283603090035,0.00025833333333333334,0.07041470262885187,-0.0043866936423368336,-0.1113474843018221,0.09187638187432201,0.5508221792072308,1,0,0,0
2016-02-01,PFE,Healthcare,-0.0268944226542411,-0.0041283603090035,0.00025833333333333334,-0.027152755987574433,-0.0043866936423368336,-0.0554522168206048,0.05980650848531007,0.008260255524259907,0,0,1,0
2016-02-01,PG,Consumer,-0.0085711608655163,-0.0041283603090035,0.00025833333333333334,-0.008829494198849633,-0.0043866936423368336,0.0287119262974759,0.03915593815424361,0.000870293001974165,0,0,0,1
2016-02-01,UNH,Healthcare,0.0342131440032369,-0.0041283603090035,0.00025833333333333334,0.033954810669903565,-0.0043866936423368336,-0.0168531742344498,0.04441239468210402,0.10155280044654846,0,0,1,0
2016-02-01,WMT,Consumer,-0.0003010058143563,-0.0041283603090035,0.00025833333333333334,-0.0005593391476896334,-0.0043866936423368336,0.0916122564351773,0.059001518237435636,-0.19739756873107683,0,0,0,1
2016-03-01,AAPL,Technology,0.1333271333283605,0.0659911144400584,0.00024166666666666664,0.13308546666169382,0.06574944777339173,-0.006677413751596,0.05117963700404273,-0.23448989938842846,1,0,0,0
2016-03-01,ABBV,Healthcare,0.0459624003534611,0.0659911144400584,0.00024166666666666664,0.04572073368679443,0.06574944777339173,0.0051654248253376,0.07190771450562025,-0.064933695454647,0,0,1,0
2016-03-01,AMZN,Technology,0.0744226379765782,0.0659911144400584,0.00024166666666666664,0.07418097130991153,0.06574944777339173,-0.0587393835904203,0.11039780359637662,0.45338806257404207,1,0,0,0
2016-03-01,BAC,Financials,0.0798723573105648,0.0659911144400584,0.00024166666666666664,0.07963069064389813,0.06574944777339173,-0.1145687367091847,0.07451601032519979,-0.19842163265585255,0,1,0,0
2016-03-01,C,Financials,0.0746457933264848,0.0659911144400584,0.00024166666666666664,0.07440412665981813,0.06574944777339173,-0.0864735432115462,0.07294759345940088,-0.255942062815698,0,1,0,0
2016-03-01,COST,Consumer,0.0531708623482818,0.0659911144400584,0.00024166666666666664,0.05292919568161513,0.06574944777339173,-0.0072128165971194,0.053633919239694655,0.06579942098933111,0,0,0,1
2016-03-01,GOOGL,Technology,0.0636904225315835,0.0659911144400584,0.00024166666666666664,0.06344875586491683,0.06574944777339173,-0.0579627508831864,0.08046901998580656,0.2747630268213914,1,0,0,0
2016-03-01,GS,Financials,0.0543844187211413,0.0659911144400584,0.00024166666666666664,0.054142752054474635,0.06574944777339173,-0.0744614464346039,0.05942465170920212,-0.2017334966404689,0,1,0,0
2016-03-01,JNJ,Healthcare,0.035871906180231,0.0659911144400584,0.00024166666666666664,0.03563023951356433,0.06574944777339173,0.007372895640118,0.03404529024769793,0.056757452862586044,0,0,1,0
2016-03-01,JPM,Financials,0.0518652988132293,0.0659911144400584,0.00024166666666666664,0.05162363214656263,0.06574944777339173,-0.0474339374853656,0.0504832654391796,-0.0561086615695654,0,1,0,0
2016-03-01,KO,Consumer,0.0755848792195481,0.0659911144400584,0.00024166666666666664,0.07534321255288143,0.06574944777339173,0.0048929913933346,0.03782747111948639,0.029231230131442576,0,0,0,1
2016-03-01,MCD,Consumer,0.0805709698287568,0.0659911144400584,0.00024166666666666664,0.08032930316209014,0.06574944777339173,-0.0532394770271598,0.05204390830769357,0.22577670939554317,0,0,0,1
2016-03-01,MRK,Healthcare,0.0537743643509931,0.0659911144400584,0.00024166666666666664,0.05353269768432643,0.06574944777339173,-0.0090782566707068,0.05879218443838972,-0.11368399666840301,0,0,1,0
2016-03-01,MS,Financials,0.012550685400843,0.0659911144400584,0.00024166666666666664,0.012309018734176334,0.06574944777339173,-0.0399458324716985,0.07386344064961421,-0.29700978070943085,0,1,0,0
2016-03-01,MSFT,Technology,0.0932894722583115,0.0659911144400584,0.00024166666666666664,0.09304780559164483,0.06574944777339173,-0.0764205289696354,0.09289408844969499,0.19190742272344652,1,0,0,0
2016-03-01,NVDA,Technology,0.1403001485631394,0.0659911144400584,0.00024166666666666664,0.14005848189647274,0.06574944777339173,0.0706730359621852,0.08611603405262226,0.445155678621016,1,0,0,0
2016-03-01,PFE,Healthcare,0.0090322900516117,0.0659911144400584,0.00024166666666666664,0.008790623384945033,0.06574944777339173,-0.0268944226542411,0.05195590411033253,-0.10662192491103684,0,0,1,0
2016-03-01,PG,Consumer,0.0251586470383002,0.0659911144400584,0.00024166666666666664,0.02491698037163353,0.06574944777339173,-0.0085711608655163,0.038881145444804505,-0.024438654240917956,0,0,0,1
2016-03-01,UNH,Healthcare,0.0822837521845041,0.0659911144400584,0.00024166666666666664,0.08204208551783743,0.06574944777339173,0.0342131440032369,0.04109096508434596,0.06524917371522543,0,0,1,0
2016-03-01,WMT,Consumer,0.0324084920834388,0.0659911144400584,0.00024166666666666664,0.032166825416772134,0.06574944777339173,-0.0003010058143563,0.059181352639236046,-0.1876011560669244,0,0,0,1
2016-04-01,AAPL,Technology,-0.139921071445918,0.0026993982833325,0.00019166666666666667,-0.14011273811258468,0.002507731616665833,0.1333271333283605,0.0676673938642179,-0.10784892989837791,1,0,0,0
2016-04-01,ABBV,Healthcare,0.0679270793245492,0.0026993982833325,0.00019166666666666667,0.06773541265788252,0.002507731616665833,0.0459624003534611,0.07256679551165135,0.010790625073322957,0,0,1,0
2016-04-01,AMZN,Technology,0.1110942894178326,0.0026993982833325,0.00019166666666666667,0.11090262275116593,0.002507731616665833,0.0744226379765782,0.10927085519112023,0.5953775832759411,1,0,0,0
2016-04-01,BAC,Financials,0.0810208252897402,0.0026993982833325,0.00019166666666666667,0.08082915862307352,0.002507731616665833,0.0798723573105648,0.07927431702407418,-0.11077522630581893,0,1,0,0
2016-04-01,C,Financials,0.1085032608513254,0.0026993982833325,0.00019166666666666667,0.10831159418465873,0.002507731616665833,0.0746457933264848,0.07810438805912615,-0.18643287871888814,0,1,0,0
2016-04-01,COST,Consumer,-0.0599699889374776,0.0026993982833325,0.00019166666666666667,-0.060161655604144264,0.002507731616665833,0.0531708623482818,0.0522871543762726,0.051391235385270795,0,0,0,1
2016-04-01,GOOGL,Technology,-0.0721197748697358,0.0026993982833325,0.00019166666666666667,-0.07231144153640247,0.002507731616665833,0.0636904225315835,0.080330538121895,0.3753382288050222,1,0,0,0
2016-04-01,GS,Financials,0.045419573533322,0.0026993982833325,0.00019166666666666667,0.045227906866655336,0.002507731616665833,0.0543844187211413,0.0628961198282074,-0.15283051546475457,0,1,0,0
2016-04-01,JNJ,Healthcare,0.0358600688434893,0.0026993982833325,0.00019166666666666667,0.035668402176822635,0.002507731616665833,0.035871906180231,0.03466711378280384,0.10769459412555937,0,0,1,0
2016-04-01,JPM,Financials,0.0672066638697335,0.0026993982833325,0.00019166666666666667,0.06701499720306682,0.002507731616665833,0.0518652988132293,0.05284338917391238,0.004318878453874131,0,1,0,0
2016-04-01,KO,Consumer,-0.0267430515229316,0.0026993982833325,0.00019166666666666667,-0.026934718189598267,0.002507731616665833,0.0755848792195481,0.03687282914026387,0.18210161312295248,0,0,0,1
2016-04-01,MCD,Consumer,0.0064449367119634,0.0026993982833325,0.00019166666666666667,0.006253270045296733,0.002507731616665833,0.0805709698287568,0.05430879314659259,0.3328022508522108,0,0,0,1
2016-04-01,MRK,Healthcare,0.045544589358607,0.0026993982833325,0.00019166666666666667,0.045352922691940335,0.002507731616665833,0.0537743643509931,0.06132456989398721,-0.048799380172542706,0,0,1,0
2016-04-01,MS,Financials,0.0819672181180861,0.0026993982833325,0.00019166666666666667,0.08177555145141943,0.002507731616665833,0.012550685400843,0.07443701260103362,-0.2861925841408419,0,1,0,0
2016-04-01,MSFT,Technology,-0.097048921575507,0.0026993982833325,0.00019166666666666667,-0.09724058824217367,0.002507731616665833,0.0932894722583115,0.09108071996498499,0.39540442845266965,1,0,0,0
2016-04-01,NVDA,Technology,-0.0028067589080643,0.0026993982833325,0.00019166666666666667,-0.0029984255747309667,0.002507731616665833,0.1403001485631394,0.08690892750457974,0.7302190541037084,1,0,0,0
2016-04-01,PFE,Healthcare,0.1035766229682186,0.0026993982833325,0.00019166666666666667,0.10338495630155192,0.002507731616665833,0.0090322900516117,0.051369213480950936,-0.11850708062535575,0,0,1,0
2016-04-01,PG,Consumer,-0.0266064872335568,0.0026993982833325,0.00019166666666666667,-0.026798153900223467,0.002507731616665833,0.0251586470383002,0.0377821939076977,0.03904047096003893,0,0,0,1
2016-04-01,UNH,Healthcare,0.0257829964158349,0.0026993982833325,0.00019166666666666667,0.025591329749168234,0.002507731616665833,0.0822837521845041,0.04574677427364003,0.10748377639950424,0,0,1,0
2016-04-01,WMT,Consumer,-0.0164249897023663,0.0026993982833325,0.00019166666666666667,-0.016616656369032968,0.002507731616665833,0.0324084920834388,0.060734105471469776,-0.14414106827019002,0,0,0,1
2016-05-01,AAPL,Technology,0.0652869668590585,0.0153246025252884,0.00022500000000000002,0.0650619668590585,0.0150996025252884,-0.139921071445918,0.07745176882523579,-0.2370939590215677,1,0,0,0
2016-05-01,ABBV,Healthcare,0.0415523446017549,0.0153246025252884,0.00022500000000000002,0.0413273446017549,0.0150996025252884,0.0679270793245492,0.06858615308701609,-0.022718087133299147,0,0,1,0
2016-05-01,AMZN,Technology,0.09581709440582,0.0153246025252884,0.00022500000000000002,0.09559209440581999,0.0150996025252884,0.1110942894178326,0.10779861278428936,0.5638246820256663,1,0,0,0
2016-05-01,BAC,Financials,0.0157966344279611,0.0153246025252884,0.00022500000000000002,0.015571634427961101,0.0150996025252884,0.0810208252897402,0.0823775154311844,-0.07420954125714452,0,1,0,0
2016-05-01,C,Financials,0.007330022191647,0.0153246025252884,0.00022500000000000002,0.007105022191646999,0.0150996025252884,0.1085032608513254,0.08489494098496986,-0.12860330916949902,0,1,0,0
2016-05-01,COST,Consumer,0.0072915004893037,0.0153246025252884,0.00022500000000000002,0.0070665004893037,0.0150996025252884,-0.0599699889374776,0.052745453398881904,0.04672095579764024,0,0,0,1
2016-05-01,GOOGL,Technology,0.0578773663327343,0.0153246025252884,0.00022500000000000002,0.057652366332734295,0.0150996025252884,-0.0721197748697358,0.08495653087578008,0.28993900585283794,1,0,0,0
2016-05-01,GS,Financials,-0.0282127929284042,0.0153246025252884,0.00022500000000000002,-0.0284377929284042,0.0150996025252884,0.045419573533322,0.06293447927736047,-0.15245326466841536,0,1,0,0
2016-05-01,JNJ,Healthcare,0.0054424480118717,0.0153246025252884,0.00022500000000000002,0.005217448011871699,0.0150996025252884,0.0358600688434893,0.03463989843849839,0.1636101392908058,0,0,1,0
2016-05-01,JPM,Financials,0.0403993778949933,0.0153246025252884,0.00022500000000000002,0.0401743778949933,0.0150996025252884,0.0672066638697335,0.054901444165613746,0.026408621169128565,0,1,0,0
2016-05-01,KO,Consumer,-0.0044643059957688,0.0153246025252884,0.00022500000000000002,-0.0046893059957688,0.0150996025252884,-0.0267430515229316,0.03876290708952577,0.1407389689675027,0,0,0,1
2016-05-01,MCD,Consumer,-0.0350225486678346,0.0153246025252884,0.00022500000000000002,-0.035247548667834604,0.0150996025252884,0.0064449367119634,0.05358616121366882,0.3537569795667952,0,0,0,1
2016-05-01,MRK,Healthcare,0.0258936432138727,0.0153246025252884,0.00022500000000000002,0.025668643213872702,0.0150996025252884,0.045544589358607,0.061392985295926225,-0.04791345163850136,0,0,1,0
2016-05-01,MS,Financials,0.0169932656731934,0.0153246025252884,0.00022500000000000002,0.0167682656731934,0.0150996025252884,0.0819672181180861,0.0782322126043504,-0.26121775134192027,0,1,0,0
2016-05-01,MSFT,Technology,0.0627632636803021,0.0153246025252884,0.00022500000000000002,0.0625382636803021,0.0150996025252884,-0.097048921575507,0.08179354274070579,0.05326621619290339,1,0,0,0
2016-05-01,NVDA,Technology,0.3149455544442521,0.0153246025252884,0.00022500000000000002,0.3147205544442521,0.0150996025252884,-0.0028067589080643,0.0881351367581153,0.6266593753051637,1,0,0,0
2016-05-01,PFE,Healthcare,0.0608373914340496,0.0153246025252884,0.00022500000000000002,0.060612391434049596,0.0150996025252884,0.1035766229682186,0.060409809920072055,-0.002548131424997102,0,0,1,0
2016-05-01,PG,Consumer,0.019768166838763,0.0153246025252884,0.00022500000000000002,0.019543166838763,0.0150996025252884,-0.0266064872335568,0.03754587801919155,0.04230550806601485,0,0,0,1
2016-05-01,UNH,Healthcare,0.0151124715874149,0.0153246025252884,0.00022500000000000002,0.0148874715874149,0.0150996025252884,0.0257829964158349,0.0410867074568536,0.2022788277454055,0,0,1,0
2016-05-01,WMT,Consumer,0.0584719678789809,0.0153246025252884,0.00022500000000000002,0.0582469678789809,0.0150996025252884,-0.0164249897023663,0.05981989071264295,-0.11819624985620569,0,0,0,1
2016-06-01,AAPL,Technology,-0.0368309419079512,0.0009109212401243,0.00022500000000000002,-0.0370559419079512,0.0006859212401242999,0.0652869668590585,0.07946929411919068,-0.2192882296699653,1,0,0,0
2016-06-01,ABBV,Healthcare,-0.0162086290174211,0.0009109212401243,0.00022500000000000002,-0.0164336290174211,0.0006859212401242999,0.0415523446017549,0.06875163264506097,-0.019741848954954677,0,0,1,0
2016-06-01,AMZN,Technology,-0.0099199335258159,0.0009109212401243,0.00022500000000000002,-0.0101449335258159,0.0006859212401242999,0.09581709440582,0.10848966019736307,0.6839223438094204,1,0,0,0
2016-06-01,BAC,Financials,-0.1027721205456522,0.0009109212401243,0.00022500000000000002,-0.1029971205456522,0.0006859212401242999,0.0157966344279611,0.08171788435631579,-0.09207230435541802,0,1,0,0
2016-06-01,C,Financials,-0.0897569841933536,0.0009109212401243,0.00022500000000000002,-0.0899819841933536,0.0006859212401242999,0.007330022191647,0.08475360506887647,-0.1345517752379013,0,1,0,0
2016-06-01,COST,Consumer,0.0555886973149339,0.0009109212401243,0.00022500000000000002,0.055363697314933895,0.0006859212401242999,0.0072915004893037,0.05271866513350809,0.05486844666206636,0,0,0,1
2016-06-01,GOOGL,Technology,-0.0605197337707309,0.0009109212401243,0.00022500000000000002,-0.060744733770730905,0.0006859212401242999,0.0578773663327343,0.08486224237657208,0.3732305065664565,1,0,0,0
2016-06-01,GS,Financials,-0.0645278403781025,0.0009109212401243,0.00022500000000000002,-0.0647528403781025,0.0006859212401242999,-0.0282127929284042,0.05995227229076793,-0.2153916049360759,0,1,0,0
2016-06-01,JNJ,Healthcare,0.0840894403028928,0.0009109212401243,0.00022500000000000002,0.08386444030289279,0.0006859212401242999,0.0054424480118717,0.03469940957833275,0.15896096151008932,0,0,1,0
2016-06-01,JPM,Financials,-0.047954593999211,0.0009109212401243,0.00022500000000000002,-0.048179593999211005,0.0006859212401242999,0.0403993778949933,0.05447666395214465,0.020184444490949582,0,1,0,0
2016-06-01,KO,Consumer,0.0163677174907763,0.0009109212401243,0.00022500000000000002,0.0161427174907763,0.0006859212401242999,-0.0044643059957688,0.03904464794412801,0.12455668063248138,0,0,0,1
2016-06-01,MCD,Consumer,-0.0140913701744562,0.0009109212401243,0.00022500000000000002,-0.0143163701744562,0.0006859212401242999,-0.0350225486678346,0.0557903563467221,0.31478811912727345,0,0,0,1
2016-06-01,MRK,Healthcare,0.0239954467644856,0.0009109212401243,0.00022500000000000002,0.0237704467644856,0.0006859212401242999,0.0258936432138727,0.061531759913271165,-0.0445946654815953,0,0,1,0
2016-06-01,MS,Financials,-0.0507855997721881,0.0009109212401243,0.00022500000000000002,-0.0510105997721881,0.0006859212401242999,0.0169932656731934,0.07765512816773902,-0.26913926819054923,0,1,0,0
2016-06-01,MSFT,Technology,-0.0277755302217046,0.0009109212401243,0.00022500000000000002,-0.0280005302217046,0.0006859212401242999,0.0627632636803021,0.08197718600909293,0.16189215362146814,1,0,0,0
2016-06-01,NVDA,Technology,0.0088199077948614,0.0009109212401243,0.00022500000000000002,0.008594907794861401,0.0006859212401242999,0.3149455544442521,0.11585178558368814,1.1457351996469378,1,0,0,0
2016-06-01,PFE,Healthcare,0.0237844628176389,0.0009109212401243,0.00022500000000000002,0.0235594628176389,0.0006859212401242999,0.0608373914340496,0.06255277722273382,0.03316539257809148,0,0,1,0
2016-06-01,PG,Consumer,0.0447924873581311,0.0009109212401243,0.00022500000000000002,0.0445674873581311,0.0006859212401242999,0.019768166838763,0.037647449862398825,0.06949438746511305,0,0,0,1
2016-06-01,UNH,Healthcare,0.0563324559192903,0.0009109212401243,0.00022500000000000002,0.0561074559192903,0.0006859212401242999,0.0151124715874149,0.03602896166817699,0.1310036382252595,0,0,1,0
2016-06-01,WMT,Consumer,0.0392003260313951,0.0009109212401243,0.00022500000000000002,0.0389753260313951,0.0006859212401242999,0.0584719678789809,0.0613135783959724,-0.019131318628700877,0,0,0,1
2016-07-01,AAPL,Technology,0.0900626025339867,0.0356098007533154,0.00025,0.0898126025339867,0.0353598007533154,-0.0368309419079512,0.07954120897348653,-0.22221544354391753,1,0,0,0
2016-07-01,ABBV,Healthcare,0.0697789116579816,0.0356098007533154,0.00025,0.0695289116579816,0.0353598007533154,-0.0162086290174211,0.06885575455077007,-0.04424214453905828,0,0,1,0
2016-07-01,AMZN,Technology,0.0603532665072741,0.0356098007533154,0.00025,0.0601032665072741,0.0353598007533154,-0.0099199335258159,0.10933881871206401,0.6485520469472541,1,0,0,0
2016-07-01,BAC,Financials,0.095640787527611,0.0356098007533154,0.00025,0.095390787527611,0.0353598007533154,-0.1027721205456522,0.08539968143169012,-0.2102705401017516,0,1,0,0
2016-07-01,C,Financials,0.0334981451763325,0.0356098007533154,0.00025,0.0332481451763325,0.0353598007533154,-0.0897569841933536,0.08717970253277979,-0.22950434878257642,0,1,0,0
2016-07-01,COST,Consumer,0.0648246533990863,0.0356098007533154,0.00025,0.0645746533990863,0.0353598007533154,0.0555886973149339,0.05103768351836314,0.17558869770259,0,0,0,1
2016-07-01,GOOGL,Technology,0.1248137634626944,0.0356098007533154,0.00025,0.1245637634626944,0.0353598007533154,-0.0605197337707309,0.08821730602744697,0.3027366103408149,1,0,0,0
2016-07-01,GS,Financials,0.0688517218608053,0.0356098007533154,0.00025,0.0686017218608053,0.0353598007533154,-0.0645278403781025,0.06027932200686656,-0.27741433297297746,0,1,0,0
2016-07-01,JNJ,Healthcare,0.0323990036749841,0.0356098007533154,0.00025,0.0321490036749841,0.0353598007533154,0.0840894403028928,0.03855471371621835,0.28162110190977074,0,0,1,0
2016-07-01,JPM,Financials,0.0294495899606686,0.0356098007533154,0.00025,0.029199589960668598,0.0353598007533154,-0.047954593999211,0.05560155794623881,-0.057119371599003266,0,1,0,0
2016-07-01,KO,Consumer,-0.0301217060140374,0.0356098007533154,0.00025,-0.0303717060140374,0.0353598007533154,0.0163677174907763,0.03533527649550504,0.1933658869801722,0,0,0,1
2016-07-01,MCD,Consumer,-0.0151671744576529,0.0356098007533154,0.00025,-0.0154171744576529,0.0353598007533154,-0.0140913701744562,0.05648224544820659,0.2967180007576564,0,0,0,1
2016-07-01,MRK,Healthcare,0.0265383906671017,0.0356098007533154,0.00025,0.0262883906671017,0.0353598007533154,0.0239954467644856,0.05854411778080749,0.04638260707055997,0,0,1,0
2016-07-01,MS,Financials,0.1058504403482889,0.0356098007533154,0.00025,0.1056004403482889,0.0353598007533154,-0.0507855997721881,0.07703773452563892,-0.31680854008789217,0,1,0,0
2016-07-01,MSFT,Technology,0.1076802901813775,0.0356098007533154,0.00025,0.1074302901813775,0.0353598007533154,-0.0277755302217046,0.08046909401253433,0.19121639375613753,1,0,0,0
2016-07-01,NVDA,Technology,0.2146349920212058,0.0356098007533154,0.00025,0.2143849920212058,0.0353598007533154,0.0088199077948614,0.10688808845585973,1.3711187344175002,1,0,0,0
2016-07-01,PFE,Healthcare,0.0477136524914345,0.0356098007533154,0.00025,0.0474636524914345,0.0353598007533154,0.0237844628176389,0.0619357204700447,0.08722842796201014,0,0,1,0
2016-07-01,PG,Consumer,0.0108662536452639,0.0356098007533154,0.00025,0.0106162536452639,0.0353598007533154,0.0447924873581311,0.03911087055979849,0.11954202930123081,0,0,0,1
2016-07-01,UNH,Healthcare,0.0187830961300792,0.0356098007533154,0.00025,0.0185330961300792,0.0353598007533154,0.0563324559192903,0.038357208435669435,0.17718671612905768,0,0,1,0
2016-07-01,WMT,Consumer,-0.0006847095365593,0.0356098007533154,0.00025,-0.0009347095365593,0.0353598007533154,0.0392003260313951,0.06093078809424479,0.060623241982612264,0,0,0,1
2016-08-01,AAPL,Technology,0.0181366160800593,-0.0012192428990193,0.00025,0.0178866160800593,-0.0014692428990193,0.0900626025339867,0.08514402609329226,-0.12329956990644886,1,0,0,0
2016-08-01,ABBV,Healthcare,-0.0236643471322886,-0.0012192428990193,0.00025,-0.0239143471322886,-0.0014692428990193,0.0697789116579816,0.07089057181360071,-0.018734784196412835,0,0,1,0
2016-08-01,AMZN,Technology,0.0136398269272262,-0.0012192428990193,0.00025,0.013389826927226199,-0.0014692428990193,0.0603532665072741,0.09244117121415196,0.41529412158122536,1,0,0,0
2016-08-01,BAC,Financials,0.1138717607606205,-0.0012192428990193,0.00025,0.1136217607606205,-0.0014692428990193,0.095640787527611,0.08928392084637832,-0.17882073839392865,0,1,0,0
2016-08-01,C,Financials,0.0936569237703,-0.0012192428990193,0.00025,0.0934069237703,-0.0014692428990193,0.0334981451763325,0.08548746768429893,-0.24755503437455417,0,1,0,0
2016-08-01,COST,Consumer,-0.030678534530991,-0.0012192428990193,0.00025,-0.030928534530991002,-0.0014692428990193,0.0648246533990863,0.04992857008761229,0.1635754416990589,0,0,0,1
2016-08-01,GOOGL,Technology,-0.001882874652955,-0.0012192428990193,0.00025,-0.002132874652955,-0.0014692428990193,0.1248137634626944,0.07255535998238838,0.20355920820272289,1,0,0,0
2016-08-01,GS,Financials,0.0670612471248099,-0.0012192428990193,0.00025,0.0668112471248099,-0.0014692428990193,0.0688517218608053,0.0661305483122887,-0.213652658860631,0,1,0,0
2016-08-01,JNJ,Healthcare,-0.047033806429454,-0.0012192428990193,0.00025,-0.047283806429454,-0.0014692428990193,0.0323990036749841,0.03863912469929777,0.2868338688854932,0,0,1,0
2016-08-01,JPM,Financials,0.0633963943019177,-0.0012192428990193,0.00025,0.0631463943019177,-0.0014692428990193,0.0294495899606686,0.056280701275778534,-0.04025825452677212,0,1,0,0
2016-08-01,KO,Consumer,-0.0045838573533837,-0.0012192428990193,0.00025,-0.0048338573533837,-0.0014692428990193,-0.0301217060140374,0.03510994684855016,0.0962520134767697,0,0,0,1
2016-08-01,MCD,Consumer,-0.0169145883714154,-0.0012192428990193,0.00025,-0.0171645883714154,-0.0014692428990193,-0.0151671744576529,0.05679400634334832,0.21579387252858706,0,0,0,1
2016-08-01,MRK,Healthcare,0.0704056447445133,-0.0012192428990193,0.00025,0.0701556447445133,-0.0014692428990193,0.0265383906671017,0.05773633061829135,0.029338865778662626,0,0,1,0
2016-08-01,MS,Financials,0.1235947020159202,-0.0012192428990193,0.00025,0.1233447020159202,-0.0014692428990193,0.1058504403482889,0.08607894301848894,-0.2454647970744166,0,1,0,0
2016-08-01,MSFT,Technology,0.0137614846508977,-0.0012192428990193,0.00025,0.0135114846508977,-0.0014692428990193,0.1076802901813775,0.083951717327641,0.24743804313300388,1,0,0,0
2016-08-01,NVDA,Technology,0.0742554067558953,-0.0012192428990193,0.00025,0.0740054067558953,-0.0014692428990193,0.2146349920212058,0.10963193272314857,1.9031421655762322,1,0,0,0
2016-08-01,PFE,Healthcare,-0.0566549109474496,-0.0012192428990193,0.00025,-0.0569049109474496,-0.0014692428990193,0.0477136524914345,0.059696897357306856,0.059183654162794586,0,0,1,0
2016-08-01,PG,Consumer,0.0280890712994963,-0.0012192428990193,0.00025,0.0278390712994963,-0.0014692428990193,0.0108662536452639,0.03796951960977755,0.15442967650934158,0,0,0,1
2016-08-01,UNH,Healthcare,-0.0499303234461603,-0.0012192428990193,0.00025,-0.0501803234461603,-0.0014692428990193,0.0187830961300792,0.038073272936151085,0.20014180904308598,0,0,1,0
2016-08-01,WMT,Consumer,-0.020967528897162,-0.0012192428990193,0.00025,-0.021217528897162,-0.0014692428990193,-0.0006847095365593,0.06090706151100055,0.0444360447667822,0,0,0,1
2016-09-01,AAPL,Technology,0.0712760290277743,-0.0012344511393173,0.00024166666666666664,0.07103436236110763,-0.0014761178059839667,0.0181366160800593,0.0830136762700781,-0.03979690501710864,1,0,0,0
2016-09-01,ABBV,Healthcare,-0.0160687935956073,-0.0012344511393173,0.00024166666666666664,-0.01631046026227397,-0.0014761178059839667,-0.0236643471322886,0.06382772625377418,0.0667934916164965,0,0,1,0
2016-09-01,AMZN,Technology,0.0886031828092828,-0.0012344511393173,0.00024166666666666664,0.08836151614261613,-0.0014761178059839667,0.0136398269272262,0.08957069569983549,0.49965876054212766,1,0,0,0
2016-09-01,BAC,Financials,-0.0258466867213907,-0.0012344511393173,0.00024166666666666664,-0.02608835338805737,-0.0014761178059839667,0.1138717607606205,0.09288970387772709,0.0008952967618716112,0,1,0,0
2016-09-01,C,Financials,-0.0106833207512638,-0.0012344511393173,0.00024166666666666664,-0.010924987417930467,-0.0014761178059839667,0.0936569237703,0.08867773393936254,-0.10121767364330803,0,1,0,0
2016-09-01,COST,Consumer,-0.056574128479525,-0.0012344511393173,0.00024166666666666664,-0.056815795146191665,-0.0014761178059839667,-0.030678534530991,0.049454953104514636,0.17015869829009977,0,0,0,1
2016-09-01,GOOGL,Technology,0.017990533759902,-0.0012344511393173,0.00024166666666666664,0.01774886709323533,-0.0014761178059839667,-0.001882874652955,0.0721242493630915,0.2192432104889519,1,0,0,0
2016-09-01,GS,Financials,-0.0446086282877222,-0.0012344511393173,0.00024166666666666664,-0.044850294954388865,-0.0014761178059839667,0.0670612471248099,0.06714444391187133,-0.08764445092173279,0,1,0,0
2016-09-01,JNJ,Healthcare,-0.0035353832930571,-0.0012344511393173,0.00024166666666666664,-0.0037770499597237664,-0.0014761178059839667,-0.047033806429454,0.03578664397204273,0.30760205779571237,0,0,1,0
2016-09-01,JPM,Financials,-0.0134815577391425,-0.0012344511393173,0.00024166666666666664,-0.013723224405809167,-0.0014761178059839667,0.0633963943019177,0.05614265959080592,0.08403436329083047,0,1,0,0
2016-09-01,KO,Consumer,-0.0255587440659631,-0.0012344511393173,0.00024166666666666664,-0.02580041073262977,-0.0014761178059839667,-0.0045838573533837,0.0316121425522912,0.14007170925409174,0,0,0,1
2016-09-01,MCD,Consumer,0.0051577309307735,-0.0012344511393173,0.00024166666666666664,0.004916064264106833,-0.0014761178059839667,-0.0169145883714154,0.05411210803903302,0.25611016778942775,0,0,0,1
2016-09-01,MRK,Healthcare,-0.0060522317158797,-0.0012344511393173,0.00024166666666666664,-0.006293898382546367,-0.0014761178059839667,0.0704056447445133,0.05293353031842956,0.20636439179078936,0,0,1,0
2016-09-01,MS,Financials,0.0,-0.0012344511393173,0.00024166666666666664,-0.00024166666666666664,-0.0014761178059839667,0.1235947020159202,0.09014894201166411,-0.04782615348500274,0,1,0,0
2016-09-01,MSFT,Technology,0.0086841739300724,-0.0012344511393173,0.00024166666666666664,0.008442507263405733,-0.0014761178059839667,0.0137614846508977,0.0791811235322046,0.35700933550944836,1,0,0,0
2016-09-01,NVDA,Technology,0.1191113857877661,-0.0012344511393173,0.00024166666666666664,0.11886971912109943,-0.0014761178059839667,0.0742554067558953,0.1094228899433249,1.7677227860066034,1,0,0,0
2016-09-01,PFE,Healthcare,-0.0186339951520052,-0.0012344511393173,0.00024166666666666664,-0.01887566181867187,-0.0014761178059839667,-0.0566549109474496,0.05241618011459326,0.11825825135421897,0,0,1,0
2016-09-01,PG,Consumer,0.0279466653424951,-0.0012344511393173,0.00024166666666666664,0.027704998675828433,-0.0014761178059839667,0.0280890712994963,0.027398175893251057,0.27766420383648605,0,0,0,1
2016-09-01,UNH,Healthcare,0.0290332975366016,-0.0012344511393173,0.00024166666666666664,0.02879163086993493,-0.0014761178059839667,-0.0499303234461603,0.03852772271288478,0.1963918387578356,0,0,1,0
2016-09-01,WMT,Consumer,0.0164290960431834,-0.0012344511393173,0.00024166666666666664,0.01618742937651673,-0.0014761178059839667,-0.020967528897162,0.05197174267691006,0.13706424523660443,0,0,0,1
2016-10-01,AAPL,Technology,0.0043344201879116,-0.0194256789090344,0.000275,0.0040594201879116,-0.019700678909034403,0.0712760290277743,0.0852593643104621,0.04684571771279056,1,0,0,0
2016-10-01,ABBV,Healthcare,-0.115585801332216,-0.0194256789090344,0.000275,-0.115860801332216,-0.019700678909034403,-0.0160687935956073,0.048573250488107435,0.203983187310673,0,0,1,0
2016-10-01,AMZN,Technology,-0.0567173494891474,-0.0194256789090344,0.000275,-0.0569923494891474,-0.019700678909034403,0.0886031828092828,0.08972286644010938,0.6357225996876497,1,0,0,0
2016-10-01,BAC,Financials,0.0543130050875879,-0.0194256789090344,0.000275,0.0540380050875879,-0.019700678909034403,-0.0258466867213907,0.09205308095699226,0.02258782585026453,0,1,0,0
2016-10-01,C,Financials,0.040652352661344,-0.0194256789090344,0.000275,0.040377352661344006,-0.019700678909034403,-0.0106833207512638,0.08617802862927573,-0.04145569231672119,0,1,0,0
2016-10-01,COST,Consumer,-0.0304239392354865,-0.0194256789090344,0.000275,-0.0306989392354865,-0.019700678909034403,-0.056574128479525,0.05290828721416382,0.06651074039315907,0,0,0,1
2016-10-01,GOOGL,Technology,0.0072631152104507,-0.0194256789090344,0.000275,0.0069881152104507,-0.019700678909034403,0.017990533759902,0.07135612018392498,0.25955155605440794,1,0,0,0
2016-10-01,GS,Financials,0.1052271173872785,-0.0194256789090344,0.000275,0.1049521173872785,-0.019700678909034403,-0.0446086282877222,0.0647670816201233,-0.057149435456542386,0,1,0,0
2016-10-01,JNJ,Healthcare,-0.018115749185496,-0.0194256789090344,0.000275,-0.018390749185496002,-0.019700678909034403,-0.0035353832930571,0.036059186447569454,0.3018143896506451,0,0,1,0
2016-10-01,JPM,Financials,0.0400964602394107,-0.0194256789090344,0.000275,0.0398214602394107,-0.019700678909034403,-0.0134815577391425,0.05375410127903563,0.12432073499629692,0,1,0,0
2016-10-01,KO,Consumer,0.0100758036430734,-0.0194256789090344,0.000275,0.0098008036430734,-0.019700678909034403,-0.0255587440659631,0.03317402127838165,0.08878090286727658,0,0,0,1
2016-10-01,MCD,Consumer,-0.0241851447411942,-0.0194256789090344,0.000275,-0.0244601447411942,-0.019700678909034403,0.0051577309307735,0.05363905647602016,0.20697753314514222,0,0,0,1
2016-10-01,MRK,Healthcare,-0.0522258101319651,-0.0194256789090344,0.000275,-0.0525008101319651,-0.019700678909034403,-0.0060522317158797,0.04358215106045899,0.30734076610893024,0,0,1,0
2016-10-01,MS,Financials,0.047099491776487,-0.0194256789090344,0.000275,0.046824491776487,-0.019700678909034403,0.0,0.08606961154173871,0.04134560816789801,0,1,0,0
2016-10-01,MSFT,Technology,0.0402779850808767,-0.0194256789090344,0.000275,0.040002985080876706,-0.019700678909034403,0.0086841739300724,0.07938291626390366,0.33709109046557173,1,0,0,0
2016-10-01,NVDA,Technology,0.0385287898589992,-0.0194256789090344,0.000275,0.0382537898589992,-0.019700678909034403,0.1191113857877661,0.10965885529080956,1.812882757746713,1,0,0,0
2016-10-01,PFE,Healthcare,-0.0637731437241071,-0.0194256789090344,0.000275,-0.0640481437241071,-0.019700678909034403,-0.0186339951520052,0.052471376327070725,0.11699206313691923,0,0,1,0
2016-10-01,PG,Consumer,-0.0328688714121532,-0.0194256789090344,0.000275,-0.0331438714121532,-0.019700678909034403,0.0279466653424951,0.027450289288940995,0.29018518233951074,0,0,0,1
2016-10-01,UNH,Healthcare,0.0141615546855813,-0.0194256789090344,0.000275,0.0138865546855813,-0.019700678909034403,0.0290332975366016,0.038467313615678594,0.22783720818918218,0,0,1,0
2016-10-01,WMT,Consumer,-0.0291178568338442,-0.0194256789090344,0.000275,-0.0293928568338442,-0.019700678909034403,0.0164290960431834,0.05197342103220248,0.1459601213627748,0,0,0,1
2016-11-01,AAPL,Technology,-0.0265986586284189,0.034174521829295,0.00037500000000000006,-0.0269736586284189,0.033799521829295,0.0043344201879116,0.08182002806428669,-0.029559874349326276,1,0,0,0
2016-11-01,ABBV,Healthcare,0.1000467297612277,0.034174521829295,0.00037500000000000006,0.0996717297612277,0.033799521829295,-0.115585801332216,0.055358511005860395,-0.02708891693630433,0,0,1,0
2016-11-01,AMZN,Technology,-0.0496949044026711,0.034174521829295,0.00037500000000000006,-0.0500699044026711,0.033799521829295,-0.0567173494891474,0.07450011486265827,0.26189490438969365,1,0,0,0
2016-11-01,BAC,Financials,0.279999804463888,0.034174521829295,0.00037500000000000006,0.279624804463888,0.033799521829295,0.0543130050875879,0.09041954444066382,-0.0021858629833393373,0,1,0,0
2016-11-01,C,Financials,0.1473037951825515,0.034174521829295,0.00037500000000000006,0.1469287951825515,0.033799521829295,0.040652352661344,0.08427065853143924,-0.06927721342314452,0,1,0,0
2016-11-01,COST,Consumer,0.0151485040623564,0.034174521829295,0.00037500000000000006,0.0147735040623564,0.033799521829295,-0.0304239392354865,0.04602457801870439,-0.054550145400791616,0,0,0,1
2016-11-01,GOOGL,Technology,-0.0420051211641044,0.034174521829295,0.00037500000000000006,-0.0423801211641044,0.033799521829295,0.0072631152104507,0.05767147680564844,0.09833312961389318,1,0,0,0
2016-11-01,GS,Financials,0.2303072945111155,0.034174521829295,0.00037500000000000006,0.22993229451111552,0.033799521829295,0.1052271173872785,0.0681308876683509,-0.03429827563687615,0,1,0,0
2016-11-01,JNJ,Healthcare,-0.0404344069372333,0.034174521829295,0.00037500000000000006,-0.0408094069372333,0.033799521829295,-0.018115749185496,0.032475725274739124,0.18106366494602955,0,0,1,0
2016-11-01,JPM,Financials,0.1659361773072525,0.034174521829295,0.00037500000000000006,0.1655611773072525,0.033799521829295,0.0400964602394107,0.05290493264763767,0.10970295186950496,0,1,0,0
2016-11-01,KO,Consumer,-0.0483485780530192,0.034174521829295,0.00037500000000000006,-0.048723578053019204,0.033799521829295,0.0100758036430734,0.027960609183791566,0.03289380692936916,0,0,0,1
2016-11-01,MCD,Consumer,0.0595184815188234,0.034174521829295,0.00037500000000000006,0.0591434815188234,0.033799521829295,-0.0241851447411942,0.03836912829466947,0.03382847911757603,0,0,0,1
2016-11-01,MRK,Healthcare,0.0420642704078124,0.034174521829295,0.00037500000000000006,0.0416892704078124,0.033799521829295,-0.0522258101319651,0.03770468345652238,0.11004389162560613,0,0,1,0
2016-11-01,MS,Financials,0.2394325221912223,0.034174521829295,0.00037500000000000006,0.2390575221912223,0.033799521829295,0.047099491776487,0.08608785402549789,0.04177586887312068,0,1,0,0
2016-11-01,MSFT,Technology,0.0056743331778319,0.034174521829295,0.00037500000000000006,0.0052993331778319,0.033799521829295,0.0402779850808767,0.06132950149266244,0.16951535191782874,1,0,0,0
2016-11-01,NVDA,Technology,0.2956719657422528,0.034174521829295,0.00037500000000000006,0.2952969657422528,0.033799521829295,0.0385287898589992,0.10925265797033609,1.5382116541929078,1,0,0,0
2016-11-01,PFE,Healthcare,0.01356048943424,0.034174521829295,0.00037500000000000006,0.01318548943424,0.033799521829295,-0.0637731437241071,0.052023436407087474,-0.028762515154683532,0,0,1,0
2016-11-01,PG,Consumer,-0.0426658210608992,0.034174521829295,0.00037500000000000006,-0.0430408210608992,0.033799521829295,-0.0328688714121532,0.028505286455041558,0.1752441809139058,0,0,0,1
2016-11-01,UNH,Healthcare,0.1202152229274198,0.034174521829295,0.00037500000000000006,0.1198402229274198,0.033799521829295,0.0141615546855813,0.03847757162018991,0.22122911296142633,0,0,1,0
2016-11-01,WMT,Consumer,0.0058555216016595,0.034174521829295,0.00037500000000000006,0.0054805216016594995,0.033799521829295,-0.0291178568338442,0.03559912587468025,0.2603153267193534,0,0,0,1
2016-12-01,AAPL,Technology,0.0533356677424099,0.0182007624418658,0.00042500000000000003,0.0529106677424099,0.0177757624418658,-0.0265986586284189,0.08215484842300759,-0.04579020339034223,1,0,0,0
2016-12-01,ABBV,Healthcare,0.0299342516972145,0.0182007624418658,0.00042500000000000003,0.0295092516972145,0.0177757624418658,0.1000467297612277,0.06223846335429211,0.08599210417971581,0,0,1,0
2016-12-01,AMZN,Technology,-0.0009326204826226,0.0182007624418658,0.00042500000000000003,-0.0013576204826226,0.0177757624418658,-0.0496949044026711,0.07602239221904832,0.12901617654197728,1,0,0,0
2016-12-01,BAC,Financials,0.0502839475026795,0.0182007624418658,0.00042500000000000003,0.049858947502679496,0.0177757624418658,0.279999804463888,0.12068181761993663,0.22957209514054888,0,1,0,0
2016-12-01,C,Financials,0.0573958821400126,0.0182007624418658,0.00042500000000000003,0.0569708821400126,0.0177757624418658,0.1473037951825515,0.0947524942141738,0.04870077363146064,0,1,0,0
2016-12-01,COST,Consumer,0.0699005892752375,0.0182007624418658,0.00042500000000000003,0.0694755892752375,0.0177757624418658,0.0151485040623564,0.04577595336171506,-0.0598490802249666,0,0,0,1
2016-12-01,GOOGL,Technology,0.0213564571443309,0.0182007624418658,0.00042500000000000003,0.020931457144330902,0.0177757624418658,-0.0420051211641044,0.05885307854075502,0.01708050876273637,1,0,0,0
2016-12-01,GS,Financials,0.0953179765113292,0.0182007624418658,0.00042500000000000003,0.0948929765113292,0.0177757624418658,0.2303072945111155,0.09550692209795458,0.1723530730093994,0,1,0,0
2016-12-01,JNJ,Healthcare,0.0422834531118159,0.0182007624418658,0.00042500000000000003,0.0418584531118159,0.0177757624418658,-0.0404344069372333,0.03606702013394945,0.1309572204712124,0,0,1,0
2016-12-01,JPM,Financials,0.0763380740306185,0.0182007624418658,0.00042500000000000003,0.0759130740306185,0.0177757624418658,0.1659361773072525,0.0691774973242681,0.23776057126393124,0,1,0,0
2016-12-01,KO,Consumer,0.036195475875836,0.0182007624418658,0.00042500000000000003,0.035770475875836,0.0177757624418658,-0.0483485780530192,0.03159539837468151,-0.023272626980290312,0,0,0,1
2016-12-01,MCD,Consumer,0.0284776189127766,0.0182007624418658,0.00042500000000000003,0.0280526189127766,0.0177757624418658,0.0595184815188234,0.04156485945600596,0.07703430210993023,0,0,0,1
2016-12-01,MRK,Healthcare,-0.0379147607930417,0.0182007624418658,0.00042500000000000003,-0.0383397607930417,0.0177757624418658,0.0420642704078124,0.03656277762368045,0.19274177950063254,0,0,1,0
2016-12-01,MS,Financials,0.0215178867939844,0.0182007624418658,0.00042500000000000003,0.021092886793984397,0.0177757624418658,0.2394325221912223,0.1091119746928423,0.23536787656784353,0,1,0,0
2016-12-01,MSFT,Technology,0.0381643023238356,0.0182007624418658,0.00042500000000000003,0.0377393023238356,0.0177757624418658,0.0056743331778319,0.061117111790851546,0.13914672818009266,1,0,0,0
2016-12-01,NVDA,Technology,0.1594336475945248,0.0182007624418658,0.00042500000000000003,0.1590086475945248,0.0177757624418658,0.2956719657422528,0.12494139751696658,1.9413655898269329,1,0,0,0
2016-12-01,PFE,Healthcare,0.0206575611201458,0.0182007624418658,0.00042500000000000003,0.0202325611201458,0.0177757624418658,0.01356048943424,0.05128609599644162,0.015949596238094443,0,0,1,0
2016-12-01,PG,Consumer,0.0196457513424093,0.0182007624418658,0.00042500000000000003,0.019220751342409297,0.0177757624418658,-0.0426658210608992,0.032219736242430456,0.13802453313418073,0,0,0,1
2016-12-01,UNH,Healthcare,0.0148893128813414,0.0182007624418658,0.00042500000000000003,0.0144643128813414,0.0177757624418658,0.1202152229274198,0.04365112534670249,0.4295775837153546,0,0,1,0
2016-12-01,WMT,Consumer,-0.0186002945725904,0.0182007624418658,0.00042500000000000003,-0.019025294572590397,0.0177757624418658,0.0058555216016595,0.03572348654699002,0.2332240621248869,0,0,0,1
2017-01-01,AAPL,Technology,0.0477467174055727,0.0178843581983825,0.00042500000000000003,0.0473217174055727,0.0174593581983825,0.0533356677424099,0.07620737460354779,0.12480379085528348,1,0,0,0
2017-01-01,ABBV,Healthcare,-0.0241136425506147,0.0178843581983825,0.00042500000000000003,-0.0245386425506147,0.0174593581983825,0.0299342516972145,0.06248597930702519,0.09792023448820997,0,0,1,0
2017-01-01,AMZN,Technology,0.0981636831579693,0.0178843581983825,0.00042500000000000003,0.09773868315796931,0.0174593581983825,-0.0009326204826226,0.07611137507447994,0.10945572452950514,1,0,0,0
2017-01-01,BAC,Financials,0.024434447211419,0.0178843581983825,0.00042500000000000003,0.024009447211418997,0.0174593581983825,0.0502839475026795,0.11943841612636158,0.3374393741657429,0,1,0,0
2017-01-01,C,Financials,-0.0605752054904188,0.0178843581983825,0.00042500000000000003,-0.061000205490418805,0.0174593581983825,0.0573958821400126,0.09423816409178501,0.15903265865881022,0,1,0,0
2017-01-01,COST,Consumer,0.0239830729913803,0.0178843581983825,0.00042500000000000003,0.023558072991380297,0.0174593581983825,0.0699005892752375,0.05055281777687832,0.0027779967255425753,0,0,0,1
2017-01-01,GOOGL,Technology,0.0350053635041611,0.0178843581983825,0.00042500000000000003,0.0345803635041611,0.0174593581983825,0.0213564571443309,0.05889337070672789,0.018560229555032892,1,0,0,0
2017-01-01,GS,Financials,-0.0423053041215822,0.0178843581983825,0.00042500000000000003,-0.0427303041215822,0.0174593581983825,0.0953179765113292,0.09553989783359577,0.34923107551667965,0,1,0,0
2017-01-01,JNJ,Healthcare,-0.0170124653116224,0.0178843581983825,0.00042500000000000003,-0.0174374653116224,0.0174593581983825,0.0422834531118159,0.037093043817615766,0.15329224211688852,0,0,1,0
2017-01-01,JPM,Financials,-0.0192378480112271,0.0178843581983825,0.00042500000000000003,-0.0196628480112271,0.0174593581983825,0.0763380740306185,0.07025941566844786,0.345363492900405,0,1,0,0
2017-01-01,KO,Consumer,0.0026530615379181,0.0178843581983825,0.00042500000000000003,0.0022280615379181,0.0174593581983825,0.036195475875836,0.03312680460198019,-0.003571324072852766,0,0,0,1
2017-01-01,MCD,Consumer,0.0069832538237326,0.0178843581983825,0.00042500000000000003,0.0065582538237326,0.0174593581983825,0.0284776189127766,0.04062343294279307,0.06206103808464447,0,0,0,1
2017-01-01,MRK,Healthcare,0.0610785741931934,0.0178843581983825,0.00042500000000000003,0.0606535741931934,0.0174593581983825,-0.0379147607930417,0.03941550412453926,0.15164705979715487,0,0,1,0
2017-01-01,MS,Financials,0.0056805092566969,0.0178843581983825,0.00042500000000000003,0.0052555092566969,0.0174593581983825,0.0215178867939844,0.10490606815936016,0.36073196253290285,0,1,0,0
2017-01-01,MSFT,Technology,0.0403927075837364,0.0178843581983825,0.00042500000000000003,0.0399677075837364,0.0174593581983825,0.0381643023238356,0.061426188701604836,0.1507774762978975,1,0,0,0
2017-01-01,NVDA,Technology,0.0228594784685145,0.0178843581983825,0.00042500000000000003,0.0224344784685145,0.0174593581983825,0.1594336475945248,0.12459371657157695,2.2696021891159543,1,0,0,0
2017-01-01,PFE,Healthcare,-0.0230908747997294,0.0178843581983825,0.00042500000000000003,-0.0235158747997294,0.0174593581983825,0.0206575611201458,0.05144115872287504,0.04424843988010441,0,0,1,0
2017-01-01,PG,Consumer,0.0418649073301671,0.0178843581983825,0.00042500000000000003,0.0414399073301671,0.0174593581983825,0.0196457513424093,0.028396720582289977,0.09360277795621363,0,0,0,1
2017-01-01,UNH,Healthcare,0.012871711776706,0.0178843581983825,0.00042500000000000003,0.012446711776706,0.0174593581983825,0.0148893128813414,0.043684506236004395,0.3900606960514512,0,0,1,0
2017-01-01,WMT,Consumer,-0.0275219060669411,0.0178843581983825,0.00042500000000000003,-0.0279469060669411,0.0174593581983825,-0.0186002945725904,0.0363437430685834,0.1617163617101034,0,0,0,1
2017-02-01,AAPL,Technology,0.1288834223143369,0.0371981600668163,0.0004333333333333333,0.12845008898100355,0.03676482673348297,0.0477467174055727,0.07145004843049987,0.2743986762191799,1,0,0,0
2017-02-01,ABBV,Healthcare,0.0221559366574335,0.0371981600668163,0.0004333333333333333,0.021722603324100167,0.03676482673348297,-0.0241136425506147,0.05800914224052977,0.156146392059352,0,0,1,0
2017-02-01,AMZN,Technology,0.0261815495357073,0.0371981600668163,0.0004333333333333333,0.025748216202373966,0.03676482673348297,0.0981636831579693,0.06497855140941461,0.40286198470962753,1,0,0,0
2017-02-01,BAC,Financials,0.0901060421120061,0.0371981600668163,0.0004333333333333333,0.08967270877867277,0.03676482673348297,0.024434447211419,0.10389797043826136,0.626192417219634,0,1,0,0
2017-02-01,C,Financials,0.0712879463717701,0.0371981600668163,0.0004333333333333333,0.07085461303843678,0.03676482673348297,-0.0605752054904188,0.07684715929551171,0.3233126186207351,0,1,0,0
2017-02-01,COST,Consumer,0.0806957869696318,0.0371981600668163,0.0004333333333333333,0.08026245363629847,0.03676482673348297,0.0239830729913803,0.0463775506996282,0.09735713971551574,0,0,0,1
2017-02-01,GOOGL,Technology,0.0301635543706935,0.0371981600668163,0.0004333333333333333,0.029730221037360165,0.03676482673348297,0.0350053635041611,0.0590112089655812,0.07728387003895132,1,0,0,0
2017-02-01,GS,Financials,0.0817198946912465,0.0371981600668163,0.0004333333333333333,0.08128656135791318,0.03676482673348297,-0.0423053041215822,0.08922167777121408,0.44147368246147733,0,1,0,0
2017-02-01,JNJ,Healthcare,0.079116737656264,0.0371981600668163,0.0004333333333333333,0.07868340432293067,0.03676482673348297,-0.0170124653116224,0.03801692686660021,0.11500164169056126,0,0,1,0
2017-02-01,JPM,Financials,0.076703691210737,0.0371981600668163,0.0004333333333333333,0.07627035787740367,0.03676482673348297,-0.0192378480112271,0.060318195916456846,0.4642923073268572,0,1,0,0
2017-02-01,KO,Consumer,0.0093819376103538,0.0371981600668163,0.0004333333333333333,0.008948604277020468,0.03676482673348297,0.0026530615379181,0.033131864353331396,3.5536376263856084e-06,0,0,0,1
2017-02-01,MCD,Consumer,0.0414457323570736,0.0371981600668163,0.0004333333333333333,0.041012399023740265,0.03676482673348297,0.0069832538237326,0.03844100937941933,0.0207475102653345,0,0,0,1
2017-02-01,MRK,Healthcare,0.0625906025240374,0.0371981600668163,0.0004333333333333333,0.06215726919070407,0.03676482673348297,0.0610785741931934,0.038958363419901644,0.2629249393572113,0,0,1,0
2017-02-01,MS,Financials,0.079746791085477,0.0371981600668163,0.0004333333333333333,0.07931345775214367,0.03676482673348297,0.0056805092566969,0.08054220433748854,0.6820230007279764,0,1,0,0
2017-02-01,MSFT,Technology,-0.0103635207022705,0.0371981600668163,0.0004333333333333333,-0.010796854035603834,0.03676482673348297,0.0403927075837364,0.06151062628128416,0.20573627393523197,1,0,0,0
2017-02-01,NVDA,Technology,-0.0705259673058124,0.0371981600668163,0.0004333333333333333,-0.07095930063914573,0.03676482673348297,0.0228594784685145,0.1077909041163152,2.7633872980499534,1,0,0,0
2017-02-01,PFE,Healthcare,0.0753231729836485,0.0371981600668163,0.0004333333333333333,0.07488983965031518,0.03676482673348297,-0.0230908747997294,0.04877368085484057,0.08002564619991137,0,0,1,0
2017-02-01,PG,Consumer,0.0478515935211563,0.0371981600668163,0.0004333333333333333,0.04741826018782297,0.03676482673348297,0.0418649073301671,0.02950707509408235,0.10758544523949065,0,0,0,1
2017-02-01,UNH,Healthcare,0.0202344735093571,0.0371981600668163,0.0004333333333333333,0.019801140176023767,0.03676482673348297,0.012871711776706,0.04166464922067523,0.4320883918704794,0,0,1,0
2017-02-01,WMT,Consumer,0.0627810233409573,0.0371981600668163,0.0004333333333333333,0.06234769000762396,0.03676482673348297,-0.0275219060669411,0.02835856542687189,0.034931319675757244,0,0,0,1
2017-03-01,AAPL,Technology,0.0532361104882523,-0.0003891971352694,0.0006166666666666667,0.052619443821585635,-0.0010058638019360667,0.1288834223143369,0.07687790677645384,0.4483185612809577,1,0,0,0
2017-03-01,ABBV,Healthcare,0.0536868910199335,-0.0003891971352694,0.0006166666666666667,0.05307022435326683,-0.0010058638019360667,0.0221559366574335,0.05798851838002435,0.17568896532019873,0,0,1,0
2017-03-01,AMZN,Technology,0.0491101206308208,-0.0003891971352694,0.0006166666666666667,0.04849345396415413,-0.0010058638019360667,0.0261815495357073,0.05869573348968272,0.5294287896006493,1,0,0,0
2017-03-01,BAC,Financials,-0.0441654224063768,-0.0003891971352694,0.0006166666666666667,-0.04478208907304347,-0.0010058638019360667,0.0901060421120061,0.09116076914636036,1.0021002794268963,0,1,0,0
2017-03-01,C,Financials,0.0030300355628871,-0.0003891971352694,0.0006166666666666667,0.0024133688962204333,-0.0010058638019360667,0.0712879463717701,0.06888398403410667,0.5518421465250933,0,1,0,0
2017-03-01,COST,Consumer,-0.0510122438517676,-0.0003891971352694,0.0006166666666666667,-0.05162891051843427,-0.0010058638019360667,0.0806957869696318,0.05039510285789613,0.19452512836313685,0,0,0,1
2017-03-01,GOOGL,Technology,0.0033970021478819,-0.0003891971352694,0.0006166666666666667,0.002780335481215233,-0.0010058638019360667,0.0301635543706935,0.05546097893253184,0.1780623129987593,1,0,0,0
2017-03-01,GS,Financials,-0.0715133228977157,-0.0003891971352694,0.0006166666666666667,-0.07212998956438237,-0.0010058638019360667,0.0817198946912465,0.08308278983470314,0.6847172427185755,0,1,0,0
2017-03-01,JNJ,Healthcare,0.0258912239191746,-0.0003891971352694,0.0006166666666666667,0.02527455725250793,-0.0010058638019360667,0.079116737656264,0.042930255545702005,0.19441066884962588,0,0,1,0
2017-03-01,JPM,Financials,-0.0306771515315814,-0.0003891971352694,0.0006166666666666667,-0.031293818198248065,-0.0010058638019360667,0.076703691210737,0.05556196324986616,0.6551176809178969,0,1,0,0
2017-03-01,KO,Consumer,0.0114396878373397,-0.0003891971352694,0.0006166666666666667,0.010823021170673033,-0.0010058638019360667,0.0093819376103538,0.03321127089076955,0.004470658302057284,0,0,0,1
2017-03-01,MCD,Consumer,0.0228279096112127,-0.0003891971352694,0.0006166666666666667,0.02221124294454603,-0.0010058638019360667,0.0414457323570736,0.03559973447195657,0.12283213398245674,0,0,0,1
2017-03-01,MRK,Healthcare,-0.035372666846254,-0.0003891971352694,0.0006166666666666667,-0.03598933351292067,-0.0010058638019360667,0.0625906025240374,0.039528596729042124,0.3542665516102841,0,0,1,0
2017-03-01,MS,Financials,-0.0619662322358756,-0.0003891971352694,0.0006166666666666667,-0.06258289890254226,-0.0010058638019360667,0.079746791085477,0.07608447434239296,0.8917254869522337,0,1,0,0
2017-03-01,MSFT,Technology,0.0356244947758919,-0.0003891971352694,0.0006166666666666667,0.03500782810922523,-0.0010058638019360667,-0.0103635207022705,0.05495199822800076,0.29197393243011516,1,0,0,0
2017-03-01,NVDA,Technology,0.0747683449092424,-0.0003891971352694,0.0006166666666666667,0.07415167824257574,-0.0010058638019360667,-0.0705259673058124,0.12075513407084498,2.2670765499992624,1,0,0,0
2017-03-01,PFE,Healthcare,0.0128523690736133,-0.0003891971352694,0.0006166666666666667,0.012235702406946634,-0.0010058638019360667,0.0753231729836485,0.05108987938477409,0.1934744099845498,0,0,1,0
2017-03-01,PG,Consumer,-0.0133965606188481,-0.0003891971352694,0.0006166666666666667,-0.014013227285514766,-0.0010058638019360667,0.0478515935211563,0.03092249379554633,0.1706187352470292,0,0,0,1
2017-03-01,UNH,Healthcare,-0.0082840736878454,-0.0003891971352694,0.0006166666666666667,-0.008900740354512066,-0.0010058638019360667,0.0202344735093571,0.04176638020707085,0.41273194502570254,0,0,1,0
2017-03-01,WMT,Consumer,0.0162131045399147,-0.0003891971352694,0.0006166666666666667,0.015596437873248032,-0.0010058638019360667,0.0627810233409573,0.03309582584741049,0.10023654460970377,0,0,0,1
2017-04-01,AAPL,Technology,-6.987336372210606e-05,0.0090912087488546,0.0006666666666666666,-0.0007365400303887727,0.008424542082187934,0.0532361104882523,0.07070798253171758,0.345967429326105,1,0,0,0
2017-04-01,ABBV,Healthcare,0.0119703157625088,0.0090912087488546,0.0006666666666666666,0.011303649095842134,0.008424542082187934,0.0536868910199335,0.058403124231351244,0.18437149390461216,0,0,1,0
2017-04-01,AMZN,Technology,0.0433708715886678,0.0090912087488546,0.0006666666666666666,0.04270420492200113,0.008424542082187934,0.0491101206308208,0.057697852880131795,0.49339669999503943,1,0,0,0
2017-04-01,BAC,Financials,-0.0075820773018204,0.0090912087488546,0.0006666666666666666,-0.008248743968487066,0.008424542082187934,-0.0441654224063768,0.09598564399931807,0.7721322913127602,0,1,0,0
2017-04-01,C,Financials,-0.0117016378374394,0.0090912087488546,0.0006666666666666666,-0.012368304504106066,0.008424542082187934,0.0030300355628871,0.0686583218520922,0.4484254189456105,0,1,0,0
2017-04-01,COST,Consumer,0.0586198290851989,0.0090912087488546,0.0006666666666666666,0.05795316241853223,0.008424542082187934,-0.0510122438517676,0.05236012247550752,0.0763587958561811,0,0,0,1
2017-04-01,GOOGL,Technology,0.0904929413789823,0.0090912087488546,0.0006666666666666666,0.08982627471231563,0.008424542082187934,0.0033970021478819,0.05335342158359294,0.11128592320408615,1,0,0,0
2017-04-01,GS,Financials,-0.0257704849398648,0.0090912087488546,0.0006666666666666666,-0.026437151606531466,0.008424542082187934,-0.0715133228977157,0.08979649897756936,0.48355522594496425,0,1,0,0
2017-04-01,JNJ,Healthcare,-0.0086711726644553,0.0090912087488546,0.0006666666666666666,-0.009337839331121965,0.008424542082187934,0.0258912239191746,0.042600269986197696,0.18290245697141883,0,0,1,0
2017-04-01,JPM,Financials,-0.0095629539205579,0.0090912087488546,0.0006666666666666666,-0.010229620587224566,0.008424542082187934,-0.0306771515315814,0.059500099344019494,0.5252365363016391,0,1,0,0
2017-04-01,KO,Consumer,0.0257030702424798,0.0090912087488546,0.0006666666666666666,0.025036403575813135,0.008424542082187934,0.0114396878373397,0.02396850274256532,-0.05543345885264861,0,0,0,1
2017-04-01,MCD,Consumer,0.0796237414175455,0.0090912087488546,0.0006666666666666666,0.07895707475087883,0.008424542082187934,0.0228279096112127,0.02840959981989963,0.06283074088838037,0,0,0,1
2017-04-01,MRK,Healthcare,-0.0119643223944669,0.0090912087488546,0.0006666666666666666,-0.012630989061133566,0.008424542082187934,-0.035372666846254,0.04218508813108974,0.2396985315387905,0,0,1,0
2017-04-01,MS,Financials,0.0123716671302989,0.0090912087488546,0.0006666666666666666,0.011705000463632233,0.008424542082187934,-0.0619662322358756,0.08278528568241642,0.7525072193287252,0,1,0,0
2017-04-01,MSFT,Technology,0.0394779359929517,0.0090912087488546,0.0006666666666666666,0.03881126932628503,0.008424542082187934,0.0356244947758919,0.050590874129677464,0.22382944772419,1,0,0,0
2017-04-01,NVDA,Technology,-0.0425042971493554,0.0090912087488546,0.0006666666666666666,-0.04317096381602207,0.008424542082187934,0.0747683449092424,0.12072245224905974,2.0793212302559643,1,0,0,0
2017-04-01,PFE,Healthcare,-0.0084771756277054,0.0090912087488546,0.0006666666666666666,-0.009143842294372066,0.008424542082187934,0.0128523690736133,0.05105421735822016,0.19799276544435807,0,0,1,0
2017-04-01,PG,Consumer,-0.0280465877376169,0.0090912087488546,0.0006666666666666666,-0.028713254404283566,0.008424542082187934,-0.0133965606188481,0.03161367831352631,0.12659291684790763,0,0,0,1
2017-04-01,UNH,Healthcare,0.0702507615223524,0.0090912087488546,0.0006666666666666666,0.06958409485568574,0.008424542082187934,-0.0082840736878454,0.039581675670096364,0.29451150556780625,0,0,1,0
2017-04-01,WMT,Consumer,0.0506768159005739,0.0090912087488546,0.0006666666666666666,0.05001014923390723,0.008424542082187934,0.0162131045399147,0.03235348488548517,0.08297713869999157,0,0,0,1
2017-05-01,AAPL,Technology,0.0634185311592616,0.0115762512463286,0.0007416666666666666,0.06267686449259494,0.010834584579661934,-6.987336372210606e-05,0.04873000728377252,0.5648254333087392,1,0,0,0
2017-05-01,ABBV,Healthcare,0.0111741382060797,0.0115762512463286,0.0007416666666666666,0.010432471539413034,0.010834584579661934,0.0119703157625088,0.05604802709718314,0.12231332819543428,0,0,1,0
2017-05-01,AMZN,Technology,0.0752764613149639,0.0115762512463286,0.0007416666666666666,0.07453479464829724,0.010834584579661934,0.0433708715886678,0.05272683204075395,0.40237118608347755,1,0,0,0
2017-05-01,BAC,Financials,-0.0398453362253118,0.0115762512463286,0.0007416666666666666,-0.04058700289197847,0.010834584579661934,-0.0075820773018204,0.0970133614814171,0.6268843357569922,0,1,0,0
2017-05-01,C,Financials,0.0267525399535752,0.0115762512463286,0.0007416666666666666,0.026010873286908532,0.010834584579661934,-0.0117016378374394,0.06540785265647611,0.2913597278542961,0,1,0,0
2017-05-01,COST,Consumer,0.0163927239964891,0.0115762512463286,0.0007416666666666666,0.015651057329822433,0.010834584579661934,0.0586198290851989,0.049608205496775463,0.21214721986980734,0,0,0,1
2017-05-01,GOOGL,Technology,0.0676783421961924,0.0115762512463286,0.0007416666666666666,0.06693667552952573,0.010834584579661934,0.0904929413789823,0.05117531161747864,0.306040825406912,1,0,0,0
2017-05-01,GS,Financials,-0.0560320890201678,0.0115762512463286,0.0007416666666666666,-0.056773755686834466,0.010834584579661934,-0.0257704849398648,0.09151723456789407,0.38252939291386157,0,1,0,0
2017-05-01,JNJ,Healthcare,0.0387137108723785,0.0115762512463286,0.0007416666666666666,0.03797204420571183,0.010834584579661934,-0.0086711726644553,0.04254917323614404,0.13204991754440276,0,0,1,0
2017-05-01,JPM,Financials,-0.0503218765287285,0.0115762512463286,0.0007416666666666666,-0.05106354319539517,0.010834584579661934,-0.0095629539205579,0.060121723046240895,0.41551849396194385,0,1,0,0
2017-05-01,KO,Consumer,0.0537661398470794,0.0115762512463286,0.0007416666666666666,0.05302447318041273,0.010834584579661934,0.0257030702424798,0.02431810248081423,-0.004533383687436943,0,0,0,1
2017-05-01,MCD,Consumer,0.0783247405675042,0.0115762512463286,0.0007416666666666666,0.07758307390083753,0.010834584579661934,0.0796237414175455,0.03558822429169657,0.14010936824841735,0,0,0,1
2017-05-01,MRK,Healthcare,0.0446012169555052,0.0115762512463286,0.0007416666666666666,0.043859550288838534,0.010834584579661934,-0.0119643223944669,0.04214695803223864,0.17151041773064057,0,0,1,0
2017-05-01,MS,Financials,-0.0332260017452421,0.0115762512463286,0.0007416666666666666,-0.03396766841190877,0.010834584579661934,0.0123716671302989,0.0828381288813593,0.639780416245542,0,1,0,0
2017-05-01,MSFT,Technology,0.0201574426079513,0.0115762512463286,0.0007416666666666666,0.019415775941284633,0.010834584579661934,0.0394779359929517,0.035398760778807804,0.40887334732178915,1,0,0,0
2017-05-01,NVDA,Technology,0.383988374190026,0.0115762512463286,0.0007416666666666666,0.3832467075233594,0.010834584579661934,-0.0425042971493554,0.12440722799489332,1.9567356899032742,1,0,0,0
2017-05-01,PFE,Healthcare,-0.0374412623925178,0.0115762512463286,0.0007416666666666666,-0.03818292905918447,0.010834584579661934,-0.0084771756277054,0.043309194654725804,0.07635224020613762,0,0,1,0
2017-05-01,PG,Consumer,0.0164262578429335,0.0115762512463286,0.0007416666666666666,0.015684591176266832,0.010834584579661934,-0.0280465877376169,0.03176944692122262,0.12492616336522544,0,0,0,1
2017-05-01,UNH,Healthcare,0.0017155708113627,0.0115762512463286,0.0007416666666666666,0.0009739041446960333,0.010834584579661934,0.0702507615223524,0.0419353264095311,0.3506286704637016,0,0,1,0
2017-05-01,WMT,Consumer,0.045491052630322,0.0115762512463286,0.0007416666666666666,0.04474938596365533,0.010834584579661934,0.0506768159005739,0.03368256846136645,0.15686039180489209,0,0,0,1
2017-06-01,AAPL,Technology,-0.0533221696762752,0.0048137752078125,0.0008166666666666666,-0.054138836342941865,0.003997108541145833,0.0634185311592616,0.048641515809631754,0.5620808435460725,1,0,0,0
2017-06-01,ABBV,Healthcare,0.0983036831265833,0.0048137752078125,0.0008166666666666666,0.09748701645991664,0.003997108541145833,0.0111741382060797,0.05522877277048796,0.08957962441065326,0,0,1,0
2017-06-01,AMZN,Technology,-0.0267639398764241,0.0048137752078125,0.0008166666666666666,-0.027580606543090767,0.003997108541145833,0.0752764613149639,0.05068376289174519,0.3760843247654868,1,0,0,0
2017-06-01,BAC,Financials,0.0861073850837612,0.0048137752078125,0.0008166666666666666,0.08529071841709454,0.003997108541145833,-0.0398453362253118,0.09984225974823112,0.5377690075521129,0,1,0,0
2017-06-01,C,Financials,0.1047241420011246,0.0048137752078125,0.0008166666666666666,0.10390747533445795,0.003997108541145833,0.0267525399535752,0.06521262644061654,0.31625867526849016,0,1,0,0
2017-06-01,COST,Consumer,-0.0751153805715435,0.0048137752078125,0.0008166666666666666,-0.07593204723821016,0.003997108541145833,0.0163927239964891,0.04951108533422565,0.22309938492460013,0,0,0,1
2017-06-01,GOOGL,Technology,-0.0581608153914413,0.0048137752078125,0.0008166666666666666,-0.05897748205810797,0.003997108541145833,0.0676783421961924,0.05184484387590711,0.31814097521054996,1,0,0,0
2017-06-01,GS,Financials,0.0539003858477211,0.0048137752078125,0.0008166666666666666,0.05308371918105443,0.003997108541145833,-0.0560320890201678,0.0934837284994308,0.34295180405782366,0,1,0,0
2017-06-01,JNJ,Healthcare,0.0383413633087741,0.0048137752078125,0.0008166666666666666,0.03752469664210743,0.003997108541145833,0.0387137108723785,0.043218528463390665,0.16951076918470465,0,0,1,0
2017-06-01,JPM,Financials,0.112598944746751,0.0048137752078125,0.0008166666666666666,0.11178227808008434,0.003997108541145833,-0.0503218765287285,0.06437877119328392,0.2920874191644669,0,1,0,0
2017-06-01,KO,Consumer,-0.0136355181544649,0.0048137752078125,0.0008166666666666666,-0.014452184821131567,0.003997108541145833,0.0537661398470794,0.028771207501705264,0.05369302169276602,0,0,0,1
2017-06-01,MCD,Consumer,0.0150440149973534,0.0048137752078125,0.0008166666666666666,0.014227348330686732,0.003997108541145833,0.0783247405675042,0.0371115702558384,0.27402784079341935,0,0,0,1
2017-06-01,MRK,Healthcare,-0.0156656804002502,0.0048137752078125,0.0008166666666666666,-0.016482347066916866,0.003997108541145833,0.0446012169555052,0.042961510748832636,0.19287337058034226,0,0,1,0
2017-06-01,MS,Financials,0.0675612035417378,0.0048137752078125,0.0008166666666666666,0.06674453687507113,0.003997108541145833,-0.0332260017452421,0.08560192696454448,0.5588078336233369,0,1,0,0
2017-06-01,MSFT,Technology,-0.00737215894195,0.0048137752078125,0.0008166666666666666,-0.008188825608616666,0.003997108541145833,0.0201574426079513,0.03386595532832126,0.35239208964100666,1,0,0,0
2017-06-01,NVDA,Technology,0.0025096180452677,0.0048137752078125,0.0008166666666666666,0.0016929513786010336,0.003997108541145833,0.383988374190026,0.1362431791813245,2.1119827026666034,1,0,0,0
2017-06-01,PFE,Healthcare,0.0387482537846384,0.0048137752078125,0.0008166666666666666,0.03793158711797173,0.003997108541145833,-0.0374412623925178,0.04145736175216186,-0.023363748374989002,0,0,1,0
2017-06-01,PG,Consumer,-0.0106706674822413,0.0048137752078125,0.0008166666666666666,-0.011487334148907968,0.003997108541145833,0.0164262578429335,0.031693657375805755,0.12123963834194673,0,0,0,1
2017-06-01,UNH,Healthcare,0.0584541083761298,0.0048137752078125,0.0008166666666666666,0.05763744170946313,0.003997108541145833,0.0017155708113627,0.04243096547558802,0.3328038098793389,0,0,1,0
2017-06-01,WMT,Consumer,-0.0307068735228051,0.0048137752078125,0.0008166666666666666,-0.03152354018947177,0.003997108541145833,0.045491052630322,0.03225823876932422,0.1426728581183443,0,0,0,1
2017-07-01,AAPL,Technology,0.0327034027485388,0.0193488260011018,0.0008916666666666668,0.031811736081872134,0.018457159334435133,-0.0533221696762752,0.05114455127377806,0.5353351432279125,1,0,0,0
2017-07-01,ABBV,Healthcare,-0.0358571362355483,0.0193488260011018,0.0008916666666666668,-0.036748802902214966,0.018457159334435133,0.0983036831265833,0.06022134355639013,0.21640558135276744,0,0,1,0
2017-07-01,AMZN,Technology,0.0204338508658337,0.0193488260011018,0.0008916666666666668,0.019542184199167034,0.018457159334435133,-0.0267639398764241,0.0520479084847534,0.3526733160095339,1,0,0,0
2017-07-01,BAC,Financials,-0.0057703562036121,0.0193488260011018,0.0008916666666666668,-0.006662022870278767,0.018457159334435133,0.0861073850837612,0.0895223028341528,0.8614917279108656,0,1,0,0
2017-07-01,C,Financials,0.0234749493747146,0.0193488260011018,0.0008916666666666668,0.022583282708047936,0.018457159334435133,0.1047241420011246,0.057829315100282996,0.5974884843240593,0,1,0,0
2017-07-01,COST,Consumer,-0.008878988485552,0.0193488260011018,0.0008916666666666668,-0.009770655152218668,0.018457159334435133,-0.0751153805715435,0.05461342438594937,0.07165396145925951,0,0,0,1
2017-07-01,GOOGL,Technology,0.0170166578354749,0.0193488260011018,0.0008916666666666668,0.016124991168808233,0.018457159334435133,-0.0581608153914413,0.05149656187830918,0.3214506636464751,1,0,0,0
2017-07-01,GS,Financials,0.0154575458076178,0.0193488260011018,0.0008916666666666668,0.014565879140951133,0.018457159334435133,0.0539003858477211,0.08889187173542093,0.5129658428781998,0,1,0,0
2017-07-01,JNJ,Healthcare,0.0032505057621896,0.0193488260011018,0.0008916666666666668,0.002358839095522933,0.018457159334435133,0.0383413633087741,0.03819740490539328,0.12015795130358553,0,0,1,0
2017-07-01,JPM,Financials,0.0043765921016798,0.0193488260011018,0.0008916666666666668,0.0034849254350131334,0.018457159334435133,0.112598944746751,0.0648850976950805,0.5099858578402172,0,1,0,0
2017-07-01,KO,Consumer,0.0304849106582352,0.0193488260011018,0.0008916666666666668,0.029593243991568534,0.018457159334435133,-0.0136355181544649,0.028972551207213485,0.022587940841079845,0,0,0,1
2017-07-01,MCD,Consumer,0.0192772860854353,0.0193488260011018,0.0008916666666666668,0.018385619418768633,0.018457159334435133,0.0150440149973534,0.0355262781957272,0.3116776703396862,0,0,0,1
2017-07-01,MRK,Healthcare,0.0040520592596275,0.0193488260011018,0.0008916666666666668,0.0031603925929608334,0.018457159334435133,-0.0156656804002502,0.043778553531666674,0.146671307288458,0,0,1,0
2017-07-01,MS,Financials,0.0525134323741049,0.0193488260011018,0.0008916666666666668,0.05162176570743823,0.018457159334435133,0.0675612035417378,0.08077536937207284,0.7531579446685899,0,1,0,0
2017-07-01,MSFT,Technology,0.0546927326812676,0.0193488260011018,0.0008916666666666668,0.05380106601460093,0.018457159334435133,-0.00737215894195,0.031339727200424536,0.3807737636046762,1,0,0,0
2017-07-01,NVDA,Technology,0.1241699560255558,0.0193488260011018,0.0008916666666666668,0.12327828935888914,0.018457159334435133,0.0025096180452677,0.13666635528566476,2.092516876905417,1,0,0,0
2017-07-01,PFE,Healthcare,-0.0128014998985035,0.0193488260011018,0.0008916666666666668,-0.013693166565170167,0.018457159334435133,0.0387482537846384,0.042488791843990535,-0.00908908290498378,0,0,1,0
2017-07-01,PG,Consumer,0.0421116047156382,0.0193488260011018,0.0008916666666666668,0.04121993804897153,0.018457159334435133,-0.0106706674822413,0.030172909470321318,0.06171826120056778,0,0,0,1
2017-07-01,UNH,Healthcare,0.038734465676663,0.0193488260011018,0.0008916666666666668,0.037842799009996334,0.018457159334435133,0.0584541083761298,0.04257745673515194,0.33548075733264326,0,0,1,0
2017-07-01,WMT,Consumer,0.0569500707977947,0.0193488260011018,0.0008916666666666668,0.05605840413112803,0.018457159334435133,-0.0307068735228051,0.03313037345073231,0.06580504205182591,0,0,0,1
2017-08-01,AAPL,Technology,0.1026692151987733,0.0005464330198532,0.0008416666666666667,0.10182754853210663,-0.0002952336468134667,0.0327034027485388,0.04839573998569186,0.454545659198913,1,0,0,0
2017-08-01,ABBV,Healthcare,0.0867808365778664,0.0005464330198532,0.0008416666666666667,0.08593916991119972,-0.0002952336468134667,-0.0358571362355483,0.059704442220258655,0.09629078300570515,0,0,1,0
2017-08-01,AMZN,Technology,-0.0072688485312847,0.0005464330198532,0.0008416666666666667,-0.008110515197951366,-0.0002952336468134667,0.0204338508658337,0.05096703327367661,0.3017488458027924,1,0,0,0
2017-08-01,BAC,Financials,-0.0095359756395024,0.0005464330198532,0.0008416666666666667,-0.010377642306169065,-0.0002952336468134667,-0.0057703562036121,0.0902691503548525,0.6891943770613793,0,1,0,0
2017-08-01,C,Financials,-0.0061360156319085,0.0005464330198532,0.0008416666666666667,-0.006977682298575167,-0.0002952336468134667,0.0234749493747146,0.05802396551909667,0.5819955296981187,0,1,0,0
2017-08-01,COST,Consumer,-0.0111669420269115,0.0005464330198532,0.0008416666666666667,-0.012008608693578166,-0.0002952336468134667,-0.008878988485552,0.051598348033508115,-0.0025223825496020202,0,0,0,1
2017-08-01,GOOGL,Technology,0.0103014229806184,0.0005464330198532,0.0008416666666666667,0.009459756313951734,-0.0002952336468134667,0.0170166578354749,0.040713636272671855,0.19480875953984667,1,0,0,0
2017-08-01,GS,Financials,-0.0070562651823358,0.0005464330198532,0.0008416666666666667,-0.007897931849002466,-0.0002952336468134667,0.0154575458076178,0.08857095230706587,0.4373860754278944,0,1,0,0
2017-08-01,JNJ,Healthcare,-0.0026369538664788,0.0005464330198532,0.0008416666666666667,-0.003478620533145467,-0.0002952336468134667,0.0032505057621896,0.03757650791881119,0.08853168898703312,0,0,1,0
2017-08-01,JPM,Financials,-0.0044669528513543,0.0005464330198532,0.0008416666666666667,-0.005308619518020967,-0.0002952336468134667,0.0043765921016798,0.06554261824983791,0.4732090476399453,0,1,0,0
2017-08-01,KO,Consumer,-0.0063265098318903,0.0005464330198532,0.0008416666666666667,-0.007168176498556967,-0.0002952336468134667,0.0304849106582352,0.028085935634950276,0.08648832476403512,0,0,0,1
2017-08-01,MCD,Consumer,0.0311330716730167,0.0005464330198532,0.0008416666666666667,0.030291405006350032,-0.0002952336468134667,0.0192772860854353,0.03345560366016094,0.3575535069177218,0,0,0,1
2017-08-01,MRK,Healthcare,-0.0003128797746346,0.0005464330198532,0.0008416666666666667,-0.0011545464413012666,-0.0002952336468134667,0.0040520592596275,0.04359644558394729,0.12155346341086726,0,0,1,0
2017-08-01,MS,Financials,-0.0246862318707465,0.0005464330198532,0.0008416666666666667,-0.025527898537413166,-0.0002952336468134667,0.0525134323741049,0.07890694133253394,0.6686002179968509,0,1,0,0
2017-08-01,MSFT,Technology,0.0284738649021432,0.0005464330198532,0.0008416666666666667,0.02763219823547653,-0.0002952336468134667,0.0546927326812676,0.021104990139254647,0.3147223678705644,1,0,0,0
2017-08-01,NVDA,Technology,0.0426435517314183,0.0005464330198532,0.0008416666666666667,0.04180188506475164,-0.0002952336468134667,0.1241699560255558,0.13256636224401508,1.8621887104816395,1,0,0,0
2017-08-01,PFE,Healthcare,0.0229191409405951,0.0005464330198532,0.0008416666666666667,0.02207747427392843,-0.0002952336468134667,-0.0128014998985035,0.0398272320836341,-0.06632335203020023,0,0,1,0
2017-08-01,PG,Consumer,0.0239358660683519,0.0005464330198532,0.0008416666666666667,0.023094199401685233,-0.0002952336468134667,0.0421116047156382,0.03197967384606441,0.09453542142271631,0,0,0,1
2017-08-01,UNH,Healthcare,0.0369637191457004,0.0005464330198532,0.0008416666666666667,0.03612205247903374,-0.0002952336468134667,0.038734465676663,0.04269350525415793,0.36163418509671486,0,0,1,0
2017-08-01,WMT,Consumer,-0.0240027737874444,0.0005464330198532,0.0008416666666666667,-0.024844440454111067,-0.0002952336468134667,0.0569500707977947,0.03614230143711075,0.12727457030193023,0,0,0,1
2017-09-01,AAPL,Technology,-0.0565535055172977,0.0193029785621676,0.0008583333333333333,-0.05741183885063104,0.018444645228834267,0.1026692151987733,0.05208573320402885,0.5753118934812274,1,0,0,0
2017-09-01,ABBV,Healthcare,0.1800796469576153,0.0193029785621676,0.0008583333333333333,0.17922131362428198,0.018444645228834267,0.0867808365778664,0.06259822035535449,0.22030554839215455,0,0,1,0
2017-09-01,AMZN,Technology,-0.0196307920690396,0.0193029785621676,0.0008583333333333333,-0.020489125402372934,0.018444645228834267,-0.0072688485312847,0.05168300147156046,0.27489725273951415,1,0,0,0
2017-09-01,BAC,Financials,0.0661204904653636,0.0193029785621676,0.0008583333333333333,0.06526215713203026,0.018444645228834267,-0.0095359756395024,0.08910360104519026,0.5020456748888682,0,1,0,0
2017-09-01,C,Financials,0.0741856967286076,0.0193029785621676,0.0008583333333333333,0.07332736339527426,0.018444645228834267,-0.0061360156319085,0.05684318413145702,0.437643145876073,0,1,0,0
2017-09-01,COST,Consumer,0.0515205498179913,0.0193029785621676,0.0008583333333333333,0.05066221648465796,0.018444645228834267,-0.0111669420269115,0.05081059137254141,0.01755596864446285,0,0,0,1
2017-09-01,GOOGL,Technology,0.0193458333105032,0.0193029785621676,0.0008583333333333333,0.018487499977169867,0.018444645228834267,0.0103014229806184,0.04038607994258423,0.20939412750091901,1,0,0,0
2017-09-01,GS,Financials,0.0637348797325891,0.0193029785621676,0.0008583333333333333,0.06287654639925576,0.018444645228834267,-0.0070562651823358,0.08864492240541622,0.3375459955611517,0,1,0,0
2017-09-01,JNJ,Healthcare,-0.0115810087392828,0.0193029785621676,0.0008583333333333333,-0.012439342072616134,0.018444645228834267,-0.0026369538664788,0.03367737882127086,0.13924427588900068,0,0,1,0
2017-09-01,JPM,Financials,0.0508303048842144,0.0193029785621676,0.0008583333333333333,0.04997197155088107,0.018444645228834267,-0.0044669528513543,0.06576701665760012,0.3791924630765169,0,1,0,0
2017-09-01,KO,Consumer,-0.0118546502454875,0.0193029785621676,0.0008583333333333333,-0.012712983578820832,0.018444645228834267,-0.0063265098318903,0.028157370246884837,0.08458623428056722,0,0,0,1
2017-09-01,MCD,Consumer,-0.0147552003840529,0.0193029785621676,0.0008583333333333333,-0.015613533717386233,0.018444645228834267,0.0311330716730167,0.0305639151150811,0.4239030515462534,0,0,0,1
2017-09-01,MRK,Healthcare,0.0026621148204946,0.0193029785621676,0.0008583333333333333,0.0018037814871612666,0.018444645228834267,-0.0003128797746346,0.03932830641670742,0.047455754293602714,0,0,1,0
2017-09-01,MS,Financials,0.0586814162922557,0.0193029785621676,0.0008583333333333333,0.05782308295892236,0.018444645228834267,-0.0246862318707465,0.07727764475357798,0.4483948377434974,0,1,0,0
2017-09-01,MSFT,Technology,0.0015628131537523,0.0193029785621676,0.0008583333333333333,0.0007044798204189667,0.018444645228834267,0.0284738649021432,0.020929370731082354,0.3338024924302283,1,0,0,0
2017-09-01,NVDA,Technology,0.0559924735800241,0.0193029785621676,0.0008583333333333333,0.05513414024669076,0.018444645228834267,0.0426435517314183,0.1334038694672488,1.777963772911463,1,0,0,0
2017-09-01,PFE,Healthcare,0.0627573344177794,0.0193029785621676,0.0008583333333333333,0.06189900108444607,0.018444645228834267,0.0229191409405951,0.03696227152036763,0.012435137195438317,0,0,1,0
2017-09-01,PG,Consumer,-0.0139805826865648,0.0193029785621676,0.0008583333333333333,-0.014838916019898132,0.018444645228834267,0.0239358660683519,0.0317645277385306,0.09011379068581915,0,0,0,1
2017-09-01,UNH,Healthcare,-0.0153342756149972,0.0193029785621676,0.0008583333333333333,-0.016192608948330533,0.018444645228834267,0.0369637191457004,0.03519533591975739,0.48617020786874865,0,0,1,0
2017-09-01,WMT,Consumer,0.0071921502092542,0.0193029785621676,0.0008583333333333333,0.006333816875920867,0.018444645228834267,-0.0240027737874444,0.036393235638136824,0.12377973792359254,0,0,0,1
2017-10-01,AAPL,Technology,0.096807687869048,0.0221881350661512,0.0008916666666666668,0.09591602120238134,0.021296468399484535,-0.0565535055172977,0.05781946126850432,0.38733850413004967,1,0,0,0
2017-10-01,ABBV,Healthcare,0.0156428063002991,0.0221881350661512,0.0008916666666666668,0.014751139633632433,0.021296468399484535,0.1800796469576153,0.07675032312418228,0.46357563552585734,0,0,1,0
2017-10-01,AMZN,Technology,0.1497165176249049,0.0221881350661512,0.0008916666666666668,0.14882485095823822,0.021296468399484535,-0.0196307920690396,0.048267185913877304,0.14814105782434117,1,0,0,0
2017-10-01,BAC,Financials,0.0808998287960189,0.0221881350661512,0.0008916666666666668,0.08000816212935223,0.021296468399484535,0.0661204904653636,0.08707215796355183,0.6438497408835546,0,1,0,0
2017-10-01,C,Financials,0.0104486243052674,0.0221881350661512,0.0008916666666666668,0.009556957638600733,0.021296468399484535,0.0741856967286076,0.05630968262700086,0.5609720696033329,0,1,0,0
2017-10-01,COST,Consumer,-0.0195383145769155,0.0221881350661512,0.0008916666666666668,-0.020429981243582165,0.021296468399484535,0.0515205498179913,0.04890637640218954,0.13414423318195223,0,0,0,1
2017-10-01,GOOGL,Technology,0.060921063854292,0.0221881350661512,0.0008916666666666668,0.06002939718762534,0.021296468399484535,0.0193458333105032,0.040391886455992315,0.21100425182245597,1,0,0,0
2017-10-01,GS,Financials,0.0223028441545496,0.0221881350661512,0.0008916666666666668,0.021411177487882935,0.021296468399484535,0.0637348797325891,0.086069952608039,0.4892266885088967,0,1,0,0
2017-10-01,JNJ,Healthcare,0.0723020482690417,0.0221881350661512,0.0008916666666666668,0.07141038160237503,0.021296468399484535,-0.0115810087392828,0.03408013972202058,0.13004582309711843,0,0,1,0
2017-10-01,JPM,Financials,0.0533980906022866,0.0221881350661512,0.0008916666666666668,0.05250642393561993,0.021296468399484535,0.0508303048842144,0.06459825781367688,0.469103033844227,0,1,0,0
2017-10-01,KO,Consumer,0.0296788428618239,0.0221881350661512,0.0008916666666666668,0.028787176195157235,0.021296468399484535,-0.0118546502454875,0.026962611988373346,0.09983935643694597,0,0,0,1
2017-10-01,MCD,Consumer,0.0652922829061029,0.0221881350661512,0.0008916666666666668,0.06440061623943623,0.021296468399484535,-0.0147552003840529,0.032530503179461705,0.39569446020591026,0,0,0,1
2017-10-01,MRK,Healthcare,-0.1333992091628479,0.0221881350661512,0.0008916666666666668,-0.13429087582951457,0.021296468399484535,0.0026621148204946,0.03919449951107806,0.0566392272241687,0,0,1,0
2017-10-01,MS,Financials,0.03799095477315,0.0221881350661512,0.0008916666666666668,0.03709928810648334,0.021296468399484535,0.0586814162922557,0.07679696455344781,0.5333886981726779,0,1,0,0
2017-10-01,MSFT,Technology,0.1166602587883489,0.0221881350661512,0.0008916666666666668,0.11576859212168224,0.021296468399484535,0.0015628131537523,0.02151117015892272,0.324385780045477,1,0,0,0
2017-10-01,NVDA,Technology,0.156849852137046,0.0221881350661512,0.0008916666666666668,0.15595818547037932,0.021296468399484535,0.0559924735800241,0.13364907637732681,1.6212840592337576,1,0,0,0
2017-10-01,PFE,Healthcare,-0.0179274536452226,0.0221881350661512,0.0008916666666666668,-0.018819120311889266,0.021296468399484535,0.0627573344177794,0.04022475609912668,0.0964032403418964,0,0,1,0
2017-10-01,PG,Consumer,-0.0510004243598444,0.0221881350661512,0.0008916666666666668,-0.051892091026511065,0.021296468399484535,-0.0139805826865648,0.03163802181274369,0.04565090868721411,0,0,0,1
2017-10-01,UNH,Healthcare,0.0774456593787684,0.0221881350661512,0.0008916666666666668,0.07655399271210174,0.021296468399484535,-0.0153342756149972,0.03799540772211696,0.4220928203136596,0,0,1,0
2017-10-01,WMT,Consumer,0.117353604302653,0.0221881350661512,0.0008916666666666668,0.11646193763598633,0.021296468399484535,0.0071921502092542,0.03635110394118211,0.11356722766697325,0,0,0,1
2017-11-01,AAPL,Technology,0.0166233051035071,0.0280826278065633,0.001025,0.0155983051035071,0.0270576278065633,0.096807687869048,0.06031989703630784,0.5150765585848229,1,0,0,0
2017-11-01,ABBV,Healthcare,0.0813976483517273,0.0280826278065633,0.001025,0.0803726483517273,0.0270576278065633,0.0156428063002991,0.06111942091109625,0.6807397121590018,0,0,1,0
2017-11-01,AMZN,Technology,0.0646623767888814,0.0280826278065633,0.001025,0.0636373767888814,0.0270576278065633,0.1497165176249049,0.0572557619621657,0.39940741836933547,1,0,0,0
2017-11-01,BAC,Financials,0.0284775683216793,0.0280826278065633,0.001025,0.027452568321679298,0.0270576278065633,0.0808998287960189,0.08765663334941629,0.6853030313704627,0,1,0,0
2017-11-01,C,Financials,0.027210732651234,0.0280826278065633,0.001025,0.026185732651233997,0.0270576278065633,0.0104486243052674,0.056910668696502555,0.5156666645454882,0,1,0,0
2017-11-01,COST,Consumer,0.1449585859348499,0.0280826278065633,0.001025,0.1439335859348499,0.0270576278065633,-0.0195383145769155,0.04815036824569168,0.14687749767836222,0,0,0,1
2017-11-01,GOOGL,Technology,0.0030298214332149,0.0280826278065633,0.001025,0.0020048214332149,0.0270576278065633,0.060921063854292,0.04216855351826707,0.2755157016814991,1,0,0,0
2017-11-01,GS,Financials,0.0212801735251013,0.0280826278065633,0.001025,0.020255173525101297,0.0270576278065633,0.0223028441545496,0.08337344413120269,0.37749124619065433,0,1,0,0
2017-11-01,JNJ,Healthcare,-0.0005737950721145,0.0280826278065633,0.001025,-0.0015987950721145002,0.0270576278065633,0.0723020482690417,0.03698644486098006,0.2341072277508578,0,0,1,0
2017-11-01,JPM,Financials,0.0449354304440565,0.0280826278065633,0.001025,0.0439104304440565,0.0270576278065633,0.0533980906022866,0.06481893026094254,0.4878911619344597,0,1,0,0
2017-11-01,KO,Consumer,-0.0045670671279118,0.0280826278065633,0.001025,-0.0055920671279118,0.0270576278065633,0.0296788428618239,0.02766503864812094,0.12118448118975911,0,0,0,1
2017-11-01,MCD,Consumer,0.0303153419193871,0.0280826278065633,0.001025,0.0292903419193871,0.0270576278065633,0.0652922829061029,0.02942749219657558,0.523672784585576,0,0,0,1
2017-11-01,MRK,Healthcare,0.0032677276988604,0.0280826278065633,0.001025,0.0022427276988604,0.0270576278065633,-0.1333992091628479,0.05416922691463506,-0.033858064789125564,0,0,1,0
2017-11-01,MS,Financials,0.0372686139661113,0.0280826278065633,0.001025,0.0362436139661113,0.0270576278065633,0.03799095477315,0.07675169201213397,0.5200500156429899,0,1,0,0
2017-11-01,MSFT,Technology,0.0119020101423252,0.0280826278065633,0.001025,0.0108770101423252,0.0270576278065633,0.1166602587883489,0.034298881918833235,0.42162863108769444,1,0,0,0
2017-11-01,NVDA,Technology,-0.0294958790144768,0.0280826278065633,0.001025,-0.030520879014476802,0.0270576278065633,0.156849852137046,0.1338204981257142,1.9199306807329632,1,0,0,0
2017-11-01,PFE,Healthcare,0.0342271517614534,0.0280826278065633,0.001025,0.0332021517614534,0.0270576278065633,-0.0179274536452226,0.034514874182515,0.15009253885032026,0,0,1,0
2017-11-01,PG,Consumer,0.0500851010046876,0.0280826278065633,0.001025,0.0490601010046876,0.0270576278065633,-0.0510004243598444,0.03391917481656431,0.026047284881466792,0,0,0,1
2017-11-01,UNH,Healthcare,0.0853866133552798,0.0280826278065633,0.001025,0.08436161335527981,0.0270576278065633,0.0774456593787684,0.039880803072471174,0.5108320064012852,0,0,1,0
2017-11-01,WMT,Consumer,0.1136182100670151,0.0280826278065633,0.001025,0.1125932100670151,0.0270576278065633,0.117353604302653,0.04558621014118428,0.2815647751120147,0,0,0,1
2017-12-01,AAPL,Technology,-0.0117060747962818,0.0098316305942705,0.0011,-0.0128060747962818,0.0087316305942705,0.0166233051035071,0.057406596974458574,0.5823505403259743,1,0,0,0
2017-12-01,ABBV,Healthcare,-0.002166989533614,0.0098316305942705,0.0011,-0.003266989533614,0.0087316305942705,0.0813976483517273,0.059838842472496725,0.6522461483200941,0,0,1,0
2017-12-01,AMZN,Technology,-0.0061865684018398,0.0098316305942705,0.0011,-0.0072865684018398,0.0087316305942705,0.0646623767888814,0.0521010320741205,0.5678085227992931,1,0,0,0
2017-12-01,BAC,Financials,0.0523887587452915,0.0098316305942705,0.0011,0.051288758745291506,0.0087316305942705,0.0284775683216793,0.048240319616379715,0.3541379909155671,0,1,0,0
2017-12-01,C,Financials,-0.0101993277146283,0.0098316305942705,0.0011,-0.0112993277146283,0.0087316305942705,0.027210732651234,0.04500289167244584,0.35701552760496,0,1,0,0
2017-12-01,COST,Consumer,0.0121580132131844,0.0098316305942705,0.0011,0.0110580132131844,0.0087316305942705,0.1449585859348499,0.06151511040571168,0.29353216078980293,0,0,0,1
2017-12-01,GOOGL,Technology,0.0166286124034191,0.0098316305942705,0.0011,0.015528612403419101,0.0087316305942705,0.0030298214332149,0.037800865904258914,0.3354771666916332,1,0,0,0
2017-12-01,GS,Financials,0.0319843870419358,0.0098316305942705,0.0011,0.030884387041935798,0.0087316305942705,0.0212801735251013,0.05458658279634258,0.14345782164765453,0,1,0,0
2017-12-01,JNJ,Healthcare,0.0089397794729491,0.0098316305942705,0.0011,0.0078397794729491,0.0087316305942705,-0.0005737950721145,0.03278344592518204,0.28537237268826754,0,0,1,0
2017-12-01,JPM,Financials,0.0231536005913313,0.0098316305942705,0.0011,0.0220536005913313,0.0087316305942705,0.0449354304440565,0.050515570239484296,0.33347795703587435,0,1,0,0
2017-12-01,KO,Consumer,0.0106216853030591,0.0098316305942705,0.0011,0.009521685303059099,0.0087316305942705,-0.0045670671279118,0.021475348899819106,0.17276550075240804,0,0,0,1
2017-12-01,MCD,Consumer,0.0068395442440649,0.0098316305942705,0.0011,0.0057395442440648994,0.0087316305942705,0.0303153419193871,0.02850786853362494,0.48167632127865057,0,0,0,1
2017-12-01,MRK,Healthcare,0.0180930527543432,0.0098316305942705,0.0011,0.0169930527543432,0.0087316305942705,0.0032677276988604,0.05246602583586408,-0.06982798326416284,0,0,1,0
2017-12-01,MS,Financials,0.0166636848021011,0.0098316305942705,0.0011,0.015563684802101099,0.0087316305942705,0.0372686139661113,0.04349063716216156,0.2721145723186962,0,1,0,0
2017-12-01,MSFT,Technology,0.0213799257425766,0.0098316305942705,0.0011,0.020279925742576598,0.0087316305942705,0.0119020101423252,0.03393824462260461,0.43043212103052,1,0,0,0
2017-12-01,NVDA,Technology,-0.0352525773111508,0.0098316305942705,0.0011,-0.0363525773111508,0.0087316305942705,-0.0294958790144768,0.12320533047725717,1.187131336919836,1,0,0,0
2017-12-01,PFE,Healthcare,0.0080245683561124,0.0098316305942705,0.0011,0.006924568356112399,0.0087316305942705,0.0342271517614534,0.035096556981143966,0.17354311174975723,0,0,1,0
2017-12-01,PG,Consumer,0.0210023414143902,0.0098316305942705,0.0011,0.0199023414143902,0.0087316305942705,0.0500851010046876,0.033208746161766396,0.12545544751607607,0,0,0,1
2017-12-01,UNH,Healthcare,-0.0305282033443845,0.0098316305942705,0.0011,-0.0316282033443845,0.0087316305942705,0.0853866133552798,0.034003610872200385,0.4638587310850184,0,0,1,0
2017-12-01,WMT,Consumer,0.0156333613870331,0.0098316305942705,0.0011,0.014533361387033098,0.0087316305942705,0.1136182100670151,0.05228096180085931,0.418865672350875,0,0,0,1
2018-01-01,AAPL,Technology,-0.0106360625170622,0.0561787041255281,0.001175,-0.011811062517062201,0.055003704125528095,-0.0117060747962818,0.05912484652360984,0.48464300074324496,1,0,0,0
2018-01-01,ABBV,Healthcare,0.1603765235621859,0.0561787041255281,0.001175,0.1592015235621859,0.055003704125528095,-0.002166989533614,0.061238810609231024,0.6007485385527442,0,0,1,0
2018-01-01,AMZN,Technology,0.2406389754181057,0.0561787041255281,0.001175,0.23946397541810568,0.055003704125528095,-0.0061865684018398,0.05249102659104184,0.5595636491351446,1,0,0,0
2018-01-01,BAC,Financials,0.0840109595139424,0.0561787041255281,0.001175,0.0828359595139424,0.055003704125528095,0.0523887587452915,0.048337881222034786,0.35685173787333424,0,1,0,0
2018-01-01,C,Financials,0.0546968308295252,0.0561787041255281,0.001175,0.0535218308295252,0.055003704125528095,-0.0101993277146283,0.04503838857895057,0.270266798095232,0,1,0,0
2018-01-01,COST,Consumer,0.0470126386072591,0.0561787041255281,0.001175,0.0458376386072591,0.055003704125528095,0.0121580132131844,0.05977775691180477,0.22372018018914352,0,0,0,1
2018-01-01,GOOGL,Technology,0.1222896482989266,0.0561787041255281,0.001175,0.12111464829892661,0.055003704125528095,0.0166286124034191,0.037867392593612124,0.3292952615839846,1,0,0,0
2018-01-01,GS,Financials,0.0515385886534904,0.0561787041255281,0.001175,0.050363588653490395,0.055003704125528095,0.0319843870419358,0.04859306483269941,0.07734068506740743,0,1,0,0
2018-01-01,JNJ,Healthcare,-0.010950398132911,0.0561787041255281,0.001175,-0.012125398132911,0.055003704125528095,0.0089397794729491,0.03228194875224929,0.244252045227082,0,0,1,0
2018-01-01,JPM,Financials,0.0816344223684788,0.0561787041255281,0.001175,0.0804594223684788,0.055003704125528095,0.0231536005913313,0.047906830038071654,0.26758757863248794,0,1,0,0
2018-01-01,KO,Consumer,0.0372712859545891,0.0561787041255281,0.001175,0.0360962859545891,0.055003704125528095,0.0106216853030591,0.02026127945637016,0.14382109788105857,0,0,0,1
2018-01-01,MCD,Consumer,-0.0056940360316208,0.0561787041255281,0.001175,-0.0068690360316208,0.055003704125528095,0.0068395442440649,0.02953179878789166,0.4505034281741982,0,0,0,1
2018-01-01,MRK,Healthcare,0.0619152013480281,0.0561787041255281,0.001175,0.0607402013480281,0.055003704125528095,0.0180930527543432,0.051728492750967726,-0.015677998671031923,0,0,1,0
2018-01-01,MS,Financials,0.0777582390401911,0.0561787041255281,0.001175,0.0765832390401911,0.055003704125528095,0.0166636848021011,0.043509182821092215,0.26606954738992705,0,1,0,0
2018-01-01,MSFT,Technology,0.1107086339898146,0.0561787041255281,0.001175,0.10953363398981461,0.055003704125528095,0.0213799257425766,0.03395216175857322,0.4073058091937871,1,0,0,0
2018-01-01,NVDA,Technology,0.2702841177635275,0.0561787041255281,0.001175,0.26910911776352753,0.055003704125528095,-0.0352525773111508,0.12366248966009441,0.8198793219026399,1,0,0,0
2018-01-01,PFE,Healthcare,0.0226393580700847,0.0561787041255281,0.001175,0.0214643580700847,0.055003704125528095,0.0080245683561124,0.03506746929906078,0.15901780747165506,0,0,1,0
2018-01-01,PG,Consumer,-0.0602960096124707,0.0561787041255281,0.001175,-0.0614710096124707,0.055003704125528095,0.0210023414143902,0.03324536258172831,0.12695281234552525,0,0,0,1
2018-01-01,UNH,Healthcare,0.0740269612566604,0.0561787041255281,0.001175,0.07285196125666041,0.055003704125528095,-0.0305282033443845,0.03841687038577194,0.3983492939204183,0,0,1,0
2018-01-01,WMT,Consumer,0.0851825722550152,0.0561787041255281,0.001175,0.0840075722550152,0.055003704125528095,0.0156333613870331,0.05023504169111555,0.4683592263142178,0,0,0,1
2018-02-01,AAPL,Technology,0.0638475408877365,-0.0389473718793677,0.0013083333333333334,0.06253920755440318,-0.04025570521270103,-0.0106360625170622,0.06037277972810869,0.40191538715481623,1,0,0,0
2018-02-01,ABBV,Healthcare,0.0395728700657462,-0.0389473718793677,0.0013083333333333334,0.03826453673241287,-0.04025570521270103,0.1603765235621859,0.0662020261363435,0.9033681638073532,0,0,1,0
2018-02-01,AMZN,Technology,0.0424290636020012,-0.0389473718793677,0.0013083333333333334,0.04112073026866787,-0.04025570521270103,0.2406389754181057,0.07734040255885537,0.7619007780318499,1,0,0,0
2018-02-01,BAC,Financials,0.0031248657102485,-0.0389473718793677,0.0013083333333333334,0.0018165323769151664,-0.04025570521270103,0.0840109595139424,0.051055607222456854,0.43576014872788305,0,1,0,0
2018-02-01,C,Financials,-0.0380986985566061,-0.0389473718793677,0.0013083333333333334,-0.03940703188993944,-0.04025570521270103,0.0546968308295252,0.037751611617571866,0.42613477320280135,0,1,0,0
2018-02-01,COST,Consumer,-0.0203724451842103,-0.0389473718793677,0.0013083333333333334,-0.021680778517543634,-0.04025570521270103,0.0470126386072591,0.06033506830317699,0.25124186968622975,0,0,0,1
2018-02-01,GOOGL,Technology,-0.0662313718285052,-0.0389473718793677,0.0013083333333333334,-0.06753970516183853,-0.04025570521270103,0.1222896482989266,0.047256008857005975,0.4413976624793807,1,0,0,0
2018-02-01,GS,Financials,-0.0185149055626585,-0.0389473718793677,0.0013083333333333334,-0.019823238895991836,-0.04025570521270103,0.0515385886534904,0.047419804899934595,0.18290861205582698,0,1,0,0
2018-02-01,JNJ,Healthcare,-0.0601344711193502,-0.0389473718793677,0.0013083333333333334,-0.06144280445268353,-0.04025570521270103,-0.010950398132911,0.03171230411933228,0.25192532613781804,0,0,1,0
2018-02-01,JPM,Financials,0.0037318724686481,-0.0389473718793677,0.0013083333333333334,0.002423539135314767,-0.04025570521270103,0.0816344223684788,0.04904521439126676,0.3979601023911714,0,1,0,0
2018-02-01,KO,Consumer,-0.0918262174546579,-0.0389473718793677,0.0013083333333333334,-0.09313455078799122,-0.04025570521270103,0.0372712859545891,0.021331820130090176,0.18331337789088953,0,0,0,1
2018-02-01,MCD,Consumer,-0.078298616385981,-0.0389473718793677,0.0013083333333333334,-0.07960694971931433,-0.04025570521270103,-0.0056940360316208,0.030706122976203985,0.4322424964999889,0,0,0,1
2018-02-01,MRK,Healthcare,-0.0848946822645497,-0.0389473718793677,0.0013083333333333334,-0.08620301559788303,-0.04025570521270103,0.0619152013480281,0.05181882748286778,-0.014901891664970246,0,0,1,0
2018-02-01,MS,Financials,-0.0050422671976073,-0.0389473718793677,0.0013083333333333334,-0.006350600530940633,-0.04025570521270103,0.0777582390401911,0.046140361831833406,0.3568095168771843,0,1,0,0
2018-02-01,MSFT,Technology,-0.0130513860010487,-0.0389473718793677,0.0013083333333333334,-0.014359719334382032,-0.04025570521270103,0.1107086339898146,0.041298192354082434,0.5024199050431684,1,0,0,0
2018-02-01,NVDA,Technology,-0.0154596378858663,-0.0389473718793677,0.0013083333333333334,-0.016767971219199634,-0.04025570521270103,0.2702841177635275,0.13729758308744022,1.2600991118745761,1,0,0,0
2018-02-01,PFE,Healthcare,-0.0197084194148106,-0.0389473718793677,0.0013083333333333334,-0.021016752748143935,-0.04025570521270103,0.0226393580700847,0.03323449899483973,0.2132727559297063,0,0,1,0
2018-02-01,PG,Consumer,-0.0836392002599425,-0.0389473718793677,0.0013083333333333334,-0.08494753359327582,-0.04025570521270103,-0.0602960096124707,0.037318638557404665,0.016448531175971892,0,0,0,1
2018-02-01,UNH,Healthcare,-0.0448514528543917,-0.0389473718793677,0.0013083333333333334,-0.04615978618772504,-0.04025570521270103,0.0740269612566604,0.040103240627948705,0.48277893978328335,0,0,1,0
2018-02-01,WMT,Consumer,-0.1556286519082349,-0.0389473718793677,0.0013083333333333334,-0.15693698524156824,-0.04025570521270103,0.0851825722550152,0.048257384904746264,0.638533404656549,0,0,0,1
2018-03-01,AAPL,Technology,-0.0542103002117387,-0.0268844986005566,0.0014166666666666668,-0.05562696687840536,-0.028301165267223267,0.0638475408877365,0.053198696449786954,0.32114991475359256,1,0,0,0
2018-03-01,ABBV,Healthcare,-0.1828542450714917,-0.0268844986005566,0.0014166666666666668,-0.18427091173815838,-0.028301165267223267,0.0395728700657462,0.06555735219899926,0.9358004330645686,0,0,1,0
2018-03-01,AMZN,Technology,-0.0430493688856892,-0.0268844986005566,0.0014166666666666668,-0.04446603555235587,-0.028301165267223267,0.0424290636020012,0.077011854732547,0.789796921445691,1,0,0,0
2018-03-01,BAC,Financials,-0.0657319098076114,-0.0268844986005566,0.0014166666666666668,-0.06714857647427806,-0.028301165267223267,0.0031248657102485,0.04810971388756788,0.3211987189745362,0,1,0,0
2018-03-01,C,Financials,-0.1022146257583072,-0.0268844986005566,0.0014166666666666668,-0.10363129242497386,-0.028301165267223267,-0.0380986985566061,0.04017505152279498,0.2805155691552941,0,1,0,0
2018-03-01,COST,Consumer,-0.0102973206980073,-0.0268844986005566,0.0014166666666666668,-0.011713987364673967,-0.028301165267223267,-0.0203724451842103,0.058179470114866044,0.13422392135068284,0,0,0,1
2018-03-01,GOOGL,Technology,-0.0604934806030125,-0.0268844986005566,0.0014166666666666668,-0.06191014726967917,-0.028301165267223267,-0.0662313718285052,0.05512113812769205,0.30652255385327964,1,0,0,0
2018-03-01,GS,Financials,-0.0394137478995427,-0.0268844986005566,0.0014166666666666668,-0.040830414566209366,-0.028301165267223267,-0.0185149055626585,0.043270088651638,0.07329741877932405,0,1,0,0
2018-03-01,JNJ,Healthcare,-0.0070019491776092,-0.0268844986005566,0.0014166666666666668,-0.008418615844275867,-0.028301165267223267,-0.0601344711193502,0.03329050829319082,0.09037457923704384,0,0,1,0
2018-03-01,JPM,Financials,-0.0478787025962147,-0.0268844986005566,0.0014166666666666668,-0.04929536926288136,-0.028301165267223267,0.0037318724686481,0.04713118085939157,0.30321565966928343,0,1,0,0
2018-03-01,KO,Consumer,0.0048585447285092,-0.0268844986005566,0.0014166666666666668,0.0034418780618425335,-0.028301165267223267,-0.0918262174546579,0.0374124975432747,0.06466556047143945,0,0,0,1
2018-03-01,MCD,Consumer,-0.0023496818589602,-0.0268844986005566,0.0014166666666666668,-0.0037663485256268668,-0.028301165267223267,-0.078298616385981,0.04365910854153126,0.2675647416664655,0,0,0,1
2018-03-01,MRK,Healthcare,0.0046110558070127,-0.0268844986005566,0.0014166666666666668,0.003194389140346033,-0.028301165267223267,-0.0848946822645497,0.0531083358880466,-0.15163138532638587,0,0,1,0
2018-03-01,MS,Financials,-0.0367729048648863,-0.0268844986005566,0.0014166666666666668,-0.03818957153155296,-0.028301165267223267,-0.0050422671976073,0.04371051016806692,0.2502636098595863,0,1,0,0
2018-03-01,MSFT,Technology,-0.0220886563882524,-0.0268844986005566,0.0014166666666666668,-0.023505323054919067,-0.028301165267223267,-0.0130513860010487,0.04157439483423573,0.4983393134204497,1,0,0,0
2018-03-01,NVDA,Technology,-0.0424217755102512,-0.0268844986005566,0.0014166666666666668,-0.04383844217691786,-0.028301165267223267,-0.0154596378858663,0.13273437173422442,1.393997809243737,1,0,0,0
2018-03-01,PFE,Healthcare,-0.0135281621220605,-0.0268844986005566,0.0014166666666666668,-0.014944828788727167,-0.028301165267223267,-0.0197084194148106,0.029066062359231606,0.10604988107083724,0,0,1,0
2018-03-01,PG,Consumer,0.0096792029712615,-0.0268844986005566,0.0014166666666666668,0.008262536304594833,-0.028301165267223267,-0.0836392002599425,0.041681535248874045,-0.11110161526493445,0,0,0,1
2018-03-01,UNH,Healthcare,-0.0537673670276273,-0.0268844986005566,0.0014166666666666668,-0.05518403369429396,-0.028301165267223267,-0.0448514528543917,0.04610026355170479,0.3881849583071544,0,0,1,0
2018-03-01,WMT,Consumer,-0.0115540623324104,-0.0268844986005566,0.0014166666666666668,-0.012970728999077067,-0.028301165267223267,-0.1556286519082349,0.07429502886830874,0.3018021863374778,0,0,0,1
2018-04-01,AAPL,Technology,-0.0150200059768491,0.0027187749953683,0.0014666666666666667,-0.016486672643515766,0.0012521083287016334,-0.0542103002117387,0.05688317229766305,0.18637214277702507,1,0,0,0
2018-04-01,ABBV,Healthcare,0.0200737218325259,0.0027187749953683,0.0014666666666666667,0.018607055165859233,0.0012521083287016334,-0.1828542450714917,0.09572714161815432,0.5012344936134874,0,0,1,0
2018-04-01,AMZN,Technology,0.0820747964716301,0.0027187749953683,0.0014666666666666667,0.08060812980496343,0.0012521083287016334,-0.0430493688856892,0.0817895295148393,0.6325715097610964,1,0,0,0
2018-04-01,BAC,Financials,0.0014094902365626,0.0027187749953683,0.0014666666666666667,-5.717643010406666e-05,0.0012521083287016334,-0.0657319098076114,0.051211608529729453,0.29138852357542633,0,1,0,0
2018-04-01,C,Financials,0.0114073445901476,0.0027187749953683,0.0014666666666666667,0.009940677923480934,0.0012521083287016334,-0.1022146257583072,0.05376913482881923,0.14615525828321219,0,1,0,0
2018-04-01,COST,Consumer,0.0463299020009742,0.0027187749953683,0.0014666666666666667,0.044863235334307534,0.0012521083287016334,-0.0102973206980073,0.05528267963621072,0.1828861295802029,0,0,0,1
2018-04-01,GOOGL,Technology,-0.017895184236261,0.0027187749953683,0.0014666666666666667,-0.019361850902927667,0.0012521083287016334,-0.0604934806030125,0.060138092402045595,0.22333079973010395,1,0,0,0
2018-04-01,GS,Financials,-0.0537201993399879,0.0027187749953683,0.0014666666666666667,-0.05518686600665457,0.0012521083287016334,-0.0394137478995427,0.038745929055703794,0.11040338038232256,0,1,0,0
2018-04-01,JNJ,Healthcare,-0.0129536242035516,0.0027187749953683,0.0014666666666666667,-0.014420290870218266,0.0012521083287016334,-0.0070019491776092,0.03301320876498487,0.0554138748865769,0,0,1,0
2018-04-01,JPM,Financials,-0.0108210194723361,0.0027187749953683,0.0014666666666666667,-0.012287686139002767,0.0012521083287016334,-0.0478787025962147,0.04914092376379786,0.2800888647593607,0,1,0,0
2018-04-01,KO,Consumer,0.0037175522685397,0.0027187749953683,0.0014666666666666667,0.0022508856018730334,0.0012521083287016334,0.0048585447285092,0.03737206450935906,0.05773809213025971,0,0,0,1
2018-04-01,MCD,Consumer,0.0707251653637006,0.0027187749953683,0.0014666666666666667,0.06925849869703393,0.0012521083287016334,-0.0023496818589602,0.04415638518394987,0.23636278977623504,0,0,0,1
2018-04-01,MRK,Healthcare,0.0902296876851793,0.0027187749953683,0.0014666666666666667,0.08876302101851263,0.0012521083287016334,0.0046110558070127,0.052779112426833544,-0.11646657687549422,0,0,1,0
2018-04-01,MS,Financials,-0.0433653613376178,0.0027187749953683,0.0014666666666666667,-0.044832028004284465,0.0012521083287016334,-0.0367729048648863,0.03986997848480211,0.28384267865825685,0,1,0,0
2018-04-01,MSFT,Technology,0.0246520469741242,0.0027187749953683,0.0014666666666666667,0.02318538030745753,0.0012521083287016334,-0.0220886563882524,0.04471726723222671,0.4148400492307518,1,0,0,0
2018-04-01,NVDA,Technology,-0.0288873091118571,0.0027187749953683,0.0014666666666666667,-0.030353975778523768,0.0012521083287016334,-0.0424217755102512,0.1375679475917798,1.132962123853349,1,0,0,0
2018-04-01,PFE,Healthcare,0.0315581161839471,0.0027187749953683,0.0014666666666666667,0.03009144951728043,0.0012521083287016334,-0.0135281621220605,0.02972336129034475,0.07724194786903493,0,0,1,0
2018-04-01,PG,Consumer,-0.0875377814168699,0.0027187749953683,0.0014666666666666667,-0.08900444808353657,0.0012521083287016334,0.0096792029712615,0.041989197842907215,-0.09031108467987714,0,0,0,1
2018-04-01,UNH,Healthcare,0.1083301789060486,0.0027187749953683,0.0014666666666666667,0.10686351223938192,0.0012521083287016334,-0.0537673670276273,0.05102142429792036,0.32451831547794163,0,0,1,0
2018-04-01,WMT,Consumer,0.0001953580519735,0.0027187749953683,0.0014666666666666667,-0.0012713086146931667,0.0012521083287016334,-0.0115540623324104,0.07501673799742582,0.2662315384277991,0,0,0,1
2018-05-01,AAPL,Technology,0.1307638164060167,0.0216083418545836,0.0015500000000000002,0.1292138164060167,0.020058341854583602,-0.0150200059768491,0.057423444708123994,0.16863448252400248,1,0,0,0
2018-05-01,ABBV,Healthcare,0.0353687544043945,0.0216083418545836,0.0015500000000000002,0.0338187544043945,0.020058341854583602,0.0200737218325259,0.09554984660192961,0.513255708582526,0,0,1,0
2018-05-01,AMZN,Technology,0.0405394108803862,0.0216083418545836,0.0015500000000000002,0.0389894108803862,0.020058341854583602,0.0820747964716301,0.08250231505267062,0.6931318788498444,1,0,0,0
2018-05-01,BAC,Financials,-0.0294118239522301,0.0216083418545836,0.0015500000000000002,-0.0309618239522301,0.020058341854583602,0.0014094902365626,0.05079196933874587,0.3030888434330643,0,1,0,0
2018-05-01,C,Financials,-0.0231431950286838,0.0216083418545836,0.0015500000000000002,-0.0246931950286838,0.020058341854583602,0.0114073445901476,0.05322438344999971,0.17295534491393005,0,1,0,0
2018-05-01,COST,Consumer,0.0054780080124798,0.0216083418545836,0.0015500000000000002,0.0039280080124797995,0.020058341854583602,0.0463299020009742,0.054518595173093216,0.16915354694565665,0,0,0,1
2018-05-01,GOOGL,Technology,0.0799346954937472,0.0216083418545836,0.0015500000000000002,0.0783846954937472,0.020058341854583602,-0.017895184236261,0.05637529106702005,0.10173942819635551,1,0,0,0
2018-05-01,GS,Financials,-0.052238448349029,0.0216083418545836,0.0015500000000000002,-0.053788448349029,0.020058341854583602,-0.0537201993399879,0.04177718227245593,0.07854696783183446,0,1,0,0
2018-05-01,JNJ,Healthcare,-0.054312467964345,0.0216083418545836,0.0015500000000000002,-0.055862467964345006,0.020058341854583602,-0.0129536242035516,0.033197060643507206,0.050854581695194856,0,0,1,0
2018-05-01,JPM,Financials,-0.0112828429327079,0.0216083418545836,0.0015500000000000002,-0.012832842932707901,0.020058341854583602,-0.0108210194723361,0.04921536362638424,0.2784628798364994,0,1,0,0
2018-05-01,KO,Consumer,-0.0048603322902157,0.0216083418545836,0.0015500000000000002,-0.0064103322902157,0.020058341854583602,0.0037175522685397,0.036818260110119405,0.035065916808844744,0,0,0,1
2018-05-01,MCD,Consumer,-0.0443740638482327,0.0216083418545836,0.0015500000000000002,-0.0459240638482327,0.020058341854583602,0.0707251653637006,0.04310293123800602,0.22617232443826274,0,0,0,1
2018-05-01,MRK,Healthcare,0.0112107218389623,0.0216083418545836,0.0015500000000000002,0.0096607218389623,0.020058341854583602,0.0902296876851793,0.05999467919102753,-0.025081391507179696,0,0,1,0
2018-05-01,MS,Financials,-0.0239968327901507,0.0216083418545836,0.0015500000000000002,-0.0255468327901507,0.020058341854583602,-0.0433653613376178,0.04408638155747451,0.21315957061401325,0,1,0,0
2018-05-01,MSFT,Technology,0.0568861383346535,0.0216083418545836,0.0015500000000000002,0.0553361383346535,0.020058341854583602,0.0246520469741242,0.04464263336797522,0.3946604371168585,1,0,0,0
2018-05-01,NVDA,Technology,0.1213426956799987,0.0216083418545836,0.0015500000000000002,0.1197926956799987,0.020058341854583602,-0.0288873091118571,0.1365847487675652,1.1632959620507188,1,0,0,0
2018-05-01,PFE,Healthcare,-0.0185739944820026,0.0216083418545836,0.0015500000000000002,-0.0201239944820026,0.020058341854583602,0.0315581161839471,0.030119053117825666,0.12073837041683921,0,0,1,0
2018-05-01,PG,Consumer,0.0208332048001531,0.0216083418545836,0.0015500000000000002,0.0192832048001531,0.020058341854583602,-0.0875377814168699,0.04780506279200719,-0.14599120140811528,0,0,0,1
2018-05-01,UNH,Healthcare,0.021616198756702,0.0216083418545836,0.0015500000000000002,0.020066198756702,0.020058341854583602,0.1083301789060486,0.055119733519579196,0.3716445475543315,0,0,1,0
2018-05-01,WMT,Consumer,-0.0669228179715434,0.0216083418545836,0.0015500000000000002,-0.06847281797154339,0.020058341854583602,0.0001953580519735,0.07470885846511839,0.20539340717149845,0,0,0,1
2018-06-01,AAPL,Technology,-0.0055984954250107,0.0048424362676078,0.0015833333333333333,-0.007181828758344033,0.0032591029342744667,0.1307638164060167,0.06537395840564715,0.2426429940072261,1,0,0,0
2018-06-01,ABBV,Healthcare,-0.0635739075681142,0.0048424362676078,0.0015833333333333333,-0.06515724090144753,0.0032591029342744667,0.0353687544043945,0.09515508396106213,0.549463755936286,0,0,1,0
2018-06-01,AMZN,Technology,0.0430651923177398,0.0048424362676078,0.0015833333333333333,0.04148185898440647,0.0032591029342744667,0.0405394108803862,0.08205475933440017,0.6384348687469041,1,0,0,0
2018-06-01,BAC,Financials,-0.0253035717378884,0.0048424362676078,0.0015833333333333333,-0.026886905071221733,0.0032591029342744667,-0.0294118239522301,0.04968685779204242,0.31724884697606126,0,1,0,0
2018-06-01,C,Financials,0.0081973422373269,0.0048424362676078,0.0015833333333333333,0.006614008903993566,0.0032591029342744667,-0.0231431950286838,0.054137312034990774,0.1159547856180203,0,1,0,0
2018-06-01,COST,Consumer,0.0572510341018621,0.0048424362676078,0.0015833333333333333,0.05566770076852877,0.0032591029342744667,0.0054780080124798,0.05457365510282277,0.15659838140252647,0,0,0,1
2018-06-01,GOOGL,Technology,0.0265364055928976,0.0048424362676078,0.0015833333333333333,0.02495307225956427,0.0032591029342744667,0.0799346954937472,0.057621679175768596,0.11438678380913725,1,0,0,0
2018-06-01,GS,Financials,-0.0200549857463148,0.0048424362676078,0.0015833333333333333,-0.02163831907964813,0.0032591029342744667,-0.052238448349029,0.041267077592039694,0.08288145801450741,0,1,0,0
2018-06-01,JNJ,Healthcare,0.0219019419279582,0.0048424362676078,0.0015833333333333333,0.02031860859462487,0.0032591029342744667,-0.054312467964345,0.03531193325770196,-0.04325892159731981,0,0,1,0
2018-06-01,JPM,Financials,-0.0262591800268298,0.0048424362676078,0.0015833333333333333,-0.02784251336016313,0.0032591029342744667,-0.0112828429327079,0.04513854527167087,0.33101748132060127,0,1,0,0
2018-06-01,KO,Consumer,0.0200002522071247,0.0048424362676078,0.0015833333333333333,0.018416918873791367,0.0032591029342744667,-0.0048603322902157,0.03326212995383607,-0.02252016499566578,0,0,0,1
2018-06-01,MCD,Consumer,-0.0207487057594745,0.0048424362676078,0.0015833333333333333,-0.022332039092807832,0.0032591029342744667,-0.0443740638482327,0.04202852766254982,0.08665046005345722,0,0,0,1
2018-06-01,MRK,Healthcare,0.0196542363538245,0.0048424362676078,0.0015833333333333333,0.018070903020491167,0.0032591029342744667,0.0112107218389623,0.058472636396130366,-0.05624449423721678,0,0,1,0
2018-06-01,MS,Financials,-0.0546469443504935,0.0048424362676078,0.0015833333333333333,-0.05623027768382683,0.0032591029342744667,-0.0239968327901507,0.04319998086539352,0.22474082400611417,0,1,0,0
2018-06-01,MSFT,Technology,0.0019975536323892,0.0048424362676078,0.0015833333333333333,0.00041422029905586674,0.0032591029342744667,0.0568861383346535,0.04523837401453833,0.44487235215811416,1,0,0,0
2018-06-01,NVDA,Technology,-0.0600479930919822,0.0048424362676078,0.0015833333333333333,-0.06163132642531553,0.0032591029342744667,0.1213426956799987,0.09792135724081968,0.7527575887762046,1,0,0,0
2018-06-01,PFE,Healthcare,0.019597804661293,0.0048424362676078,0.0015833333333333333,0.018014471327959667,0.0032591029342744667,-0.0185739944820026,0.027825008231438644,0.1427061426328049,0,0,1,0
2018-06-01,PG,Consumer,0.0668302790336459,0.0048424362676078,0.0015833333333333333,0.06524694570031256,0.0032591029342744667,0.0208332048001531,0.048059459477610846,-0.14228845224421593,0,0,0,1
2018-06-01,UNH,Healthcare,0.0158584623400648,0.0048424362676078,0.0015833333333333333,0.014275129006731467,0.0032591029342744667,0.021616198756702,0.054551896603079165,0.39889438634042795,0,0,1,0
2018-06-01,WMT,Consumer,0.0442160228824177,0.0048424362676078,0.0015833333333333333,0.04263268954908437,0.0032591029342744667,-0.0669228179715434,0.07796757752291594,0.07578642664573443,0,0,0,1
2018-07-01,AAPL,Technology,0.0279833700708505,0.0360215561728991,0.0016333333333333332,0.026350036737517166,0.03438822283956577,-0.0055984954250107,0.06185393442660375,0.3052867863904678,1,0,0,0
2018-07-01,ABBV,Healthcare,-0.0045327503807591,0.0360215561728991,0.0016333333333333332,-0.006166083714092433,0.03438822283956577,-0.0635739075681142,0.09779151147347385,0.32109025274844805,0,0,1,0
2018-07-01,AMZN,Technology,0.0456760075509372,0.0360215561728991,0.0016333333333333332,0.04404267421760387,0.03438822283956577,0.0430651923177398,0.07893503730509083,0.75599163604006,1,0,0,0
2018-07-01,BAC,Financials,0.0954237652087046,0.0360215561728991,0.0016333333333333332,0.09379043187537127,0.03438822283956577,-0.0253035717378884,0.04745495675683411,0.18212781158921487,0,1,0,0
2018-07-01,C,Financials,0.0742677683779802,0.0360215561728991,0.0016333333333333332,0.07263443504464687,0.03438822283956577,0.0081973422373269,0.04532281193028232,0.018446692835982992,0,1,0,0
2018-07-01,COST,Consumer,0.0465594098752661,0.0360215561728991,0.0016333333333333332,0.044926076541932765,0.03438822283956577,0.0572510341018621,0.04801568779470842,0.322126900038638,0,0,0,1
2018-07-01,GOOGL,Technology,0.0868144732459856,0.0360215561728991,0.0016333333333333332,0.08518113991265226,0.03438822283956577,0.0265364055928976,0.05347743592281086,0.21460077493707796,1,0,0,0
2018-07-01,GS,Financials,0.0764383271203974,0.0360215561728991,0.0016333333333333332,0.07480499378706407,0.03438822283956577,-0.0200549857463148,0.039166320318385815,0.006892397098340108,0,1,0,0
2018-07-01,JNJ,Healthcare,0.0921378547949878,0.0360215561728991,0.0016333333333333332,0.09050452146165447,0.03438822283956577,0.0219019419279582,0.033846101126237114,-0.05840641576058614,0,0,1,0
2018-07-01,JPM,Financials,0.1031665164257438,0.0360215561728991,0.0016333333333333332,0.10153318309241047,0.03438822283956577,-0.0262591800268298,0.03785661365144849,0.16489958918193648,0,1,0,0
2018-07-01,KO,Consumer,0.0726244737750432,0.0360215561728991,0.0016333333333333332,0.07099114044170987,0.03438822283956577,0.0200002522071247,0.03355052138662172,0.010812632229324715,0,0,0,1
2018-07-01,MCD,Consumer,0.0118109328813218,0.0360215561728991,0.0016333333333333332,0.010177599547988466,0.03438822283956577,-0.0207487057594745,0.04272906981112504,0.04833273599193144,0,0,0,1
2018-07-01,MRK,Healthcare,0.0935595205374248,0.0360215561728991,0.0016333333333333332,0.09192618720409147,0.03438822283956577,0.0196542363538245,0.05867592841088998,-0.02238062782921113,0,0,1,0
2018-07-01,MS,Financials,0.0666670218454412,0.0360215561728991,0.0016333333333333332,0.06503368851210786,0.03438822283956577,-0.0546469443504935,0.04479881519230779,0.08453967464508749,0,1,0,0
2018-07-01,MSFT,Technology,0.0757531160281648,0.0360215561728991,0.0016333333333333332,0.07411978269483147,0.03438822283956577,0.0019975536323892,0.04457235678293467,0.45851093661681763,1,0,0,0
2018-07-01,NVDA,Technology,0.0336008461759904,0.0360215561728991,0.0016333333333333332,0.031967512842657066,0.03438822283956577,-0.0600479930919822,0.10235227201435844,0.6433837476849611,1,0,0,0
2018-07-01,PFE,Healthcare,0.1006063790155109,0.0360215561728991,0.0016333333333333332,0.09897304568217756,0.03438822283956577,0.019597804661293,0.0266460890481051,0.12163911723209542,0,0,1,0
2018-07-01,PG,Consumer,0.0361265432759096,0.0360215561728991,0.0016333333333333332,0.034493209942576264,0.03438822283956577,0.0668302790336459,0.05313817534063824,-0.07509802878885297,0,0,0,1
2018-07-01,UNH,Healthcare,0.0357695241654734,0.0360215561728991,0.0016333333333333332,0.03413619083214007,0.03438822283956577,0.0158584623400648,0.053893107864176816,0.3425983129907637,0,0,1,0
2018-07-01,WMT,Consumer,0.0417977809684162,0.0360215561728991,0.0016333333333333332,0.04016444763508287,0.03438822283956577,0.0442160228824177,0.07750233700028304,0.15894087476470564,0,0,0,1
2018-08-01,AAPL,Technology,0.1962270870851146,0.0302632112767482,0.0016916666666666666,0.19453542041844793,0.02857154461008153,0.0279833700708505,0.06180952603187871,0.2993208950521409,1,0,0,0
2018-08-01,ABBV,Healthcare,0.0512869069426484,0.0302632112767482,0.0016916666666666666,0.04959524027598173,0.02857154461008153,-0.0045327503807591,0.09634214977931702,0.3640116312924102,0,0,1,0
2018-08-01,AMZN,Technology,0.1323644812853974,0.0302632112767482,0.0016916666666666666,0.13067281461873073,0.02857154461008153,0.0456760075509372,0.07839199186613588,0.7994290582473347,1,0,0,0
2018-08-01,BAC,Financials,0.0016192690853054,0.0302632112767482,0.0016916666666666666,-7.239758136126672e-05,0.02857154461008153,0.0954237652087046,0.05217408086087316,0.30244647844575634,0,1,0,0
2018-08-01,C,Financials,-0.0090416203334877,0.0302632112767482,0.0016916666666666666,-0.010733287000154365,0.02857154461008153,0.0742677683779802,0.049628477580866595,0.06898997048561828,0,1,0,0
2018-08-01,COST,Consumer,0.0659319727214995,0.0302632112767482,0.0016916666666666666,0.06424030605483284,0.02857154461008153,0.0465594098752661,0.047167699089144234,0.3960801276630812,0,0,0,1
2018-08-01,GOOGL,Technology,0.0037319901354988,0.0302632112767482,0.0016916666666666666,0.002040323468832133,0.02857154461008153,0.0868144732459856,0.05708078873250379,0.2979587809573059,1,0,0,0
2018-08-01,GS,Financials,0.0016003438277161,0.0302632112767482,0.0016916666666666666,-9.132283895056659e-05,0.02857154461008153,0.0764383271203974,0.0447340643415122,0.06735881967450053,0,1,0,0
2018-08-01,JNJ,Healthcare,0.0163748271885018,0.0302632112767482,0.0016916666666666666,0.014683160521835133,0.02857154461008153,0.0921378547949878,0.043919179486542975,0.025018169712955896,0,0,1,0
2018-08-01,JPM,Financials,0.0021981478462056,0.0302632112767482,0.0016916666666666666,0.0005064811795389334,0.02857154461008153,0.1031665164257438,0.04564546276091125,0.279478466433156,0,1,0,0
2018-08-01,KO,Consumer,-0.0441776776502369,0.0302632112767482,0.0016916666666666666,-0.045869344316903565,0.02857154461008153,0.0726244737750432,0.03868077989506984,0.05214773793978722,0,0,0,1
2018-08-01,MCD,Consumer,0.0297705338416849,0.0302632112767482,0.0016916666666666666,0.028078867175018233,0.02857154461008153,0.0118109328813218,0.0425527775240973,0.04065354742449889,0,0,0,1
2018-08-01,MRK,Healthcare,0.0412932262762504,0.0302632112767482,0.0016916666666666666,0.03960155960958373,0.02857154461008153,0.0935595205374248,0.06465591981300055,0.06477045890181521,0,0,1,0
2018-08-01,MS,Financials,-0.0285080178379941,0.0302632112767482,0.0016916666666666666,-0.03019968450466077,0.02857154461008153,0.0666670218454412,0.046248857692802604,0.09912393442567624,0,1,0,0
2018-08-01,MSFT,Technology,0.0589175901333591,0.0302632112767482,0.0016916666666666666,0.05722592346669243,0.02857154461008153,0.0757531160281648,0.04590676729804019,0.48763486862941763,1,0,0,0
2018-08-01,NVDA,Technology,0.1462875275367872,0.0302632112767482,0.0016916666666666666,0.14459586087012052,0.02857154461008153,0.0336008461759904,0.09941281742120218,0.5109840136667312,1,0,0,0
2018-08-01,PFE,Healthcare,0.0398196149310041,0.0302632112767482,0.0016916666666666666,0.038127948264337436,0.02857154461008153,0.1006063790155109,0.03623585340958589,0.2504913320391491,0,0,1,0
2018-08-01,PG,Consumer,0.0349012977428515,0.0302632112767482,0.0016916666666666666,0.03320963107618483,0.02857154461008153,0.0361265432759096,0.052680214648207054,-0.08040993117855455,0,0,0,1
2018-08-01,UNH,Healthcare,0.0601845987135889,0.0302632112767482,0.0016916666666666666,0.058492932046922234,0.02857154461008153,0.0357695241654734,0.05383696915892706,0.3387660289927106,0,0,1,0
2018-08-01,WMT,Consumer,0.0743025744092669,0.0302632112767482,0.0016916666666666666,0.07261090774260023,0.02857154461008153,0.0417977809684162,0.0768809906173718,0.14232645889519047,0,0,0,1
2018-09-01,AAPL,Technology,-0.0048250938165269,0.0042942874264617,0.0017749999999999999,-0.0066000938165268995,0.0025192874264617004,0.1962270870851146,0.07676157467673311,0.4095640179787394,1,0,0,0
2018-09-01,ABBV,Healthcare,-0.0145862931244329,0.0042942874264617,0.0017749999999999999,-0.0163612931244329,0.0025192874264617004,0.0512869069426484,0.0949930436029852,0.3194634287172142,0,0,1,0
2018-09-01,AMZN,Technology,-0.0048243068342539,0.0042942874264617,0.0017749999999999999,-0.0065993068342538996,0.0025192874264617004,0.1323644812853974,0.07903826346004474,1.0525290751051117,1,0,0,0
2018-09-01,BAC,Financials,-0.0475271893219656,0.0042942874264617,0.0017749999999999999,-0.049302189321965596,0.0025192874264617004,0.0016192690853054,0.05162869158439996,0.3171154708076014,0,1,0,0
2018-09-01,C,Financials,0.0133661794167425,0.0042942874264617,0.0017749999999999999,0.0115911794167425,0.0025192874264617004,-0.0090416203334877,0.0497039262797539,0.06586473168731422,0,1,0,0
2018-09-01,COST,Consumer,0.0100077257092736,0.0042942874264617,0.0017749999999999999,0.0082327257092736,0.0025192874264617004,0.0659319727214995,0.046420624135052616,0.5049319321984995,0,0,0,1
2018-09-01,GOOGL,Technology,-0.0200682436382994,0.0042942874264617,0.0017749999999999999,-0.021843243638299398,0.0025192874264617004,0.0037319901354988,0.057249422777411456,0.2895188709925387,1,0,0,0
2018-09-01,GS,Financials,-0.05393951624085,0.0042942874264617,0.0017749999999999999,-0.05571451624085,0.0025192874264617004,0.0016003438277161,0.04456759098542765,0.07666418880203718,0,1,0,0
2018-09-01,JNJ,Healthcare,0.0326735705520362,0.0042942874264617,0.0017749999999999999,0.0308985705520362,0.0025192874264617004,0.0163748271885018,0.04404291539664937,0.04455711402767326,0,0,1,0
2018-09-01,JPM,Financials,-0.0151857346289001,0.0042942874264617,0.0017749999999999999,-0.0169607346289001,0.0025192874264617004,0.0021981478462056,0.045337912029982136,0.28804458369421715,0,1,0,0
2018-09-01,KO,Consumer,0.0363471294096993,0.0042942874264617,0.0017749999999999999,0.0345721294096993,0.0025192874264617004,-0.0441776776502369,0.041148085691793124,0.0120691598228293,0,0,0,1
2018-09-01,MCD,Consumer,0.037627527869638,0.0042942874264617,0.0017749999999999999,0.035852527869638,0.0025192874264617004,0.0297705338416849,0.042476004265476076,0.03927842924952385,0,0,0,1
2018-09-01,MRK,Healthcare,0.0342620730006548,0.0042942874264617,0.0017749999999999999,0.0324870730006548,0.0025192874264617004,0.0412932262762504,0.06532753404531909,0.1090852767449535,0,0,1,0
2018-09-01,MS,Financials,-0.0462829725778649,0.0042942874264617,0.0017749999999999999,-0.0480579725778649,0.0025192874264617004,-0.0285080178379941,0.0465133940961383,0.09481699591407211,0,1,0,0
2018-09-01,MSFT,Technology,0.0220791028364513,0.0042942874264617,0.0017749999999999999,0.0203041028364513,0.0025192874264617004,0.0589175901333591,0.0463780610804193,0.5316701608526575,1,0,0,0
2018-09-01,NVDA,Technology,0.001759296880438,0.0042942874264617,0.0017749999999999999,-1.570311956199978e-05,0.0025192874264617004,0.1462875275367872,0.10413903266772742,0.6611833701915142,1,0,0,0
2018-09-01,PFE,Healthcare,0.0704540164578917,0.0042942874264617,0.0017749999999999999,0.0686790164578917,0.0025192874264617004,0.0398196149310041,0.03671111836493509,0.27115171015361716,0,0,1,0
2018-09-01,PG,Consumer,0.0033756088151613,0.0042942874264617,0.0017749999999999999,0.0016006088151613001,0.0025192874264617004,0.0349012977428515,0.05333139487163618,-0.0705619490906444,0,0,0,1
2018-09-01,UNH,Healthcare,-0.0090140621775218,0.0042942874264617,0.0017749999999999999,-0.010789062177521801,0.0025192874264617004,0.0601845987135889,0.05468110563287996,0.3687452116341545,0,0,1,0
2018-09-01,WMT,Consumer,-0.0146521906290627,0.0042942874264617,0.0017749999999999999,-0.0164271906290627,0.0025192874264617004,0.0743025744092669,0.07770543226606473,0.25738498291557677,0,0,0,1
2018-10-01,AAPL,Technology,-0.0304776002831376,-0.0694033560936963,0.001875,-0.0323526002831376,-0.0712783560936963,-0.0048250938165269,0.07271006212591392,0.48684927821024493,1,0,0,0
2018-10-01,ABBV,Healthcare,-0.1768871494318643,-0.0694033560936963,0.001875,-0.17876214943186428,-0.0712783560936963,-0.0145862931244329,0.08236009426225366,0.10180473981657867,0,0,1,0
2018-10-01,AMZN,Technology,-0.2021917501830787,-0.0694033560936963,0.001875,-0.20406675018307868,-0.0712783560936963,-0.0048243068342539,0.07771235595629275,1.0835283570069283,1,0,0,0
2018-10-01,BAC,Financials,-0.0620180516686226,-0.0694033560936963,0.001875,-0.0638930516686226,-0.0712783560936963,-0.0475271893219656,0.05366703531287878,0.17671190609988163,0,1,0,0
2018-10-01,C,Financials,-0.0875383428183587,-0.0694033560936963,0.001875,-0.08941334281835871,-0.0712783560936963,0.0133661794167425,0.045055473841035774,0.005516340623844984,0,1,0,0
2018-10-01,COST,Consumer,-0.0266095510257662,-0.0694033560936963,0.001875,-0.0284845510257662,-0.0712783560936963,0.0100077257092736,0.04667106361499949,0.44551894725230645,0,0,0,1
2018-10-01,GOOGL,Technology,-0.096513921993983,-0.0694033560936963,0.001875,-0.098388921993983,-0.0712783560936963,-0.0200682436382994,0.05858592052438189,0.23965826986252847,1,0,0,0
2018-10-01,GS,Financials,0.005038965324442,-0.0694033560936963,0.001875,0.0031639653244419997,-0.0712783560936963,-0.05393951624085,0.043909196727127585,-0.04244049648887138,0,1,0,0
2018-10-01,JNJ,Healthcare,0.0131722949198225,-0.0694033560936963,0.001875,0.0112972949198225,-0.0712783560936963,0.0326735705520362,0.04442400139447778,0.09132517093043235,0,0,1,0
2018-10-01,JPM,Financials,-0.0338533774792447,-0.0694033560936963,0.001875,-0.035728377479244705,-0.0712783560936963,-0.0151857346289001,0.04555724212780233,0.20712609310959285,0,1,0,0
2018-10-01,KO,Consumer,0.045405271906552,-0.0694033560936963,0.001875,0.043530271906551996,-0.0712783560936963,0.0363471294096993,0.04203803671129599,0.06143794413144277,0,0,0,1
2018-10-01,MCD,Consumer,0.0574453316908325,-0.0694033560936963,0.001875,0.055570331690832496,-0.0712783560936963,0.037627527869638,0.04305604510661649,0.0945339754452732,0,0,0,1
2018-10-01,MRK,Healthcare,0.0447169553513993,-0.0694033560936963,0.001875,0.0428419553513993,-0.0712783560936963,0.0342620730006548,0.06561107422985708,0.1440392735553806,0,0,1,0
2018-10-01,MS,Financials,-0.0195400824849698,-0.0694033560936963,0.001875,-0.021415082484969802,-0.0712783560936963,-0.0462829725778649,0.04609824554617596,-0.013730103460928844,0,1,0,0
2018-10-01,MSFT,Technology,-0.0661014860947296,-0.0694033560936963,0.001875,-0.0679764860947296,-0.0712783560936963,0.0220791028364513,0.04531461286822287,0.5630453160657873,1,0,0,0
2018-10-01,NVDA,Technology,-0.2497689074707982,-0.0694033560936963,0.001875,-0.2516439074707982,-0.0712783560936963,0.001759296880438,0.10492185215433679,0.5758690772396116,1,0,0,0
2018-10-01,PFE,Healthcare,-0.0229182876142921,-0.0694033560936963,0.001875,-0.0247932876142921,-0.0712783560936963,0.0704540164578917,0.03756820869341351,0.2803576221910604,0,0,1,0
2018-10-01,PG,Consumer,0.0654812578203745,-0.0694033560936963,0.001875,0.0636062578203745,-0.0712783560936963,0.0033756088151613,0.05329363063219086,-0.05420171873683777,0,0,0,1
2018-10-01,UNH,Healthcare,-0.0143143803107702,-0.0694033560936963,0.001875,-0.016189380310770198,-0.0712783560936963,-0.0090140621775218,0.054256186557099,0.3775306924981845,0,0,1,0
2018-10-01,WMT,Consumer,0.0678309591243455,-0.0694033560936963,0.001875,0.0659559591243455,-0.0712783560936963,-0.0146521906290627,0.07834009116185975,0.23011437112011857,0,0,0,1
2018-11-01,AAPL,Technology,-0.1840445965706151,0.0178593566547797,0.0019416666666666668,-0.18598626323728176,0.01591768998811303,-0.0304776002831376,0.07229288349365741,0.31429939466269663,1,0,0,0
2018-11-01,ABBV,Healthcare,0.2238717871066839,0.0178593566547797,0.0019416666666666668,0.22193012044001723,0.01591768998811303,-0.1768871494318643,0.09859678903755997,-0.10705847121240986,0,0,1,0
2018-11-01,AMZN,Technology,0.0576717524524197,0.0178593566547797,0.0019416666666666668,0.05573008578575303,0.01591768998811303,-0.2021917501830787,0.10476931981848092,0.4457964954539637,1,0,0,0
2018-11-01,BAC,Financials,0.032727199813523,0.0178593566547797,0.0019416666666666668,0.03078553314685633,0.01591768998811303,-0.0620180516686226,0.05355859635838117,0.021125637088601934,0,1,0,0
2018-11-01,C,Financials,-0.0102352722423385,0.0178593566547797,0.0019416666666666668,-0.012176938909005166,0.01591768998811303,-0.0875383428183587,0.05166287010134596,-0.09199232457793116,0,1,0,0
2018-11-01,COST,Consumer,0.0115907348221031,0.0178593566547797,0.0019416666666666668,0.009649068155436433,0.01591768998811303,-0.0266095510257662,0.04742125339785257,0.4350936482127994,0,0,0,1
2018-11-01,GOOGL,Technology,0.017486151979432,0.0178593566547797,0.0019416666666666668,0.015544485312765333,0.01591768998811303,-0.096513921993983,0.06568859113692795,0.05569964294689922,1,0,0,0
2018-11-01,GS,Financials,-0.1538801350570424,0.0178593566547797,0.0019416666666666668,-0.15582180172370907,0.01591768998811303,0.005038965324442,0.04329301397694021,-0.05861103864842643,0,1,0,0
2018-11-01,JNJ,Healthcare,0.0493602394297301,0.0178593566547797,0.0019416666666666668,0.04741857276306343,0.01591768998811303,0.0131722949198225,0.03969512686304505,0.031146429049748958,0,0,1,0
2018-11-01,JPM,Financials,0.0270469302615068,0.0178593566547797,0.0019416666666666668,0.02510526359484013,0.01591768998811303,-0.0338533774792447,0.04613247531291395,0.10714155286506366,0,1,0,0
2018-11-01,KO,Consumer,0.0526314311748337,0.0178593566547797,0.0019416666666666668,0.050689764508167034,0.01591768998811303,0.045405271906552,0.04308205524279283,0.0776494343737506,0,0,0,1
2018-11-01,MCD,Consumer,0.0656303175989696,0.0178593566547797,0.0019416666666666668,0.06368865093230294,0.01591768998811303,0.0574453316908325,0.04216395133150077,0.0864716296960435,0,0,0,1
2018-11-01,MRK,Healthcare,0.0778427122550955,0.0178593566547797,0.0019416666666666668,0.07590104558842883,0.01591768998811303,0.0447169553513993,0.04687460582011919,0.37917855523374455,0,0,1,0
2018-11-01,MS,Financials,-0.0211330845396338,0.0178593566547797,0.0019416666666666668,-0.023074751206300467,0.01591768998811303,-0.0195400824849698,0.04473810598159008,-0.06839448170375473,0,1,0,0
2018-11-01,MSFT,Technology,0.0381988861042437,0.0178593566547797,0.0019416666666666668,0.03625721943757703,0.01591768998811303,-0.0661014860947296,0.047436225002618605,0.30722454421753365,1,0,0,0
2018-11-01,NVDA,Technology,-0.224825484824821,0.0178593566547797,0.0019416666666666668,-0.22676715149148768,0.01591768998811303,-0.2497689074707982,0.12800624608260575,0.02197011765741408,1,0,0,0
2018-11-01,PFE,Healthcare,0.0736185029429514,0.0178593566547797,0.0019416666666666668,0.07167683627628474,0.01591768998811303,-0.0229182876142921,0.03806786190380465,0.273850921299047,0,0,1,0
2018-11-01,PG,Consumer,0.075158805312163,0.0178593566547797,0.0019416666666666668,0.07321713864549634,0.01591768998811303,0.0654812578203745,0.05441253268963235,0.06188703159835374,0,0,0,1
2018-11-01,UNH,Healthcare,0.0765639295596412,0.0178593566547797,0.0019416666666666668,0.07462226289297454,0.01591768998811303,-0.0143143803107702,0.053166300422822554,0.26021408361224596,0,0,1,0
2018-11-01,WMT,Consumer,-0.0262265682563381,0.0178593566547797,0.0019416666666666668,-0.028168234923004767,0.01591768998811303,0.0678309591243455,0.0739433466364931,0.1755940140056511,0,0,0,1
2018-12-01,AAPL,Technology,-0.1136162188235151,-0.0917768946799725,0.001975,-0.1155912188235151,-0.09375189467997251,-0.1840445965706151,0.0943215447339186,0.054874197173563344,1,0,0,0
2018-12-01,ABBV,Healthcare,-0.0220638384598571,-0.0917768946799725,0.001975,-0.0240388384598571,-0.09375189467997251,0.2238717871066839,0.11680529425459174,0.010586574036631768,0,0,1,0
2018-12-01,AMZN,Technology,-0.1113497000640443,-0.0917768946799725,0.001975,-0.1133247000640443,-0.09375189467997251,0.0576717524524197,0.10461639933162345,0.43630332617604206,1,0,0,0
2018-12-01,BAC,Financials,-0.1323942855256745,-0.0917768946799725,0.001975,-0.1343692855256745,-0.09375189467997251,0.032727199813523,0.053755780528569365,0.02534489067094503,0,1,0,0
2018-12-01,C,Financials,-0.1909504739499644,-0.0917768946799725,0.001975,-0.1929254739499644,-0.09375189467997251,-0.0102352722423385,0.05054339255064471,-0.1250928936982505,0,1,0,0
2018-12-01,COST,Consumer,-0.1171125148689521,-0.0917768946799725,0.001975,-0.11908751486895211,-0.09375189467997251,0.0115907348221031,0.031314933856491915,0.26793008582820854,0,0,0,1
2018-12-01,GOOGL,Technology,-0.05829763945238,-0.0917768946799725,0.001975,-0.06027263945238,-0.09375189467997251,0.017486151979432,0.0657520887701035,0.07091508586778494,1,0,0,0
2018-12-01,GS,Financials,-0.1204232223459351,-0.0917768946799725,0.001975,-0.1223982223459351,-0.09375189467997251,-0.1538801350570424,0.06017166785926304,-0.22006916271736765,0,1,0,0
2018-12-01,JNJ,Healthcare,-0.1159168705399076,-0.0917768946799725,0.001975,-0.1178918705399076,-0.09375189467997251,0.0493602394297301,0.04181583667578161,0.08266529168387327,0,0,1,0
2018-12-01,JPM,Financials,-0.1220434255278901,-0.0917768946799725,0.001975,-0.12401842552789011,-0.09375189467997251,0.0270469302615068,0.04516076587763471,0.08818813115735158,0,1,0,0
2018-12-01,KO,Consumer,-0.0530869743810161,-0.0917768946799725,0.001975,-0.0550619743810161,-0.09375189467997251,0.0526314311748337,0.044801584190868965,0.139572169002526,0,0,0,1
2018-12-01,MCD,Consumer,-0.0522248866797079,-0.0917768946799725,0.001975,-0.0541998866797079,-0.09375189467997251,0.0656303175989696,0.045017558722543316,0.1237114121375964,0,0,0,1
2018-12-01,MRK,Healthcare,-0.0369301733845358,-0.0917768946799725,0.001975,-0.0389051733845358,-0.09375189467997251,0.0778427122550955,0.04819923132522427,0.48169577632761307,0,0,1,0
2018-12-01,MS,Financials,-0.1067805667155553,-0.0917768946799725,0.001975,-0.10875556671555531,-0.09375189467997251,-0.0211330845396338,0.04286114804084258,-0.12084699388166908,0,1,0,0
2018-12-01,MSFT,Technology,-0.0800901347919718,-0.0917768946799725,0.001975,-0.0820651347919718,-0.09375189467997251,0.0381988861042437,0.04745479399079532,0.3411961356850006,1,0,0,0
2018-12-01,NVDA,Technology,-0.1823193211577251,-0.0917768946799725,0.001975,-0.1842943211577251,-0.09375189467997251,-0.224825484824821,0.1447200502607621,-0.18371784998280927,1,0,0,0
2018-12-01,PFE,Healthcare,-0.0485218500977371,-0.0917768946799725,0.001975,-0.0504968500977371,-0.09375189467997251,0.0736185029429514,0.04090335071843781,0.3223689948269981,0,0,1,0
2018-12-01,PG,Consumer,-0.0274042921065589,-0.0917768946799725,0.001975,-0.029379292106558902,-0.09375189467997251,0.075158805312163,0.05667673913673334,0.08724253984503338,0,0,0,1
2018-12-01,UNH,Healthcare,-0.1117569735590312,-0.0917768946799725,0.001975,-0.11373197355903121,-0.09375189467997251,0.0765639295596412,0.052243817701438565,0.24997029560370354,0,0,1,0
2018-12-01,WMT,Consumer,-0.0460831735569493,-0.0917768946799725,0.001975,-0.048058173556949295,-0.09375189467997251,-0.0262265682563381,0.06796718375035944,0.027966503247732977,0,0,0,1
2019-01-01,AAPL,Technology,0.0551538746850135,0.0786844016658261,0.001975,0.053178874685013505,0.0767094016658261,-0.1136162188235151,0.10068215537779417,-0.05390152088259126,1,0,0,0
2019-01-01,ABBV,Healthcare,-0.1290815324008284,0.0786844016658261,0.001975,-0.1310565324008284,0.0767094016658261,-0.0220638384598571,0.11709063737481198,-0.009564581697430574,0,0,1,0
2019-01-01,AMZN,Technology,0.1443170900523207,0.0786844016658261,0.001975,0.1423420900523207,0.0767094016658261,-0.1113497000640443,0.11254681976261958,0.28431689593167,1,0,0,0
2019-01-01,BAC,Financials,0.1618955360351464,0.0786844016658261,0.001975,0.1599205360351464,0.0767094016658261,-0.1323942855256745,0.06394500305069563,-0.15468967236614872,0,1,0,0
2019-01-01,C,Financials,0.2381869460234855,0.0786844016658261,0.001975,0.2362119460234855,0.0767094016658261,-0.1909504739499644,0.0727171028645525,-0.28486290269243364,0,1,0,0
2019-01-01,COST,Consumer,0.0536055991482933,0.0786844016658261,0.001975,0.0516305991482933,0.0767094016658261,-0.1171125148689521,0.050669372411763024,0.10599292816454753,0,0,0,1
2019-01-01,GOOGL,Technology,0.0774478389183122,0.0786844016658261,0.001975,0.07547283891831219,0.0767094016658261,-0.05829763945238,0.06833247467492241,-0.008012117695971877,1,0,0,0
2019-01-01,GS,Financials,0.1853335631795107,0.0786844016658261,0.001975,0.1833585631795107,0.0767094016658261,-0.1204232223459351,0.06442093158018806,-0.3352524890260594,0,1,0,0
2019-01-01,JNJ,Healthcare,0.0312283950729579,0.0786844016658261,0.001975,0.029253395072957898,0.0767094016658261,-0.1159168705399076,0.05489516380205394,-0.051314916208668127,0,0,1,0
2019-01-01,JPM,Financials,0.0602336204838034,0.0786844016658261,0.001975,0.058258620483803404,0.0767094016658261,-0.1220434255278901,0.058271153699414165,-0.06623802774094434,0,1,0,0
2019-01-01,KO,Consumer,0.016473133562288,0.0786844016658261,0.001975,0.014498133562287997,0.0767094016658261,-0.0530869743810161,0.048580261642600944,0.06773458966278079,0,0,0,1
2019-01-01,MCD,Consumer,0.0068143161546248,0.0786844016658261,0.001975,0.0048393161546248,0.0767094016658261,-0.0522248866797079,0.048566872804118005,0.05779090329396763,0,0,0,1
2019-01-01,MRK,Healthcare,-0.0190841461237263,0.0786844016658261,0.001975,-0.0210591461237263,0.0767094016658261,-0.0369301733845358,0.05232920039084138,0.40161696472062736,0,0,1,0
2019-01-01,MS,Financials,0.066834445560834,0.0786844016658261,0.001975,0.06485944556083399,0.0767094016658261,-0.1067805667155553,0.05011854459252959,-0.22759457071766076,0,1,0,0
2019-01-01,MSFT,Technology,0.0281575850002113,0.0786844016658261,0.001975,0.026182585000211298,0.0767094016658261,-0.0800901347919718,0.056489870359335996,0.20795359816624526,1,0,0,0
2019-01-01,NVDA,Technology,0.0767789686805271,0.0786844016658261,0.001975,0.07480396868052709,0.0767094016658261,-0.1823193211577251,0.15330719737570053,-0.3081524481375505,1,0,0,0
2019-01-01,PFE,Healthcare,-0.0274912218908857,0.0786844016658261,0.001975,-0.029466221890885703,0.0767094016658261,-0.0485218500977371,0.045900584440501616,0.2481890265214366,0,0,1,0
2019-01-01,PG,Consumer,0.0494994013247676,0.0786844016658261,0.001975,0.0475244013247676,0.0767094016658261,-0.0274042921065589,0.05742318333702563,0.03569539931472221,0,0,0,1
2019-01-01,UNH,Healthcare,0.0846177748800205,0.0786844016658261,0.001975,0.08264277488002049,0.0767094016658261,-0.1117569735590312,0.06344563800869697,0.14523950274620345,0,0,1,0
2019-01-01,WMT,Consumer,0.0343848899465013,0.0786844016658261,0.001975,0.032409889946501305,0.0767094016658261,-0.0460831735569493,0.06936989575875227,-0.03449947417180532,0,0,0,1
2019-02-01,AAPL,Technology,0.0403150811103474,0.0297288893439271,0.0019916666666666668,0.03832341444368073,0.027737222677260434,0.0551538746850135,0.10183305300729507,0.009011384237509912,1,0,0,0
2019-02-01,ABBV,Healthcare,-0.0009729423992449,0.0297288893439271,0.0019916666666666668,-0.002964609065911567,0.027737222677260434,-0.1290815324008284,0.11198953092222771,-0.25663051669125647,0,0,1,0
2019-02-01,AMZN,Technology,-0.0459059848796181,0.0297288893439271,0.0019916666666666668,-0.04789765154628477,0.027737222677260434,0.1443170900523207,0.09847373606146079,0.18460390345407984,1,0,0,0
2019-02-01,BAC,Financials,0.0214259959130873,0.0297288893439271,0.0019916666666666668,0.019434329246420634,0.027737222677260434,0.1618955360351464,0.07716309490492837,-0.09395538151886529,0,1,0,0
2019-02-01,C,Financials,-0.00744654117669,0.0297288893439271,0.0019916666666666668,-0.009438207843356666,0.027737222677260434,0.2381869460234855,0.10368387300664136,-0.1604474455404158,0,1,0,0
2019-02-01,COST,Consumer,0.0191493354283927,0.0297288893439271,0.0019916666666666668,0.017157668761726034,0.027737222677260434,0.0536055991482933,0.05114487212324214,0.11295728319253584,0,0,0,1
2019-02-01,GOOGL,Technology,0.000586085484256,0.0297288893439271,0.0019916666666666668,-0.0014055811824106668,0.027737222677260434,0.0774478389183122,0.06206132417394288,-0.04764763566905417,1,0,0,0
2019-02-01,GS,Financials,-0.0066156600782673,0.0297288893439271,0.0019916666666666668,-0.008607326744933967,0.027737222677260434,0.1853335631795107,0.08752695028548135,-0.2506717829476619,0,1,0,0
2019-02-01,JNJ,Healthcare,0.0267508824993392,0.0297288893439271,0.0019916666666666668,0.024759215832672533,0.027737222677260434,0.0312283950729579,0.05568247805701283,-0.01085749942068337,0,0,1,0
2019-02-01,JPM,Financials,0.0164977184382142,0.0297288893439271,0.0019916666666666668,0.014506051771547533,0.027737222677260434,0.0602336204838034,0.05567749890266191,-0.08471308230882868,0,1,0,0
2019-02-01,KO,Consumer,-0.0579678746808316,0.0297288893439271,0.0019916666666666668,-0.05995954134749827,0.027737222677260434,0.016473133562288,0.04774947939864257,0.0463256226827482,0,0,0,1
2019-02-01,MCD,Consumer,0.0283029102254563,0.0297288893439271,0.0019916666666666668,0.026311243558789634,0.027737222677260434,0.0068143161546248,0.04843234673064892,0.07109789494169005,0,0,0,1
2019-02-01,MRK,Healthcare,0.092167232695022,0.0297288893439271,0.0019916666666666668,0.09017556602835533,0.027737222677260434,-0.0190841461237263,0.05302793601374353,0.2947063004758803,0,0,1,0
2019-02-01,MS,Financials,-0.0005079413299992,0.0297288893439271,0.0019916666666666668,-0.0024996079966658666,0.027737222677260434,0.066834445560834,0.04824291229665217,-0.23542341125552457,0,1,0,0
2019-02-01,MSFT,Technology,0.0727762073898228,0.0297288893439271,0.0019916666666666668,0.07078454072315613,0.027737222677260434,0.0281575850002113,0.04855229713905196,0.11817502473318409,1,0,0,0
2019-02-01,NVDA,Technology,0.0731129126106748,0.0297288893439271,0.0019916666666666668,0.07112124594400814,0.027737222677260434,0.0767789686805271,0.128212470885363,-0.41354309405191114,1,0,0,0
2019-02-01,PFE,Healthcare,0.0301199631903303,0.0297288893439271,0.0019916666666666668,0.028128296523663634,0.027737222677260434,-0.0274912218908857,0.047837900188446324,0.18700182567037094,0,0,1,0
2019-02-01,PG,Consumer,0.0296411677115131,0.0297288893439271,0.0019916666666666668,0.027649501044846436,0.027737222677260434,0.0494994013247676,0.05485722420382731,0.1567064869942283,0,0,0,1
2019-02-01,UNH,Healthcare,-0.10355287833915,0.0297288893439271,0.0019916666666666668,-0.10554454500581667,0.027737222677260434,0.0846177748800205,0.06443434819394336,0.1565325322186697,0,0,1,0
2019-02-01,WMT,Consumer,0.0329749215105461,0.0297288893439271,0.0019916666666666668,0.030983254843879437,0.027737222677260434,0.0343848899465013,0.0650743412561688,-0.07969480833369436,0,0,0,1
2019-03-01,AAPL,Technology,0.101730360262914,0.0179242562495884,0.002,0.099730360262914,0.015924256249588403,0.0403150811103474,0.10082924496626468,-0.01330809191100224,1,0,0,0
2019-03-01,ABBV,Healthcare,0.0170370808479294,0.0179242562495884,0.002,0.0150370808479294,0.015924256249588403,-0.0009729423992449,0.11067825973306018,-0.2856236931489372,0,0,1,0
2019-03-01,AMZN,Technology,0.0859357073135327,0.0179242562495884,0.002,0.0839357073135327,0.015924256249588403,-0.0459059848796181,0.09984654008260811,0.08422101228491718,1,0,0,0
2019-03-01,BAC,Financials,-0.0463939577623198,0.0179242562495884,0.002,-0.0483939577623198,0.015924256249588403,0.0214259959130873,0.07752938144329687,-0.07742539497460377,0,1,0,0
2019-03-01,C,Financials,-0.0206716558968574,0.0179242562495884,0.002,-0.0226716558968574,0.015924256249588403,-0.00744654117669,0.1032961383446076,-0.1336940801074029,0,1,0,0
2019-03-01,COST,Consumer,0.1099662485584049,0.0179242562495884,0.002,0.10796624855840489,0.015924256249588403,0.0191493354283927,0.05026229020130558,0.15785807570424204,0,0,0,1
2019-03-01,GOOGL,Technology,0.0446853034667902,0.0179242562495884,0.002,0.0426853034667902,0.015924256249588403,0.000586085484256,0.05871051718840639,0.02049961358582575,1,0,0,0
2019-03-01,GS,Financials,-0.0200034940520448,0.0179242562495884,0.002,-0.022003494052044797,0.015924256249588403,-0.0066156600782673,0.08761654967684104,-0.24158714126168868,0,1,0,0
2019-03-01,JNJ,Healthcare,0.0298384547859851,0.0179242562495884,0.002,0.027838454785985102,0.015924256249588403,0.0267508824993392,0.052640920730513796,0.0805832368349193,0,0,1,0
2019-03-01,JPM,Financials,-0.0299923979548155,0.0179242562495884,0.002,-0.0319923979548155,0.015924256249588403,0.0164977184382142,0.055999545581342854,-0.07307211311207784,0,1,0,0
2019-03-01,KO,Consumer,0.0335243130958662,0.0179242562495884,0.002,0.031524313095866195,0.015924256249588403,-0.0579678746808316,0.04219535715680914,0.0853345131249923,0,0,0,1
2019-03-01,MCD,Consumer,0.0395397004687394,0.0179242562495884,0.002,0.0375397004687394,0.015924256249588403,0.0283029102254563,0.04053300629838095,0.1949782240601896,0,0,0,1
2019-03-01,MRK,Healthcare,0.0231270822983897,0.0179242562495884,0.002,0.0211270822983897,0.015924256249588403,0.092167232695022,0.04415668784415787,0.5452164575360254,0,0,1,0
2019-03-01,MS,Financials,0.005240544722687,0.0179242562495884,0.002,0.0032405447226870002,0.015924256249588403,-0.0005079413299992,0.048397178042965706,-0.23193900253160127,0,1,0,0
2019-03-01,MSFT,Technology,0.0572494486268329,0.0179242562495884,0.002,0.0552494486268329,0.015924256249588403,0.0727762073898228,0.051034961093303216,0.21541440477929608,1,0,0,0
2019-03-01,NVDA,Technology,0.1652085996989492,0.0179242562495884,0.002,0.16320859969894919,0.015924256249588403,0.0731129126106748,0.13195526331902077,-0.36078346538154193,1,0,0,0
2019-03-01,PFE,Healthcare,-0.0202999750204104,0.0179242562495884,0.002,-0.022299975020410402,0.015924256249588403,0.0301199631903303,0.04666061988472742,0.24733732410155862,0,0,1,0
2019-03-01,PG,Consumer,0.0558092707146951,0.0179242562495884,0.002,0.0538092707146951,0.015924256249588403,0.0296411677115131,0.04556013275363366,0.2996983484082538,0,0,0,1
2019-03-01,UNH,Healthcare,0.0208075569557828,0.0179242562495884,0.002,0.018807556955782803,0.015924256249588403,-0.10355287833915,0.07119101394801988,0.08545446958263536,0,0,1,0
2019-03-01,WMT,Consumer,-0.0147489253722957,0.0179242562495884,0.002,-0.0167489253722957,0.015924256249588403,0.0329749215105461,0.04504342642121719,0.1258697790677934,0,0,0,1
2019-04-01,AAPL,Technology,0.0564360340063292,0.0393134983137379,0.001983333333333333,0.05445270067299587,0.03733016498040457,0.101730360262914,0.10273852648581813,0.14937647514110286,1,0,0,0
2019-04-01,ABBV,Healthcare,-0.0148902400894398,0.0393134983137379,0.001983333333333333,-0.016873573422773132,0.03733016498040457,0.0170370808479294,0.09865685547700467,-0.11087197190384335,0,0,1,0
2019-04-01,AMZN,Technology,0.0818587454691699,0.0393134983137379,0.001983333333333333,0.07987541213583656,0.03733016498040457,0.0859357073135327,0.10037788876510637,0.2303605573558294,1,0,0,0
2019-04-01,BAC,Financials,0.1083725342942323,0.0393134983137379,0.001983333333333333,0.10638920096089896,0.03733016498040457,-0.0463939577623198,0.07632093838882799,-0.05832948058186127,0,1,0,0
2019-04-01,C,Financials,0.1362899267923603,0.0393134983137379,0.001983333333333333,0.13430659345902696,0.03733016498040457,-0.0206716558968574,0.09906542967155227,-0.05501028825318155,0,1,0,0
2019-04-01,COST,Consumer,0.0140002341725724,0.0393134983137379,0.001983333333333333,0.012016900839239066,0.03733016498040457,0.1099662485584049,0.05666948980296989,0.2985550221596771,0,0,0,1
2019-04-01,GOOGL,Technology,0.0187527893771102,0.0393134983137379,0.001983333333333333,0.016769456043776866,0.03733016498040457,0.0446853034667902,0.05611937460869056,0.13474566327747928,1,0,0,0
2019-04-01,GS,Financials,0.0725556952959762,0.0393134983137379,0.001983333333333333,0.07057236196264287,0.03733016498040457,-0.0200034940520448,0.08739080553870188,-0.22626213939212436,0,1,0,0
2019-04-01,JNJ,Healthcare,0.0100867136115145,0.0393134983137379,0.001983333333333333,0.008103380278181166,0.03733016498040457,0.0298384547859851,0.05277427208118261,0.12067306674779532,0,0,1,0
2019-04-01,JPM,Financials,0.1463993523854518,0.0393134983137379,0.001983333333333333,0.14441601905211846,0.03733016498040457,-0.0299923979548155,0.05497883518078153,-0.05565908537003106,0,1,0,0
2019-04-01,KO,Consumer,0.056088206412683,0.0393134983137379,0.001983333333333333,0.05410487307934967,0.03733016498040457,0.0335243130958662,0.042828784408632775,0.11629603295039748,0,0,0,1
2019-04-01,MCD,Consumer,0.040389722573241,0.0393134983137379,0.001983333333333333,0.03840638923990767,0.03733016498040457,0.0395397004687394,0.04064063893984695,0.24515301856554883,0,0,0,1
2019-04-01,MRK,Healthcare,-0.0472029474766433,0.0393134983137379,0.001983333333333333,-0.04918628080997663,0.03733016498040457,0.0231270822983897,0.04320497505983591,0.5736964037771759,0,0,1,0
2019-04-01,MS,Financials,0.1433651427882898,0.0393134983137379,0.001983333333333333,0.14138180945495646,0.03733016498040457,0.005240544722687,0.04864534600098353,-0.19843818827886972,0,1,0,0
2019-04-01,MSFT,Technology,0.1073427715620598,0.0393134983137379,0.001983333333333333,0.10535943822872647,0.03733016498040457,0.0572494486268329,0.05056355590739247,0.31402117144904773,1,0,0,0
2019-04-01,NVDA,Technology,0.0080195825445972,0.0393134983137379,0.001983333333333333,0.006036249211263866,0.03733016498040457,0.1652085996989492,0.14303273355052584,-0.22218301945611785,1,0,0,0
2019-04-01,PFE,Healthcare,-0.0437954185252793,0.0393134983137379,0.001983333333333333,-0.04577875185861263,0.03733016498040457,-0.0202999750204104,0.04713572393282311,0.23877475327529507,0,0,1,0
2019-04-01,PG,Consumer,0.0233541087572288,0.0393134983137379,0.001983333333333333,0.021370775423895465,0.03733016498040457,0.0558092707146951,0.046270116023540815,0.3590787661505095,0,0,0,1
2019-04-01,UNH,Healthcare,-0.0537911059409034,0.0393134983137379,0.001983333333333333,-0.05577443927423673,0.03733016498040457,0.0208075569557828,0.06839356800435759,0.17100180935499054,0,0,1,0
2019-04-01,WMT,Consumer,0.0601185863543949,0.0393134983137379,0.001983333333333333,0.05813525302106157,0.03733016498040457,-0.0147489253722957,0.04519710287626112,0.12223073356434866,0,0,0,1
2019-05-01,AAPL,Technology,-0.1275727118074535,-0.0657777313668354,0.001958333333333333,-0.12953104514078684,-0.06773606470016874,0.0564360340063292,0.10281319629438711,0.23275876905749748,1,0,0,0
2019-05-01,ABBV,Healthcare,-0.0209460398993419,-0.0657777313668354,0.001958333333333333,-0.022904373232675232,-0.06773606470016874,-0.0148902400894398,0.0983539612672226,-0.14134765013449047,0,0,1,0
2019-05-01,AMZN,Technology,-0.0786131967477928,-0.0657777313668354,0.001958333333333333,-0.08057153008112614,-0.06773606470016874,0.0818587454691699,0.1003662075856021,0.2301148990772417,1,0,0,0
2019-05-01,BAC,Financials,-0.1301504119392929,-0.0657777313668354,0.001958333333333333,-0.13210874527262623,-0.06773606470016874,0.1083725342942323,0.08277673178992023,0.04225269507990248,0,1,0,0
2019-05-01,C,Financials,-0.1209329220292591,-0.0657777313668354,0.001958333333333333,-0.12289125536259243,-0.06773606470016874,0.1362899267923603,0.10667439518773252,0.06167143844051726,0,1,0,0
2019-05-01,COST,Consumer,-0.0242330499497686,-0.0657777313668354,0.001958333333333333,-0.026191383283101933,-0.06773606470016874,0.0140002341725724,0.056253063978935834,0.2584320624286782,0,0,0,1
2019-05-01,GOOGL,Technology,-0.0771168304831164,-0.0657777313668354,0.001958333333333333,-0.07907516381644975,-0.06773606470016874,0.0187527893771102,0.05533406435382978,0.17708954394905607,1,0,0,0
2019-05-01,GS,Financials,-0.113782152485121,-0.0657777313668354,0.001958333333333333,-0.11574048581845434,-0.06773606470016874,0.0725556952959762,0.09021684690642362,-0.12301102857497537,0,1,0,0
2019-05-01,JNJ,Healthcare,-0.0711756898685124,-0.0657777313668354,0.001958333333333333,-0.07313402320184574,-0.06773606470016874,0.0100867136115145,0.052245818098962435,0.1468326137268121,0,0,1,0
2019-05-01,JPM,Financials,-0.0799588333487689,-0.0657777313668354,0.001958333333333333,-0.08191716668210224,-0.06773606470016874,0.1463993523854518,0.06977957803437285,0.09443471229583533,0,1,0,0
2019-05-01,KO,Consumer,0.0014266819557073,-0.0657777313668354,0.001958333333333333,-0.0005316513776260333,-0.06773606470016874,0.056088206412683,0.04474975266707301,0.17454065897292081,0,0,0,1
2019-05-01,MCD,Consumer,0.0035429939180813,-0.0657777313668354,0.001958333333333333,0.001584660584747967,-0.06773606470016874,0.040389722573241,0.03800160622089873,0.2098757416489898,0,0,0,1
2019-05-01,MRK,Healthcare,0.006352364732971,-0.0657777313668354,0.001958333333333333,0.004394031399637666,-0.06773606470016874,-0.0472029474766433,0.04657213901978395,0.3753187168009666,0,0,1,0
2019-05-01,MS,Financials,-0.1513678486374797,-0.0657777313668354,0.001958333333333333,-0.15332618197081305,-0.06773606470016874,0.1433651427882898,0.0662015398519768,-0.04197715797366597,0,1,0,0
2019-05-01,MSFT,Technology,-0.052986131944238,-0.0657777313668354,0.001958333333333333,-0.05494446527757133,-0.06773606470016874,0.1073427715620598,0.05597488073453082,0.42006435275326126,1,0,0,0
2019-05-01,NVDA,Technology,-0.2516022094867381,-0.0657777313668354,0.001958333333333333,-0.25356054282007146,-0.06773606470016874,0.0080195825445972,0.14300164595523485,-0.19262228227408262,1,0,0,0
2019-05-01,PFE,Healthcare,0.0224080913977329,-0.0657777313668354,0.001958333333333333,0.020449758064399567,-0.06773606470016874,-0.0437954185252793,0.05022814442351637,0.14828440192877168,0,0,1,0
2019-05-01,PG,Consumer,-0.0267047132413396,-0.0657777313668354,0.001958333333333333,-0.028663046574672932,-0.06773606470016874,0.0233541087572288,0.029300251224803616,0.5242481399662668,0,0,0,1
2019-05-01,UNH,Healthcare,0.0374560901074225,-0.0657777313668354,0.001958333333333333,0.035497756774089166,-0.06773606470016874,-0.0537911059409034,0.06426081163591069,-0.0002867845170252403,0,0,1,0
2019-05-01,WMT,Consumer,-0.0136136082292094,-0.0657777313668354,0.001958333333333333,-0.015571941562542733,-0.06773606470016874,0.0601185863543949,0.04720985090707793,0.18946528720829403,0,0,0,1
2019-06-01,AAPL,Technology,0.1348727098685538,0.0689301639982407,0.0018083333333333335,0.13306437653522046,0.06712183066490737,-0.1275727118074535,0.10510489205200037,-0.04887972688874598,1,0,0,0
2019-06-01,ABBV,Healthcare,-0.0520143339996598,0.0689301639982407,0.0018083333333333335,-0.05382266733299314,0.06712183066490737,-0.0209460398993419,0.09742251292002219,-0.18805065353825146,0,0,1,0
2019-06-01,AMZN,Technology,0.0667917465500809,0.0689301639982407,0.0018083333333333335,0.06498341321674757,0.06712183066490737,-0.0786131967477928,0.10421394627309705,0.08925392218899919,1,0,0,0
2019-06-01,BAC,Financials,0.0902256410142468,0.0689301639982407,0.0018083333333333335,0.08841730768091347,0.06712183066490737,-0.1301504119392929,0.09141156818855373,-0.06592404498260218,0,1,0,0
2019-06-01,C,Financials,0.134042591555719,0.0689301639982407,0.0018083333333333335,0.13223425822238566,0.06712183066490737,-0.1209329220292591,0.1129934140149588,-0.04460878564253512,0,1,0,0
2019-06-01,COST,Consumer,0.1059924223284445,0.0689301639982407,0.0018083333333333335,0.10418408899511117,0.06712183066490737,-0.0242330499497686,0.057626706129792094,0.22124641773986276,0,0,0,1
2019-06-01,GOOGL,Technology,-0.0214189345938912,0.0689301639982407,0.0018083333333333335,-0.023227267927224533,0.06712183066490737,-0.0771168304831164,0.057146299990685594,0.0059090921495241755,1,0,0,0
2019-06-01,GS,Financials,0.1262107047958676,0.0689301639982407,0.0018083333333333335,0.12440237146253427,0.06712183066490737,-0.113782152485121,0.09465137016839624,-0.1799590548944412,0,1,0,0
2019-06-01,JNJ,Healthcare,0.069256691153845,0.0689301639982407,0.0018083333333333335,0.06744835782051167,0.06712183066490737,-0.0711756898685124,0.05439682603704667,0.12638263189128707,0,0,1,0
2019-06-01,JPM,Financials,0.0551151324296803,0.0689301639982407,0.0018083333333333335,0.05330679909634697,0.06712183066490737,-0.0799588333487689,0.07432880976638147,0.01841561292511651,0,1,0,0
2019-06-01,KO,Consumer,0.0364340972762013,0.0689301639982407,0.0018083333333333335,0.03462576394286796,0.06712183066490737,0.0014266819557073,0.04453985520566875,0.1819610785330954,0,0,0,1
2019-06-01,MCD,Consumer,0.0534932083134893,0.0689301639982407,0.0018083333333333335,0.05168487498015596,0.06712183066490737,0.0035429939180813,0.03322156538909534,0.2705414096781693,0,0,0,1
2019-06-01,MRK,Healthcare,0.0585784717954194,0.0689301639982407,0.0018083333333333335,0.05677013846208606,0.06712183066490737,0.006352364732971,0.046751041293530554,0.3687110045640736,0,0,1,0
2019-06-01,MS,Financials,0.0766771650998083,0.0689301639982407,0.0018083333333333335,0.07486883176647498,0.06712183066490737,-0.1513678486374797,0.07907650473688617,-0.16700169343975102,0,1,0,0
2019-06-01,MSFT,Technology,0.0871270746539449,0.0689301639982407,0.0018083333333333335,0.08531874132061157,0.06712183066490737,-0.052986131944238,0.060199676328528136,0.27243662946324165,1,0,0,0
2019-06-01,NVDA,Technology,0.2137710727546982,0.0689301639982407,0.0018083333333333335,0.21196273942136487,0.06712183066490737,-0.2516022094867381,0.15263922256171378,-0.4611462647560236,1,0,0,0
2019-06-01,PFE,Healthcare,0.0526064782331807,0.0689301639982407,0.0018083333333333335,0.05079814489984737,0.06712183066490737,0.0224080913977329,0.04929160227769721,0.1962341095069482,0,0,1,0
2019-06-01,PG,Consumer,0.0654940055186656,0.0689301639982407,0.0018083333333333335,0.06368567218533228,0.06712183066490737,-0.0267047132413396,0.034337641259564615,0.4532673148795676,0,0,0,1
2019-06-01,UNH,Healthcare,0.0091400985403664,0.0689301639982407,0.0018083333333333335,0.0073317652070330665,0.06712183066490737,0.0374560901074225,0.0648621416059494,0.015213506819781175,0,0,1,0
2019-06-01,WMT,Consumer,0.095001513404259,0.0689301639982407,0.0018083333333333335,0.09319318007092567,0.06712183066490737,-0.0136136082292094,0.040815454448600276,0.25742263918121844,0,0,0,1
2019-07-01,AAPL,Technology,0.0763944245659193,0.0131281521669579,0.00175,0.0746444245659193,0.0113781521669579,0.1348727098685538,0.11190832337890791,0.08547748247628362,1,0,0,0
2019-07-01,ABBV,Healthcare,-0.0838828619822532,0.0131281521669579,0.00175,-0.0856328619822532,0.0113781521669579,-0.0520143339996598,0.09693230789066806,-0.17802766477262622,0,0,1,0
2019-07-01,AMZN,Technology,-0.0141791834936947,0.0131281521669579,0.00175,-0.0159291834936947,0.0113781521669579,0.0667917465500809,0.1050715582026613,0.11403112925903902,1,0,0,0
2019-07-01,BAC,Financials,0.0636473767443137,0.0131281521669579,0.00175,0.0618973767443137,0.0113781521669579,0.0902256410142468,0.0947411776108569,0.04479048787586759,0,1,0,0
2019-07-01,C,Financials,0.0161362677413439,0.0131281521669579,0.00175,0.014386267741343899,0.0113781521669579,0.134042591555719,0.11928970971360345,0.07464509505170125,0,1,0,0
2019-07-01,COST,Consumer,0.0430254574785775,0.0131281521669579,0.00175,0.0412754574785775,0.0113781521669579,0.1059924223284445,0.06215807613718538,0.27754832130617,0,0,0,1
2019-07-01,GOOGL,Technology,0.1250462938807344,0.0131281521669579,0.00175,0.1232962938807344,0.0113781521669579,-0.0214189345938912,0.05695119036973583,-0.04108262918465799,1,0,0,0
2019-07-01,GS,Financials,0.075904260633965,0.0131281521669579,0.00175,0.074154260633965,0.0113781521669579,0.1262107047958676,0.10264377777127456,-0.0575604984814817,0,1,0,0
2019-07-01,JNJ,Healthcare,-0.0650488732675729,0.0131281521669579,0.00175,-0.0667988732675729,0.0113781521669579,0.069256691153845,0.05689087986115442,0.17857899719515768,0,0,1,0
2019-07-01,JPM,Financials,0.0375672111951932,0.0131281521669579,0.00175,0.035817211195193197,0.0113781521669579,0.0551151324296803,0.07502389550536222,0.10352334241214778,0,1,0,0
2019-07-01,KO,Consumer,0.0416502906142637,0.0131281521669579,0.00175,0.0399002906142637,0.0113781521669579,0.0364340972762013,0.04496023185137032,0.20100437308156271,0,0,0,1
2019-07-01,MCD,Consumer,0.0147355879898156,0.0131281521669579,0.00175,0.0129855879898156,0.0113781521669579,0.0534932083134893,0.031686894610090326,0.3668674770709386,0,0,0,1
2019-07-01,MRK,Healthcare,-0.0036462502019339,0.0131281521669579,0.00175,-0.0053962502019339,0.0113781521669579,0.0585784717954194,0.04750299984218815,0.4209601175414919,0,0,1,0
2019-07-01,MS,Financials,0.0171195211981278,0.0131281521669579,0.00175,0.015369521198127801,0.0113781521669579,0.0766771650998083,0.08171456189659015,-0.05128539027777923,0,1,0,0
2019-07-01,MSFT,Technology,0.0172440346006477,0.0131281521669579,0.00175,0.0154940346006477,0.0113781521669579,0.0871270746539449,0.062603760708264,0.3805426027800478,1,0,0,0
2019-07-01,NVDA,Technology,0.0273400543871362,0.0131281521669579,0.00175,0.0255900543871362,0.0113781521669579,0.2137710727546982,0.16876458351061335,-0.3041718391171423,1,0,0,0
2019-07-01,PFE,Healthcare,-0.1034164782734545,0.0131281521669579,0.00175,-0.1051664782734545,0.0113781521669579,0.0526064782331807,0.050410844548474096,0.23496124392775042,0,0,1,0
2019-07-01,PG,Consumer,0.0765159961085664,0.0131281521669579,0.00175,0.0747659961085664,0.0113781521669579,0.0654940055186656,0.03421698365979841,0.45144700413171424,0,0,0,1
2019-07-01,UNH,Healthcare,0.0250101713582577,0.0131281521669579,0.00175,0.023260171358257697,0.0113781521669579,0.0091400985403664,0.06477221495285564,0.00849940842316843,0,0,1,0
2019-07-01,WMT,Consumer,-0.0009953422005675,0.0131281521669579,0.00175,-0.0027453422005675,0.0113781521669579,0.095001513404259,0.04587160467304829,0.3185774425214438,0,0,0,1
2019-08-01,AAPL,Technology,-0.0201839811204062,-0.0180916272405239,0.001625,-0.0218089811204062,-0.0197166272405239,0.0763944245659193,0.11337309830350192,0.13659612027458534,1,0,0,0
2019-08-01,ABBV,Healthcare,0.0018378062023634,-0.0180916272405239,0.001625,0.00021280620236339997,-0.0197166272405239,-0.0838828619822532,0.09906113644188945,-0.24354824976282097,0,0,1,0
2019-08-01,AMZN,Technology,-0.048473822697145,-0.0180916272405239,0.001625,-0.050098822697145,-0.0197166272405239,-0.0141791834936947,0.10486775868468357,0.05026324552644934,1,0,0,0
2019-08-01,BAC,Financials,-0.1033246010098524,-0.0180916272405239,0.001625,-0.1049496010098524,-0.0197166272405239,0.0636473767443137,0.0924856608198616,0.014482885045725702,0,1,0,0
2019-08-01,C,Financials,-0.0956999563580189,-0.0180916272405239,0.001625,-0.0973249563580189,-0.0197166272405239,0.0161362677413439,0.11772090067019658,0.016493176260095277,0,1,0,0
2019-08-01,COST,Consumer,0.0694047467810357,-0.0180916272405239,0.001625,0.0677797467810357,-0.0197166272405239,0.0430254574785775,0.06204148978420926,0.27323438087492047,0,0,0,1
2019-08-01,GOOGL,Technology,-0.0227138662824419,-0.0180916272405239,0.001625,-0.0243388662824419,-0.0197166272405239,0.1250462938807344,0.06310755288925256,-0.007349956472763375,1,0,0,0
2019-08-01,GS,Financials,-0.0736837952515575,-0.0180916272405239,0.001625,-0.0753087952515575,-0.0197166272405239,0.075904260633965,0.10260767332874289,-0.0580280824949545,0,1,0,0
2019-08-01,JNJ,Healthcare,-0.0142836437902532,-0.0180916272405239,0.001625,-0.0159086437902532,-0.0197166272405239,-0.0650488732675729,0.05567773837244597,0.008951165398102257,0,0,1,0
2019-08-01,JPM,Financials,-0.046226232673952,-0.0180916272405239,0.001625,-0.047851232673952,-0.0197166272405239,0.0375672111951932,0.06989667499530237,0.03790281868334899,0,1,0,0
2019-08-01,KO,Consumer,0.0457916382437608,-0.0180916272405239,0.001625,0.0441666382437608,-0.0197166272405239,0.0416502906142637,0.04224013463930252,0.16632296282266612,0,0,0,1
2019-08-01,MCD,Consumer,0.0344062021697573,-0.0180916272405239,0.001625,0.0327812021697573,-0.0197166272405239,0.0147355879898156,0.031571783724699695,0.3708184285970948,0,0,0,1
2019-08-01,MRK,Healthcare,0.0419329470164209,-0.0180916272405239,0.001625,0.040307947016420896,-0.0197166272405239,-0.0036462502019339,0.04397043606308878,0.29465192779830374,0,0,1,0
2019-08-01,MS,Financials,-0.0616348826322533,-0.0180916272405239,0.001625,-0.0632598826322533,-0.0197166272405239,0.0171195211981278,0.07918179744156383,-0.09535391098445845,0,1,0,0
2019-08-01,MSFT,Technology,0.011668117919181,-0.0180916272405239,0.001625,0.010043117919181001,-0.0197166272405239,0.0172440346006477,0.060889428210482446,0.3054563414839202,1,0,0,0
2019-08-01,NVDA,Technology,-0.0071718774663899,-0.0180916272405239,0.001625,-0.0087968774663899,-0.0197166272405239,0.0273400543871362,0.16860747633731896,-0.30838665303900237,1,0,0,0
2019-08-01,PFE,Healthcare,-0.0847065043034931,-0.0180916272405239,0.001625,-0.0863315043034931,-0.0197166272405239,-0.1034164782734545,0.05457589398573981,0.006032603833321382,0,0,1,0
2019-08-01,PG,Consumer,0.0251493686603367,-0.0180916272405239,0.001625,0.0235243686603367,-0.0197166272405239,0.0765159961085664,0.0365595333703029,0.508026145639981,0,0,0,1
2019-08-01,UNH,Healthcare,-0.0602788668833247,-0.0180916272405239,0.001625,-0.0619038668833247,-0.0197166272405239,0.0250101713582577,0.06434553155904199,-0.001976668240542656,0,0,1,0
2019-08-01,WMT,Consumer,0.0351511262666268,-0.0180916272405239,0.001625,0.0335261262666268,-0.0197166272405239,-0.0009953422005675,0.04604707320447556,0.2644152548719252,0,0,0,1
2019-09-01,AAPL,Technology,0.0770383575561062,0.0171811779310206,0.001575,0.0754633575561062,0.0156061779310206,-0.0201839811204062,0.09845288120552982,-0.069027028676373,1,0,0,0
2019-09-01,ABBV,Healthcare,0.151810056828878,0.0171811779310206,0.001575,0.150235056828878,0.0156061779310206,0.0018378062023634,0.09689475735434268,-0.2791292681847348,0,0,1,0
2019-09-01,AMZN,Technology,-0.0227327431597064,0.0171811779310206,0.001575,-0.0243077431597064,0.0156061779310206,-0.048473822697145,0.09837116899582535,-0.11746351312338787,1,0,0,0
2019-09-01,BAC,Financials,0.0603418433649662,0.0171811779310206,0.001575,0.0587668433649662,0.0156061779310206,-0.1033246010098524,0.09766342923106519,-0.09180876028096974,0,1,0,0
2019-09-01,C,Financials,0.081574693509494,0.0171811779310206,0.001575,0.07999969350949401,0.0156061779310206,-0.0956999563580189,0.12143405253728393,-0.07239815262158267,0,1,0,0
2019-09-01,COST,Consumer,-0.0203986473292417,0.0171811779310206,0.001575,-0.0219736473292417,0.0156061779310206,0.0694047467810357,0.06227215698028443,0.27738253989704154,0,0,0,1
2019-09-01,GOOGL,Technology,0.0257112346816972,0.0171811779310206,0.001575,0.0241362346816972,0.0156061779310206,-0.0227138662824419,0.0634715590655354,-0.033503830995423756,1,0,0,0
2019-09-01,GS,Financials,0.0226600321509073,0.0171811779310206,0.001575,0.0210850321509073,0.0156061779310206,-0.0736837952515575,0.104768580546719,-0.12883031941832546,0,1,0,0
2019-09-01,JNJ,Healthcare,0.0154994392896823,0.0171811779310206,0.001575,0.0139244392896823,0.0156061779310206,-0.0142836437902532,0.05567241650072182,-0.021483374297164737,0,0,1,0
2019-09-01,JPM,Financials,0.0712726612831868,0.0171811779310206,0.001575,0.0696976612831868,0.0156061779310206,-0.046226232673952,0.07147430740576784,-0.012246746193495306,0,1,0,0
2019-09-01,KO,Consumer,-0.0109008863594494,0.0171811779310206,0.001575,-0.0124758863594494,0.0156061779310206,0.0457916382437608,0.0388783743642908,0.2761062108416614,0,0,0,1
2019-09-01,MCD,Consumer,-0.0097479011811316,0.0171811779310206,0.001575,-0.0113229011811316,0.0156061779310206,0.0344062021697573,0.031635873496279804,0.37698937577819014,0,0,0,1
2019-09-01,MRK,Healthcare,-0.0264832281489163,0.0171811779310206,0.001575,-0.0280582281489163,0.0156061779310206,0.0419329470164209,0.0439955103704049,0.29544730000337993,0,0,1,0
2019-09-01,MS,Financials,0.0284407659049354,0.0171811779310206,0.001575,0.0268657659049354,0.0156061779310206,-0.0616348826322533,0.08062471866319766,-0.1262014004416343,0,1,0,0
2019-09-01,MSFT,Technology,0.0118448081520892,0.0171811779310206,0.001575,0.0102698081520892,0.0156061779310206,0.011668117919181,0.059958032057033615,0.24720617762933883,1,0,0,0
2019-09-01,NVDA,Technology,0.0401904291481127,0.0171811779310206,0.001575,0.0386154291481127,0.0156061779310206,-0.0071718774663899,0.1607887129822244,-0.40097648775957995,1,0,0,0
2019-09-01,PFE,Healthcare,0.0201448293345072,0.0171811779310206,0.001575,0.0185698293345072,0.0156061779310206,-0.0847065043034931,0.058410674193108546,-0.11444726996387866,0,0,1,0
2019-09-01,PG,Consumer,0.0345173108028333,0.0171811779310206,0.001575,0.0329423108028333,0.0156061779310206,0.0251493686603367,0.03668046201029449,0.49381593635825194,0,0,0,1
2019-09-01,UNH,Healthcare,-0.0712820099392422,0.0171811779310206,0.001575,-0.07285700993924221,0.0156061779310206,-0.0602788668833247,0.06379979768447995,-0.11537706043280993,0,0,1,0
2019-09-01,WMT,Consumer,0.0437967733576569,0.0171811779310206,0.001575,0.0422217733576569,0.0156061779310206,0.0351511262666268,0.04320230544455615,0.2183354171603733,0,0,0,1
2019-10-01,AAPL,Technology,0.1106845656398223,0.020431770513684,0.0013750000000000001,0.1093095656398223,0.019056770513684,0.0770383575561062,0.10099128755105541,0.007555148078329577,1,0,0,0
2019-10-01,ABBV,Healthcare,0.0505809392440788,0.020431770513684,0.0013750000000000001,0.049205939244078796,0.019056770513684,0.151810056828878,0.10927866859491359,-0.15740348161885043,0,0,1,0
2019-10-01,AMZN,Technology,0.0234747012691118,0.020431770513684,0.0013750000000000001,0.022099701269111798,0.019056770513684,-0.0227327431597064,0.0984916688493847,-0.13334497866626238,1,0,0,0
2019-10-01,BAC,Financials,0.0790572523669452,0.020431770513684,0.0013750000000000001,0.0776822523669452,0.019056770513684,0.0603418433649662,0.0982180162315885,0.011045315368180209,0,1,0,0
2019-10-01,C,Financials,0.0402429311073195,0.020431770513684,0.0013750000000000001,0.0388679311073195,0.019056770513684,0.081574693509494,0.12367292208023878,-0.009962337252463538,0,1,0,0
2019-10-01,COST,Consumer,0.0312380361994912,0.020431770513684,0.0013750000000000001,0.0298630361994912,0.019056770513684,-0.0203986473292417,0.0634300495878168,0.23892682413138222,0,0,0,1
2019-10-01,GOOGL,Technology,0.0308399949372986,0.020431770513684,0.0013750000000000001,0.029464994937298598,0.019056770513684,0.0257112346816972,0.0635976170731213,0.011647976901465462,1,0,0,0
2019-10-01,GS,Financials,0.0296771530102317,0.020431770513684,0.0013750000000000001,0.028302153010231697,0.019056770513684,0.0226600321509073,0.1039417325988954,-0.05829444433347575,0,1,0,0
2019-10-01,JNJ,Healthcare,0.0205593555513017,0.020431770513684,0.0013750000000000001,0.0191843555513017,0.019056770513684,0.0154994392896823,0.05496285833222869,-0.037756835196558924,0,0,1,0
2019-10-01,JPM,Financials,0.0614324717373855,0.020431770513684,0.0013750000000000001,0.0600574717373855,0.019056770513684,0.0712726612831868,0.07397531285427353,0.07446966814365297,0,1,0,0
2019-10-01,KO,Consumer,0.0071259203804576,0.020431770513684,0.0013750000000000001,0.0057509203804576,0.019056770513684,-0.0109008863594494,0.03959374036293911,0.21792735873512958,0,0,0,1
2019-10-01,MCD,Consumer,-0.0838804431208672,0.020431770513684,0.0013750000000000001,-0.0852554431208672,0.019056770513684,-0.0097479011811316,0.03317251213400703,0.31411954944486387,0,0,0,1
2019-10-01,MRK,Healthcare,0.0363023631695222,0.020431770513684,0.0013750000000000001,0.0349273631695222,0.019056770513684,-0.0264832281489163,0.04599070196578599,0.2193618102456456,0,0,1,0
2019-10-01,MS,Financials,0.0792124817681192,0.020431770513684,0.0013750000000000001,0.0778374817681192,0.019056770513684,0.0284407659049354,0.08029823818681206,-0.05773927156833236,0,1,0,0
2019-10-01,MSFT,Technology,0.0312163639365128,0.020431770513684,0.0013750000000000001,0.029841363936512797,0.019056770513684,0.0118448081520892,0.060001988088588705,0.23471763782983368,1,0,0,0
2019-10-01,NVDA,Technology,0.1548228836198226,0.020431770513684,0.0013750000000000001,0.15344788361982262,0.019056770513684,0.0401904291481127,0.1618394507108326,-0.37799576584160166,1,0,0,0
2019-10-01,PFE,Healthcare,0.0679098837831575,0.020431770513684,0.0013750000000000001,0.0665348837831575,0.019056770513684,0.0201448293345072,0.05385690444584009,-0.15606646828351378,0,0,1,0
2019-10-01,PG,Consumer,0.0010451737036651,0.020431770513684,0.0013750000000000001,-0.00032982629633490006,0.019056770513684,0.0345173108028333,0.035346806532923866,0.5401794021489312,0,0,0,1
2019-10-01,UNH,Healthcare,0.168284950355197,0.020431770513684,0.0013750000000000001,0.166909950355197,0.019056770513684,-0.0712820099392422,0.06634806934867146,-0.17096175935480085,0,0,1,0
2019-10-01,WMT,Consumer,-0.0119652758112899,0.020431770513684,0.0013750000000000001,-0.0133402758112899,0.019056770513684,0.0437967733576569,0.04254650325418487,0.290604764333138,0,0,0,1
2019-11-01,AAPL,Technology,0.0743288246951101,0.0340470377144999,0.0012833333333333334,0.07304549136177677,0.03276370438116657,0.1106845656398223,0.10457681293380325,0.1542548705716953,1,0,0,0
2019-11-01,ABBV,Healthcare,0.1189095993224,0.0340470377144999,0.0012833333333333334,0.11762626598906667,0.03276370438116657,0.0505809392440788,0.09645685280371413,0.07544893883464177,0,0,1,0
2019-11-01,AMZN,Technology,0.0135873012274039,0.0340470377144999,0.0012833333333333334,0.012303967894070567,0.03276370438116657,0.0234747012691118,0.07710665603693433,0.11179533336045178,1,0,0,0
2019-11-01,BAC,Financials,0.0655577487072445,0.0340470377144999,0.0012833333333333334,0.06427441537391117,0.03276370438116657,0.0790572523669452,0.09786201333305973,0.16310956939038213,0,1,0,0
2019-11-01,C,Financials,0.0453661856856808,0.0340470377144999,0.0012833333333333334,0.04408285235234747,0.03276370438116657,0.0402429311073195,0.12033714347575715,0.12868269268888488,0,1,0,0
2019-11-01,COST,Consumer,0.0112797180618093,0.0340470377144999,0.0012833333333333334,0.009996384728475968,0.03276370438116657,0.0312380361994912,0.061752933990225294,0.31255496338442,0,0,0,1
2019-11-01,GOOGL,Technology,0.0359787373689384,0.0340470377144999,0.0012833333333333334,0.03469540403560507,0.03276370438116657,0.0308399949372986,0.05564617945592315,0.1542482178463518,1,0,0,0
2019-11-01,GS,Financials,0.0373513134657559,0.0340470377144999,0.0012833333333333334,0.03606798013242257,0.03276370438116657,0.0296771530102317,0.10429429118739787,-0.03520885359941628,0,1,0,0
2019-11-01,JNJ,Healthcare,0.0412757532060568,0.0340470377144999,0.0012833333333333334,0.03999241987272347,0.03276370438116657,0.0205593555513017,0.05518633264533829,-0.03074109992994023,0,0,1,0
2019-11-01,JPM,Financials,0.0632041901528124,0.0340470377144999,0.0012833333333333334,0.061920856819479064,0.03276370438116657,0.0614324717373855,0.07412907116954308,0.18043883721185972,0,1,0,0
2019-11-01,KO,Consumer,-0.0189232388654141,0.0340470377144999,0.0012833333333333334,-0.020206572198747434,0.03276370438116657,0.0071259203804576,0.038653436741943964,0.1733308077599811,0,0,0,1
2019-11-01,MCD,Consumer,-0.0112863035119805,0.0340470377144999,0.0012833333333333334,-0.012569636845313835,0.03276370438116657,-0.0838804431208672,0.04351190511216158,0.13848970083270307,0,0,0,1
2019-11-01,MRK,Healthcare,0.0060002358403554,0.0340470377144999,0.0012833333333333334,0.004716902507022067,0.03276370438116657,0.0363023631695222,0.04560241207657529,0.20954055454302223,0,0,1,0
2019-11-01,MS,Financials,0.0825752645289044,0.0340470377144999,0.0012833333333333334,0.08129193119557107,0.03276370438116657,0.0792124817681192,0.0833335465914919,0.037165845372548745,0,1,0,0
2019-11-01,MSFT,Technology,0.0558693861282695,0.0340470377144999,0.0012833333333333334,0.05458605279493617,0.03276370438116657,0.0312163639365128,0.05363894314083975,0.3633826524113237,1,0,0,0
2019-11-01,NVDA,Technology,0.0782011027649338,0.0340470377144999,0.0012833333333333334,0.07691776943160047,0.03276370438116657,0.1548228836198226,0.15286529557092587,-0.04255537997902703,1,0,0,0
2019-11-01,PFE,Healthcare,0.0039092665529771,0.0340470377144999,0.0012833333333333334,0.0026259332196437663,0.03276370438116657,0.0679098837831575,0.058473028413136625,-0.07761556853262253,0,0,1,0
2019-11-01,PG,Consumer,-0.0134150317500904,0.0340470377144999,0.0012833333333333334,-0.014698365083423735,0.03276370438116657,0.0010451737036651,0.035555212734260086,0.4470354554269491,0,0,0,1
2019-11-01,UNH,Healthcare,0.1075187879262282,0.0340470377144999,0.0012833333333333334,0.10623545459289487,0.03276370438116657,0.168284950355197,0.08456866001984684,-0.01738152564292772,0,0,1,0
2019-11-01,WMT,Consumer,0.0156066120163564,0.0340470377144999,0.0012833333333333334,0.014323278683023067,0.03276370438116657,-0.0119652758112899,0.0409906393131973,0.19416122136990666,0,0,0,1
2019-12-01,AAPL,Technology,0.1020821914550849,0.02858981890573,0.0012833333333333334,0.10079885812175157,0.027306485572396667,0.0743288246951101,0.08391871830993065,0.5197512919064982,1,0,0,0
2019-12-01,ABBV,Healthcare,0.009232690137211,0.02858981890573,0.0012833333333333334,0.007949356803877667,0.027306485572396667,0.1189095993224,0.07837423909653998,-0.01678414853575161,0,0,1,0
2019-12-01,AMZN,Technology,0.026121694264473,0.02858981890573,0.0012833333333333334,0.024838360931139666,0.027306485572396667,0.0135873012274039,0.07574851653848146,0.06545497584207882,1,0,0,0
2019-12-01,BAC,Financials,0.057023022808845,0.02858981890573,0.0012833333333333334,0.05573968947551167,0.027306485572396667,0.0655577487072445,0.0987925165709093,0.20008499290350512,0,1,0,0
2019-12-01,C,Financials,0.0711001724319586,0.02858981890573,0.0012833333333333334,0.06981683909862527,0.027306485572396667,0.0453661856856808,0.1202756902469144,0.19208806721036442,0,1,0,0
2019-12-01,COST,Consumer,-0.0196456376162634,0.02858981890573,0.0012833333333333334,-0.020928970949596733,0.027306485572396667,0.0112797180618093,0.06175899464022724,0.3121514142233148,0,0,0,1
2019-12-01,GOOGL,Technology,0.027068476669704,0.02858981890573,0.0012833333333333334,0.025785143336370667,0.027306485572396667,0.0359787373689384,0.05602388497024632,0.17522642348353346,1,0,0,0
2019-12-01,GS,Financials,0.0446189503138569,0.02858981890573,0.0012833333333333334,0.04333561698052357,0.027306485572396667,0.0373513134657559,0.0922227706943007,0.18284347691830916,0,1,0,0
2019-12-01,JNJ,Healthcare,0.0682999325639208,0.02858981890573,0.0012833333333333334,0.06701659923058748,0.027306485572396667,0.0412757532060568,0.054559390145525924,-0.038208469028132686,0,0,1,0
2019-12-01,JPM,Financials,0.0579842581606466,0.02858981890573,0.0012833333333333334,0.056700924827313266,0.027306485572396667,0.0632041901528124,0.075324365895244,0.22199627004698086,0,1,0,0
2019-12-01,KO,Consumer,0.0442590617463933,0.02858981890573,0.0012833333333333334,0.042975728413059966,0.027306485572396667,-0.0189232388654141,0.03767569859733671,0.09357136270558164,0,0,0,1
2019-12-01,MCD,Consumer,0.0226059873793769,0.02858981890573,0.0012833333333333334,0.021322654046043565,0.027306485572396667,-0.0112863035119805,0.04040784766289946,0.05631412876848674,0,0,0,1
2019-12-01,MRK,Healthcare,0.0432439054269264,0.02858981890573,0.0012833333333333334,0.04196057209359307,0.027306485572396667,0.0060002358403554,0.041398212294321904,0.12891989646887603,0,0,1,0
2019-12-01,MS,Financials,0.0331448118903925,0.02858981890573,0.0012833333333333334,0.03186147855705917,0.027306485572396667,0.0825752645289044,0.0855785960747911,0.147050811178421,0,1,0,0
2019-12-01,MSFT,Technology,0.0452943568789805,0.02858981890573,0.0012833333333333334,0.04401102354564717,0.027306485572396667,0.0558693861282695,0.054199608280842006,0.3865878913252203,1,0,0,0
2019-12-01,NVDA,Technology,0.086433867093753,0.02858981890573,0.0012833333333333334,0.08515053376041967,0.027306485572396667,0.0782011027649338,0.13492396805857754,0.33172314741239384,1,0,0,0
2019-12-01,PFE,Healthcare,0.0269639394205531,0.02858981890573,0.0012833333333333334,0.025680606087219764,0.027306485572396667,0.0039092665529771,0.053161044031604064,-0.13750529118488586,0,0,1,0
2019-12-01,PG,Consumer,0.0232671937613002,0.02858981890573,0.0012833333333333334,0.021983860427966864,0.027306485572396667,-0.0134150317500904,0.03493313317347381,0.3278256400777857,0,0,0,1
2019-12-01,UNH,Healthcare,0.0504161429462501,0.02858981890573,0.0012833333333333334,0.04913280961291677,0.027306485572396667,0.1075187879262282,0.08747954280805242,0.010872082774508796,0,0,1,0
2019-12-01,WMT,Consumer,-0.0020992004562433,0.02858981890573,0.0012833333333333334,-0.0033825337895766333,0.027306485572396667,0.0156066120163564,0.03882725541509246,0.24546223248783816,0,0,0,1
2020-01-01,AAPL,Technology,0.054010012246684,-0.0016280928190489,0.0012666666666666666,0.05274334558001734,-0.0028947594857155665,0.1020821914550849,0.07030021160828012,0.8895774830491046,1,0,0,0
2020-01-01,ABBV,Healthcare,-0.0849333436224635,-0.0016280928190489,0.0012666666666666666,-0.08620001028913017,-0.0028947594857155665,0.009232690137211,0.07804392466370827,0.014681344021533649,0,0,1,0
2020-01-01,AMZN,Technology,0.0870638027865227,-0.0016280928190489,0.0012666666666666666,0.08579713611985604,-0.0028947594857155665,0.026121694264473,0.06581995834853295,0.23027749504206518,1,0,0,0
2020-01-01,BAC,Financials,-0.0627700502258105,-0.0016280928190489,0.0012666666666666666,-0.06403671689247717,-0.0028947594857155665,0.057023022808845,0.08663993445451788,0.46208980146583944,0,1,0,0
2020-01-01,C,Financials,-0.0685943621128107,-0.0016280928190489,0.0012666666666666666,-0.06986102877947736,-0.0028947594857155665,0.0711001724319586,0.10036859785182592,0.578204662669977,0,1,0,0
2020-01-01,COST,Consumer,0.0394666172245381,-0.0016280928190489,0.0012666666666666666,0.03819995055787143,-0.0028947594857155665,-0.0196456376162634,0.045754126518567695,0.45700713251233616,0,0,0,1
2020-01-01,GOOGL,Technology,0.0697259775507046,-0.0016280928190489,0.0012666666666666666,0.06845931088403794,-0.0028947594857155665,0.027068476669704,0.051077797259335526,0.2817616935857514,1,0,0,0
2020-01-01,GS,Financials,0.0340102405812532,-0.0016280928190489,0.0012666666666666666,0.032743573914586536,-0.0028947594857155665,0.0446189503138569,0.08138323408618511,0.40479005657646305,0,1,0,0
2020-01-01,JNJ,Healthcare,0.0205664828546274,-0.0016280928190489,0.0012666666666666666,0.019299816187960735,-0.0028947594857155665,0.0682999325639208,0.044535445918074824,0.16220046898222895,0,0,1,0
2020-01-01,JPM,Financials,-0.0505020452875839,-0.0016280928190489,0.0012666666666666666,-0.05176871195425056,-0.0028947594857155665,0.0579842581606466,0.06117930841268581,0.4725703466804012,0,1,0,0
2020-01-01,KO,Consumer,0.0551040671825153,-0.0016280928190489,0.0012666666666666666,0.053837400515848635,-0.0028947594857155665,0.0442590617463933,0.03354904508890333,0.20599439893137395,0,0,0,1
2020-01-01,MCD,Consumer,0.0827891451511484,-0.0016280928190489,0.0012666666666666666,0.08152247848448173,-0.0028947594857155665,0.0226059873793769,0.036279761218850654,0.1397146194817238,0,0,0,1
2020-01-01,MRK,Healthcare,-0.0541411596644527,-0.0016280928190489,0.0012666666666666666,-0.05540782633111937,-0.0028947594857155665,0.0432439054269264,0.03939368024698608,0.22290073799249122,0,0,1,0
2020-01-01,MS,Financials,0.0223002312348528,-0.0016280928190489,0.0012666666666666666,0.021033564568186135,-0.0028947594857155665,0.0331448118903925,0.0765429488551609,0.3267396010250796,0,1,0,0
2020-01-01,MSFT,Technology,0.0794542189437808,-0.0016280928190489,0.0012666666666666666,0.07818755227711413,-0.0028947594857155665,0.0452943568789805,0.04197450078087481,0.5755809921564576,1,0,0,0
2020-01-01,NVDA,Technology,0.0048020343897563,-0.0016280928190489,0.0012666666666666666,0.0035353677230896335,-0.0028947594857155665,0.086433867093753,0.11704980217019577,0.7694304957652001,1,0,0,0
2020-01-01,PFE,Healthcare,-0.0495153225366743,-0.0016280928190489,0.0012666666666666666,-0.05078198920334097,-0.0028947594857155665,0.0269639394205531,0.05277282664050169,-0.06907902826235379,0,0,1,0
2020-01-01,PG,Consumer,-0.0022417490162388,-0.0016280928190489,0.0012666666666666666,-0.0035084156829054665,-0.0028947594857155665,0.0232671937613002,0.030926991863629575,0.3970043312956524,0,0,0,1
2020-01-01,UNH,Healthcare,-0.0696732726298875,-0.0016280928190489,0.0012666666666666666,-0.07093993929655416,-0.0028947594857155665,0.0504161429462501,0.08013038906407756,0.19543449550584224,0,0,1,0
2020-01-01,WMT,Consumer,-0.0322826805563539,-0.0016280928190489,0.0012666666666666666,-0.03354934722302057,-0.0028947594857155665,-0.0020992004562433,0.033870501130474566,0.30288901835967863,0,0,0,1
2020-02-01,AAPL,Technology,-0.1167974791637048,-0.0841104836384031,0.0012666666666666666,-0.11806414583037146,-0.08537715030506976,0.054010012246684,0.07030338248979301,0.887529045604075,1,0,0,0
2020-02-01,ABBV,Healthcare,0.0721794092080234,-0.0841104836384031,0.0012666666666666666,0.07091274254135674,-0.08537715030506976,-0.0849333436224635,0.07200897281627174,0.06611709282272304,0,0,1,0
2020-02-01,AMZN,Technology,-0.0622137201336305,-0.0841104836384031,0.0012666666666666666,-0.06348038680029718,-0.08537715030506976,0.0870638027865227,0.057485167074987936,0.16872337560033812,1,0,0,0
2020-02-01,BAC,Financials,-0.1318917423377982,-0.0841104836384031,0.0012666666666666666,-0.13315840900446488,-0.08537715030506976,-0.0627700502258105,0.0809652247739107,0.17937827342830293,0,1,0,0
2020-02-01,C,Financials,-0.1415031570677425,-0.0841104836384031,0.0012666666666666666,-0.14276982373440916,-0.08537715030506976,-0.0685943621128107,0.08390296102879934,0.187178337868525,0,1,0,0
2020-02-01,COST,Consumer,-0.0797985971129302,-0.0841104836384031,0.0012666666666666666,-0.08106526377959687,-0.08537715030506976,0.0394666172245381,0.04534939581808564,0.4374546571591038,0,0,0,1
2020-02-01,GOOGL,Technology,-0.0652788225031499,-0.0841104836384031,0.0012666666666666666,-0.06654548916981656,-0.08537715030506976,0.0697259775507046,0.05036034536058777,0.27257555413039203,1,0,0,0
2020-02-01,GS,Financials,-0.155541567218985,-0.0841104836384031,0.0012666666666666666,-0.15680823388565165,-0.08537715030506976,0.0340102405812532,0.06560557154631876,0.22545024412406645,0,1,0,0
2020-02-01,JNJ,Healthcare,-0.0966616785422963,-0.0841104836384031,0.0012666666666666666,-0.09792834520896297,-0.08537715030506976,0.0205664828546274,0.044255602887400367,0.15018443117761238,0,0,1,0
2020-02-01,JPM,Financials,-0.1171394305134141,-0.0841104836384031,0.0012666666666666666,-0.11840609718008077,-0.08537715030506976,-0.0505020452875839,0.06516033264721516,0.31876834060890236,0,1,0,0
2020-02-01,KO,Consumer,-0.0840754393696245,-0.0841104836384031,0.0012666666666666666,-0.08534210603629117,-0.08537715030506976,0.0551040671825153,0.03537624927347778,0.25182806440978345,0,0,0,1
2020-02-01,MCD,Consumer,-0.0925360491441921,-0.0841104836384031,0.0012666666666666666,-0.09380271581085876,-0.08537715030506976,0.0827891451511484,0.041610756101611995,0.22571818730014526,0,0,0,1
2020-02-01,MRK,Healthcare,-0.1039322726872168,-0.0841104836384031,0.0012666666666666666,-0.10519893935388347,-0.08537715030506976,-0.0541411596644527,0.04345284597666822,0.1791954114230887,0,0,1,0
2020-02-01,MS,Financials,-0.1326917358661989,-0.0841104836384031,0.0012666666666666666,-0.13395840253286556,-0.08537715030506976,0.0223002312348528,0.07548672957681267,0.2713558383497412,0,1,0,0
2020-02-01,MSFT,Technology,-0.048287475962799,-0.0841104836384031,0.0012666666666666666,-0.04955414262946566,-0.08537715030506976,0.0794542189437808,0.04331604921889639,0.6541895659609089,1,0,0,0
2020-02-01,NVDA,Technology,0.1422833536204095,-0.0841104836384031,0.0012666666666666666,0.14101668695374284,-0.08537715030506976,0.0048020343897563,0.11769847921213303,0.6511534990647148,1,0,0,0
2020-02-01,PFE,Healthcare,-0.0934104119071573,-0.0841104836384031,0.0012666666666666666,-0.09467707857382397,-0.08537715030506976,-0.0495153225366743,0.05400841569461723,-0.0901613029279763,0,0,1,0
2020-02-01,PG,Consumer,-0.0859997532907195,-0.0841104836384031,0.0012666666666666666,-0.08726641995738617,-0.08537715030506976,-0.0022417490162388,0.03136441657808945,0.32813091312946363,0,0,0,1
2020-02-01,UNH,Healthcare,-0.0641951487908699,-0.0841104836384031,0.0012666666666666666,-0.06546181545753657,-0.08537715030506976,-0.0696732726298875,0.08082080142266217,0.025379343531703347,0,0,1,0
2020-02-01,WMT,Consumer,-0.0594813803110949,-0.0841104836384031,0.0012666666666666666,-0.060748046977761566,-0.08537715030506976,-0.0322826805563539,0.03711035759110097,0.2189159766678357,0,0,0,1
2020-03-01,AAPL,Technology,-0.0675537251321681,-0.1251192824089282,0.00024166666666666664,-0.06779539179883477,-0.12536094907559486,-0.1167974791637048,0.08641190210571248,0.6024668309623558,1,0,0,0
2020-03-01,ABBV,Healthcare,-0.1110719368608018,-0.1251192824089282,0.00024166666666666664,-0.11131360352746847,-0.12536094907559486,0.0721794092080234,0.07427366449020702,0.1441820179269373,0,0,1,0
2020-03-01,AMZN,Technology,0.0350205713182232,-0.1251192824089282,0.00024166666666666664,0.03477890465155653,-0.12536094907559486,-0.0622137201336305,0.05921184088834031,0.14874711425458265,1,0,0,0
2020-03-01,BAC,Financials,-0.2550878036781963,-0.1251192824089282,0.00024166666666666664,-0.2553294703448629,-0.12536094907559486,-0.1318917423377982,0.09158905669131549,0.002351636013792069,0,1,0,0
2020-03-01,C,Financials,-0.3362747075547113,-0.1251192824089282,0.00024166666666666664,-0.3365163742213779,-0.12536094907559486,-0.1415031570677425,0.09564626840589234,0.0268352258486515,0,1,0,0
2020-03-01,COST,Consumer,0.0163307036851032,-0.1251192824089282,0.00024166666666666664,0.01608903701843653,-0.12536094907559486,-0.0797985971129302,0.05564639336243671,0.2978939848381994,0,0,0,1
2020-03-01,GOOGL,Technology,-0.1323874265569242,-0.1251192824089282,0.00024166666666666664,-0.13262909322359087,-0.12536094907559486,-0.0652788225031499,0.056100625556826995,0.18880657813143564,1,0,0,0
2020-03-01,GS,Financials,-0.2253066433952297,-0.1251192824089282,0.00024166666666666664,-0.22554831006189638,-0.12536094907559486,-0.155541567218985,0.08275251907127856,0.04173354764748427,0,1,0,0
2020-03-01,JNJ,Healthcare,-0.0186927084175186,-0.1251192824089282,0.00024166666666666664,-0.018934375084185266,-0.12536094907559486,-0.0966616785422963,0.05395413832959743,0.01193550561904333,0,0,1,0
2020-03-01,JPM,Financials,-0.2246149093125995,-0.1251192824089282,0.00024166666666666664,-0.22485657597926617,-0.12536094907559486,-0.1171394305134141,0.07711258927396417,0.14539221002848146,0,1,0,0
2020-03-01,KO,Consumer,-0.1727426507140201,-0.1251192824089282,0.00024166666666666664,-0.17298431738068676,-0.12536094907559486,-0.0840754393696245,0.04093718211785842,0.21713478666222064,0,0,0,1
2020-03-01,MCD,Consumer,-0.1430979357856447,-0.1251192824089282,0.00024166666666666664,-0.14333960245231137,-0.12536094907559486,-0.0925360491441921,0.052152657676248715,0.08168036657538669,0,0,0,1
2020-03-01,MRK,Healthcare,0.004963520086614,-0.1251192824089282,0.00024166666666666664,0.004721853419947333,-0.12536094907559486,-0.1039322726872168,0.04827194223083501,-0.0325300734721764,0,0,1,0
2020-03-01,MS,Financials,-0.24494760584844,-0.1251192824089282,0.00024166666666666664,-0.24518927251510667,-0.12536094907559486,-0.1326917358661989,0.08784301517996683,0.10321779516964424,0,1,0,0
2020-03-01,MSFT,Technology,-0.0238826409161602,-0.1251192824089282,0.00024166666666666664,-0.024124307582826868,-0.12536094907559486,-0.048287475962799,0.04956899996616044,0.4675129036345125,1,0,0,0
2020-03-01,NVDA,Technology,-0.0233730270511912,-0.1251192824089282,0.00024166666666666664,-0.02361469371785787,-0.12536094907559486,0.1422833536204095,0.12062140931300423,0.7575831341598889,1,0,0,0
2020-03-01,PFE,Healthcare,-0.0233395605297552,-0.1251192824089282,0.00024166666666666664,-0.023581227196421868,-0.12536094907559486,-0.0934104119071573,0.058023129392286314,-0.19926773668684727,0,0,1,0
2020-03-01,PG,Consumer,-0.0285258416512756,-0.1251192824089282,0.00024166666666666664,-0.028767508317942267,-0.12536094907559486,-0.0859997532907195,0.044578975906062836,0.17896605179511194,0,0,0,1
2020-03-01,UNH,Healthcare,-0.0218857610562152,-0.1251192824089282,0.00024166666666666664,-0.022127427722881867,-0.12536094907559486,-0.0641951487908699,0.07670890166730761,0.07039772990606585,0,0,1,0
2020-03-01,WMT,Consumer,0.0551639450283318,-0.1251192824089282,0.00024166666666666664,0.05492227836166513,-0.12536094907559486,-0.0594813803110949,0.04272128922684127,0.10981704204004972,0,0,0,1
2020-04-01,AAPL,Technology,0.1553741276775559,0.1268440381652789,0.00011666666666666668,0.15525746101088925,0.12672737149861224,-0.0675537251321681,0.08980793644069929,0.35624312538099945,1,0,0,0
2020-04-01,ABBV,Healthcare,0.078881759627867,0.1268440381652789,0.00011666666666666668,0.07876509296120034,0.12672737149861224,-0.1110719368608018,0.08250769041015414,5.744552255015911e-05,0,0,1,0
2020-04-01,AMZN,Technology,0.2689001176660717,0.1268440381652789,0.00011666666666666668,0.26878345099940504,0.12672737149861224,0.0350205713182232,0.055216897713889594,0.09488700526969174,1,0,0,0
2020-04-01,BAC,Financials,0.140059164455953,0.1268440381652789,0.00011666666666666668,0.13994249778928636,0.12672737149861224,-0.2550878036781963,0.11804874365656146,-0.21701003810996666,0,1,0,0
2020-04-01,C,Financials,0.1528963863079528,0.1268440381652789,0.00011666666666666668,0.15277971964128614,0.12672737149861224,-0.3362747075547113,0.1378576021890356,-0.3040776214910196,0,1,0,0
2020-04-01,COST,Consumer,0.0626732588245948,0.1268440381652789,0.00011666666666666668,0.06255659215792814,0.12672737149861224,0.0163307036851032,0.048504466314457435,0.1884050606335721,0,0,0,1
2020-04-01,GOOGL,Technology,0.1589999265370791,0.1268440381652789,0.00011666666666666668,0.15888325987041244,0.12672737149861224,-0.1323874265569242,0.06953215707139075,-0.012694510819774463,1,0,0,0
2020-04-01,GS,Financials,0.1864935364026159,0.1268440381652789,0.00011666666666666668,0.18637686973594925,0.12672737149861224,-0.2253066433952297,0.10656405190138966,-0.17650312647371424,0,1,0,0
2020-04-01,JNJ,Healthcare,0.1442079426028453,0.1268440381652789,0.00011666666666666668,0.14409127593617865,0.12672737149861224,-0.0186927084175186,0.05352361563042974,-0.035751980652600546,0,0,1,0
2020-04-01,JPM,Financials,0.0636457620484387,0.1268440381652789,0.00011666666666666668,0.06352909538177204,0.12672737149861224,-0.2246149093125995,0.10326163780530323,-0.08441950272034426,0,1,0,0
2020-04-01,KO,Consumer,0.0461575447001385,0.1268440381652789,0.00011666666666666668,0.04604087803347183,0.12672737149861224,-0.1727426507140201,0.06791611244004361,-0.02577647707011399,0,0,0,1
2020-04-01,MCD,Consumer,0.134321142736695,0.1268440381652789,0.00011666666666666668,0.13420447607002833,0.12672737149861224,-0.1430979357856447,0.06668495842850554,-0.10836100004584381,0,0,0,1
2020-04-01,MRK,Healthcare,0.039711746620195,0.1268440381652789,0.00011666666666666668,0.03959507995352833,0.12672737149861224,0.004963520086614,0.0477056496255007,-0.049705554898232474,0,0,1,0
2020-04-01,MS,Financials,0.1597054236441231,0.1268440381652789,0.00011666666666666668,0.15958875697745645,0.12672737149861224,-0.24494760584844,0.11503875420599294,-0.1713553120330623,0,1,0,0
2020-04-01,MSFT,Technology,0.1363261052301716,0.1268440381652789,0.00011666666666666668,0.13620943856350495,0.12672737149861224,-0.0238826409161602,0.05154182927117572,0.35489767507344516,1,0,0,0
2020-04-01,NVDA,Technology,0.1088013073235865,0.1268440381652789,0.00011666666666666668,0.10868464065691984,0.12672737149861224,-0.0233730270511912,0.11722155912328888,0.47312944348671904,1,0,0,0
2020-04-01,PFE,Healthcare,0.1752455413829869,0.1268440381652789,0.00011666666666666668,0.17512887471632024,0.12672737149861224,-0.0233395605297552,0.05804658545283443,-0.20175206262578138,0,0,1,0
2020-04-01,PG,Consumer,0.0715456414764312,0.1268440381652789,0.00011666666666666668,0.07142897480976453,0.12672737149861224,-0.0285258416512756,0.04416028112137394,0.0847935177857253,0,0,0,1
2020-04-01,UNH,Healthcare,0.1778686110619818,0.1268440381652789,0.00011666666666666668,0.17775194439531514,0.12672737149861224,-0.0218857610562152,0.0770645134972071,0.025630398031601942,0,0,1,0
2020-04-01,WMT,Consumer,0.0745277730766666,0.1268440381652789,0.00011666666666666668,0.07441110640999993,0.12672737149861224,0.0551639450283318,0.043859666256868074,0.18856904447544176,0,0,0,1
2020-05-01,AAPL,Technology,0.0821645580268406,0.0452818196655582,0.00010833333333333333,0.08205622469350726,0.045173486332224864,0.1553741276775559,0.09677877175373095,0.48325896454263373,1,0,0,0
2020-05-01,ABBV,Healthcare,0.1441855928770781,0.0452818196655582,0.00010833333333333333,0.14407725954374478,0.045173486332224864,0.078881759627867,0.08505358597209915,0.09525230635444948,0,0,1,0
2020-05-01,AMZN,Technology,-0.0127849412400917,0.0452818196655582,0.00010833333333333333,-0.012893274573425033,0.045173486332224864,0.2689001176660717,0.09188502372559952,0.28418081901742687,1,0,0,0
2020-05-01,BAC,Financials,0.0029106442819799,0.0452818196655582,0.00010833333333333333,0.0028023109486465664,0.045173486332224864,0.140059164455953,0.12132546357802769,-0.19462558471086844,0,1,0,0
2020-05-01,C,Financials,-0.0133854906214418,0.0452818196655582,0.00010833333333333333,-0.013493823954775134,0.045173486332224864,0.1528963863079528,0.13963937455376962,-0.29390697178955816,0,1,0,0
2020-05-01,COST,Consumer,0.0203785037559338,0.0452818196655582,0.00010833333333333333,0.02027017042260047,0.045173486332224864,0.0626732588245948,0.05036213458055005,0.2454496912593298,0,0,0,1
2020-05-01,GOOGL,Technology,0.0644688637989172,0.0452818196655582,0.00010833333333333333,0.06436053046558386,0.045173486332224864,0.1589999265370791,0.08319748558073253,0.12322341726218045,1,0,0,0
2020-05-01,GS,Financials,0.0712571921527547,0.0452818196655582,0.00010833333333333333,0.07114885881942136,0.045173486332224864,0.1864935364026159,0.11898374664894827,-0.08902286196235909,0,1,0,0
2020-05-01,JNJ,Healthcare,-0.0085979419231096,0.0452818196655582,0.00010833333333333333,-0.008706275256442934,0.045173486332224864,0.1442079426028453,0.06819882888695894,0.09228269960265245,0,0,1,0
2020-05-01,JPM,Financials,0.0267457013748773,0.0452818196655582,0.00010833333333333333,0.026637368041543968,0.045173486332224864,0.0636457620484387,0.09486292549461836,-0.15051128237355205,0,1,0,0
2020-05-01,KO,Consumer,0.0172149450458261,0.0452818196655582,0.00010833333333333333,0.017106611712492767,0.045173486332224864,0.0461575447001385,0.06722894675044562,-0.03493734467556053,0,0,0,1
2020-05-01,MCD,Consumer,-0.0066112155375508,0.0452818196655582,0.00010833333333333333,-0.006719548870884134,0.045173486332224864,0.134321142736695,0.0774468335588623,-0.027859515148755398,0,0,0,1
2020-05-01,MRK,Healthcare,0.0173934727416824,0.0452818196655582,0.00010833333333333333,0.017285139408349068,0.045173486332224864,0.039711746620195,0.04700525499309774,0.03698084991295447,0,0,1,0
2020-05-01,MS,Financials,0.1308368006854363,0.0452818196655582,0.00010833333333333333,0.13072846735210297,0.045173486332224864,0.1597054236441231,0.11708453474200571,-0.1595128249531661,0,1,0,0
2020-05-01,MSFT,Technology,0.0225433049865961,0.0452818196655582,0.00010833333333333333,0.022434971653262768,0.045173486332224864,0.1363261052301716,0.05613256705447158,0.39036045354754645,1,0,0,0
2020-05-01,NVDA,Technology,0.2146572477089974,0.0452818196655582,0.00010833333333333333,0.2145489143756641,0.045173486332224864,0.1088013073235865,0.11836761831851993,0.6204128184411293,1,0,0,0
2020-05-01,PFE,Healthcare,-0.0044318931354372,0.0452818196655582,0.00010833333333333333,-0.004540226468770533,0.045173486332224864,0.1752455413829869,0.07938077462249779,-0.018894755900081606,0,0,1,0
2020-05-01,PG,Consumer,-0.0099852033994272,0.0452818196655582,0.00010833333333333333,-0.010093536732760533,0.045173486332224864,0.0715456414764312,0.047757592328261926,0.13587833960701645,0,0,0,1
2020-05-01,UNH,Healthcare,0.0423295256096216,0.0452818196655582,0.00010833333333333333,0.04222119227628827,0.045173486332224864,0.1778686110619818,0.08914235119210759,0.2767348309420774,0,0,1,0
2020-05-01,WMT,Consumer,0.0206496260971997,0.0452818196655582,0.00010833333333333333,0.02054129276386637,0.045173486332224864,0.0745277730766666,0.04536756063697631,0.2047241364760961,0,0,0,1
2020-06-01,AAPL,Technology,0.1504920071697699,0.0183883965139242,0.00013333333333333334,0.15035867383643656,0.018255063180590867,0.0821645580268406,0.08202768978496033,0.8398441950721887,1,0,0,0
2020-06-01,ABBV,Healthcare,0.0594581995553491,0.0183883965139242,0.00013333333333333334,0.05932486622201577,0.018255063180590867,0.1441855928770781,0.09247097667455362,0.27998247345561245,0,0,1,0
2020-06-01,AMZN,Technology,0.1295667285339112,0.0183883965139242,0.00013333333333333334,0.12943339520057787,0.018255063180590867,-0.0127849412400917,0.08700050005042227,0.3759288045257767,1,0,0,0
2020-06-01,BAC,Financials,-0.0153396320564525,0.0183883965139242,0.00013333333333333334,-0.015472965389785832,0.018255063180590867,0.0029106442819799,0.11533975302762745,-0.07142730787903206,0,1,0,0
2020-06-01,C,Financials,0.0779036761050835,0.0183883965139242,0.00013333333333333334,0.07777034277175017,0.018255063180590867,-0.0133854906214418,0.13586562229362714,-0.20752165100801023,0,1,0,0
2020-06-01,COST,Consumer,-0.0170518417953305,0.0183883965139242,0.00013333333333333334,-0.017185175128663834,0.018255063180590867,0.0203785037559338,0.04844134897470061,0.30239099859353047,0,0,0,1
2020-06-01,GOOGL,Technology,-0.0107918207888729,0.0183883965139242,0.00013333333333333334,-0.010925154122206232,0.018255063180590867,0.0644688637989172,0.07922003880450967,0.2955446520834375,1,0,0,0
2020-06-01,GS,Financials,0.0120376545196028,0.0183883965139242,0.00013333333333333334,0.011904321186269468,0.018255063180590867,0.0712571921527547,0.11495357478399232,0.10118614034476536,0,1,0,0
2020-06-01,JNJ,Healthcare,-0.0480342553954633,0.0183883965139242,0.00013333333333333334,-0.04816758872879663,0.018255063180590867,-0.0085979419231096,0.06371568583305443,0.16587314153583432,0,0,1,0
2020-06-01,JPM,Financials,-0.0333984086880466,0.0183883965139242,0.00013333333333333334,-0.033531742021379936,0.018255063180590867,0.0267457013748773,0.09258235004148384,-0.05198927960573663,0,1,0,0
2020-06-01,KO,Consumer,-0.0428448640679485,0.0183883965139242,0.00013333333333333334,-0.04297819740128183,0.018255063180590867,0.0172149450458261,0.06742906366915508,-0.019722388478313202,0,0,0,1
2020-06-01,MCD,Consumer,-0.0033279859621566,0.0183883965139242,0.00013333333333333334,-0.0034613192954899333,0.018255063180590867,-0.0066112155375508,0.07746538354656221,-0.037695982707498965,0,0,0,1
2020-06-01,MRK,Healthcare,-0.0419970748115567,0.0183883965139242,0.00013333333333333334,-0.04213040814489003,0.018255063180590867,0.0173934727416824,0.04716171636180442,0.04835799570014809,0,0,1,0
2020-06-01,MS,Financials,0.0927604800011461,0.0183883965139242,0.00013333333333333334,0.09262714666781277,0.018255063180590867,0.1308368006854363,0.1138851625567916,0.11998328901527189,0,1,0,0
2020-06-01,MSFT,Technology,0.1136522782084261,0.0183883965139242,0.00013333333333333334,0.11351894487509277,0.018255063180590867,0.0225433049865961,0.049970655124539895,0.5012491593306398,1,0,0,0
2020-06-01,NVDA,Technology,0.0701087683155177,0.0183883965139242,0.00013333333333333334,0.06997543498218436,0.018255063180590867,0.2146572477089974,0.08209369988133589,1.629946532645734,1,0,0,0
2020-06-01,PFE,Healthcare,-0.135221692233126,0.0183883965139242,0.00013333333333333334,-0.13535502556645934,0.018255063180590867,-0.0044318931354372,0.07910756337656626,-0.04465046910170012,0,0,1,0
2020-06-01,PG,Consumer,0.0314871185196667,0.0183883965139242,0.00013333333333333334,0.03135378518633337,0.018255063180590867,-0.0099852033994272,0.04676829228260318,0.1553907417902438,0,0,0,1
2020-06-01,UNH,Healthcare,-0.0324755965566168,0.0183883965139242,0.00013333333333333334,-0.03260892988995013,0.018255063180590867,0.0423295256096216,0.08922013837293594,0.28273227498943254,0,0,1,0
2020-06-01,WMT,Consumer,-0.030252500999838,0.0183883965139242,0.00013333333333333334,-0.03038583433317133,0.018255063180590867,0.0206496260971997,0.04436245686570068,0.24657157651696893,0,0,0,1
2020-07-01,AAPL,Technology,0.1651319582013706,0.0551013214804436,0.00010833333333333333,0.1650236248680373,0.05499298814711027,0.1504920071697699,0.0835172375040197,0.8651660423779342,1,0,0,0
2020-07-01,ABBV,Healthcare,-0.0333061794781851,0.0551013214804436,0.00010833333333333333,-0.033414512811518436,0.05499298814711027,0.0594581995553491,0.08962545760478369,0.4304941260464157,0,0,1,0
2020-07-01,AMZN,Technology,0.1471136218500213,0.0551013214804436,0.00010833333333333333,0.14700528851668798,0.05499298814711027,0.1295667285339112,0.09119681262566125,0.4568948470495071,1,0,0,0
2020-07-01,BAC,Financials,0.0548846192346419,0.0551013214804436,0.00010833333333333333,0.05477628590130856,0.05499298814711027,-0.0153396320564525,0.11184524791338489,-0.16133991506973366,0,1,0,0
2020-07-01,C,Financials,-0.021330811376826,0.0551013214804436,0.00010833333333333333,-0.02143914471015933,0.05499298814711027,0.0779036761050835,0.13136538735744926,-0.24675198976406099,0,1,0,0
2020-07-01,COST,Consumer,0.0736121901023565,0.0551013214804436,0.00010833333333333333,0.07350385676902317,0.05499298814711027,-0.0170518417953305,0.04193923259465542,0.15749692989277797,0,0,0,1
2020-07-01,GOOGL,Technology,0.0492931233818045,0.0551013214804436,0.00010833333333333333,0.049184790048471164,0.05499298814711027,-0.0107918207888729,0.0787157710715777,0.3096139008599401,1,0,0,0
2020-07-01,GS,Financials,0.0017208159315744,0.0551013214804436,0.00010833333333333333,0.0016124825982410666,0.05499298814711027,0.0120376545196028,0.10945793096420967,-0.010449968271248333,0,1,0,0
2020-07-01,JNJ,Healthcare,0.0364781670301868,0.0551013214804436,0.00010833333333333333,0.03636983369685347,0.05499298814711027,-0.0480342553954633,0.06358167423804215,0.03798395883678607,0,0,1,0
2020-07-01,JPM,Financials,0.0274294225497759,0.0551013214804436,0.00010833333333333333,0.02732108921644257,0.05499298814711027,-0.0333984086880466,0.09129818404608937,-0.13151783843365783,0,1,0,0
2020-07-01,KO,Consumer,0.0669016504833581,0.0551013214804436,0.00010833333333333333,0.06679331715002476,0.05499298814711027,-0.0428448640679485,0.06748177735067344,-0.0947058255097688,0,0,0,1
2020-07-01,MCD,Consumer,0.0531793811550231,0.0551013214804436,0.00010833333333333333,0.05307104782168977,0.05499298814711027,-0.0033279859621566,0.07558541352495883,-0.08959879810993154,0,0,0,1
2020-07-01,MRK,Healthcare,0.0458790528566286,0.0551013214804436,0.00010833333333333333,0.04577071952329526,0.05499298814711027,-0.0419970748115567,0.04568702152850198,-0.05124650341507053,0,0,1,0
2020-07-01,MS,Financials,0.0120080180761081,0.0551013214804436,0.00010833333333333333,0.011899684742774766,0.05499298814711027,0.0927604800011461,0.11475682265582011,0.13671350723235376,0,1,0,0
2020-07-01,MSFT,Technology,0.0073707792489519,0.0551013214804436,0.00010833333333333333,0.007262445915618566,0.05499298814711027,0.1136522782084261,0.05295768058629259,0.5378786762156971,1,0,0,0
2020-07-01,NVDA,Technology,0.1181169622159179,0.0551013214804436,0.00010833333333333333,0.11800862888258457,0.05499298814711027,0.0701087683155177,0.07170014604712512,1.3186652804288457,1,0,0,0
2020-07-01,PFE,Healthcare,0.1767584160599478,0.0551013214804436,0.00010833333333333333,0.17665008272661448,0.05499298814711027,-0.135221692233126,0.08583211378401975,-0.21512401097621725,0,0,1,0
2020-07-01,PG,Consumer,0.0965960349303647,0.0551013214804436,0.00010833333333333333,0.09648770159703136,0.05499298814711027,0.0314871185196667,0.044269355188244194,0.11851466159434976,0,0,0,1
2020-07-01,UNH,Healthcare,0.0309683281272559,0.0551013214804436,0.00010833333333333333,0.03085999479392257,0.05499298814711027,-0.0324755965566168,0.09066589731330274,0.22983397541315798,0,0,1,0
2020-07-01,WMT,Consumer,0.0803141281843051,0.0551013214804436,0.00010833333333333333,0.08020579485097176,0.05499298814711027,-0.030252500999838,0.03942359008276816,0.10397990674349522,0,0,0,1
2020-08-01,AAPL,Technology,0.2143795420164327,0.0700646669017177,8.333333333333333e-05,0.21429620868309937,0.06998133356838436,0.1651319582013706,0.0891754327305298,1.0189295984163804,1,0,0,0
2020-08-01,ABBV,Healthcare,0.0213772535916119,0.0700646669017177,8.333333333333333e-05,0.021293920258278566,0.06998133356838436,-0.0333061794781851,0.08463149023699565,0.5094683578717587,0,0,1,0
2020-08-01,AMZN,Technology,0.090461033692982,0.0700646669017177,8.333333333333333e-05,0.09037770035964866,0.06998133356838436,0.1471136218500213,0.09504941341534359,0.6952613463533053,1,0,0,0
2020-08-01,BAC,Financials,0.0345656960337394,0.0700646669017177,8.333333333333333e-05,0.03448236270040607,0.06998133356838436,0.0548846192346419,0.11136023035678627,-0.1682491362251305,0,1,0,0
2020-08-01,C,Financials,0.0325474216251426,0.0700646669017177,8.333333333333333e-05,0.032464088291809266,0.06998133356838436,-0.021330811376826,0.131023977003996,-0.2745258264935042,0,1,0,0
2020-08-01,COST,Consumer,0.0702788816396198,0.0700646669017177,8.333333333333333e-05,0.07019554830628646,0.06998133356838436,0.0736121901023565,0.04475959912354122,0.1914405396614809,0,0,0,1
2020-08-01,GOOGL,Technology,0.0951509980476366,0.0700646669017177,8.333333333333333e-05,0.09506766471430327,0.06998133356838436,0.0492931233818045,0.07282904226892424,0.2214331694009657,1,0,0,0
2020-08-01,GS,Financials,0.0349058794210821,0.0700646669017177,8.333333333333333e-05,0.03482254608774877,0.06998133356838436,0.0017208159315744,0.1071573674971982,-0.07867930125645595,0,1,0,0
2020-08-01,JNJ,Healthcare,0.0524838634759916,0.0700646669017177,8.333333333333333e-05,0.05240053014265827,0.06998133356838436,0.0364781670301868,0.060082803384186825,0.15069941123220332,0,0,1,0
2020-08-01,JPM,Financials,0.0468367797028257,0.0700646669017177,8.333333333333333e-05,0.04675344636949237,0.06998133356838436,0.0274294225497759,0.09088921346702546,-0.14000354278251836,0,1,0,0
2020-08-01,KO,Consumer,0.0484757973393472,0.0700646669017177,8.333333333333333e-05,0.048392464006013866,0.06998133356838436,0.0669016504833581,0.06946773631407716,-0.07275996787076477,0,0,0,1
2020-08-01,MCD,Consumer,0.0990326725425339,0.0700646669017177,8.333333333333333e-05,0.09894933920920056,0.06998133356838436,0.0531793811550231,0.07729949491379882,-0.05510776821301877,0,0,0,1
2020-08-01,MRK,Healthcare,0.0626870064373812,0.0700646669017177,8.333333333333333e-05,0.06260367310404787,0.06998133356838436,0.0458790528566286,0.04784737865513363,-0.004087244511530641,0,0,1,0
2020-08-01,MS,Financials,0.0765973126451002,0.0700646669017177,8.333333333333333e-05,0.07651397931176686,0.06998133356838436,0.0120080180761081,0.11476677688752811,0.13100098818226602,0,1,0,0
2020-08-01,MSFT,Technology,0.1000927223125309,0.0700646669017177,8.333333333333333e-05,0.10000938897919756,0.06998133356838436,0.0073707792489519,0.053380163356815655,0.5229522000175186,1,0,0,0
2020-08-01,NVDA,Technology,0.2599918296258561,0.0700646669017177,8.333333333333333e-05,0.2599084962925228,0.06998133356838436,0.1181169622159179,0.07102806892065903,1.5235451189481846,1,0,0,0
2020-08-01,PFE,Healthcare,-0.0083329209076215,0.0700646669017177,8.333333333333333e-05,-0.008416254240954832,0.06998133356838436,0.1767584160599478,0.09741138605460414,0.030143208374522334,0,0,1,0
2020-08-01,PG,Consumer,0.0616451516849878,0.0700646669017177,8.333333333333333e-05,0.06156181835165447,0.06998133356838436,0.0965960349303647,0.047277885652574535,0.1393780931724724,0,0,0,1
2020-08-01,UNH,Healthcare,0.032267568375242,0.0700646669017177,8.333333333333333e-05,0.03218423504190867,0.06998133356838436,0.0309683281272559,0.09070634037142725,0.23698272752323857,0,0,1,0
2020-08-01,WMT,Consumer,0.073029398612803,0.0700646669017177,8.333333333333333e-05,0.07294606527946966,0.06998133356838436,0.0803141281843051,0.04424489963288111,0.1938333632134417,0,0,0,1
2020-09-01,AAPL,Technology,-0.1009081438000907,-0.039227970178423,9.166666666666667e-05,-0.10099981046675736,-0.03931963684508966,0.2143795420164327,0.09461161088654343,1.5022522125039801,1,0,0,0
2020-09-01,ABBV,Healthcare,-0.0854132007197201,-0.039227970178423,9.166666666666667e-05,-0.08550486738638677,-0.03931963684508966,0.0213772535916119,0.0840554090047286,0.5389084302884437,0,0,1,0
2020-09-01,AMZN,Technology,-0.0875785918526055,-0.039227970178423,9.166666666666667e-05,-0.08767025851927217,-0.03931963684508966,0.090461033692982,0.09048622416923487,0.9427909438752073,1,0,0,0
2020-09-01,BAC,Financials,-0.0641025355553778,-0.039227970178423,9.166666666666667e-05,-0.06419420222204447,-0.03931963684508966,0.0345656960337394,0.107805291793093,-0.04034290192747125,0,1,0,0
2020-09-01,C,Financials,-0.1566900248967561,-0.039227970178423,9.166666666666667e-05,-0.15678169156342275,-0.03931963684508966,0.0325474216251426,0.12926714300355494,-0.17163944359342265,0,1,0,0
2020-09-01,COST,Consumer,0.0211124856791911,-0.039227970178423,9.166666666666667e-05,0.021020819012524432,-0.03931963684508966,0.0702788816396198,0.04485569020795219,0.19241442696727762,0,0,0,1
2020-09-01,GOOGL,Technology,-0.1005995603010327,-0.039227970178423,9.166666666666667e-05,-0.10069122696769937,-0.03931963684508966,0.0951509980476366,0.07458293930103328,0.36874320464322263,1,0,0,0
2020-09-01,GS,Financials,-0.0130973998973055,-0.039227970178423,9.166666666666667e-05,-0.013189066563972167,-0.03931963684508966,0.0349058794210821,0.10504645224903525,0.029324763049964675,0,1,0,0
2020-09-01,JNJ,Healthcare,-0.0230695070860673,-0.039227970178423,9.166666666666667e-05,-0.023161173752733966,-0.03931963684508966,0.0524838634759916,0.06037841772959333,0.2286420473837758,0,0,1,0
2020-09-01,JPM,Financials,-0.0391255615682349,-0.039227970178423,9.166666666666667e-05,-0.03921722823490156,-0.03931963684508966,0.0468367797028257,0.09133259216969303,-0.05609070759688106,0,1,0,0
2020-09-01,KO,Consumer,-0.0032301082130208,-0.039227970178423,9.166666666666667e-05,-0.0033217748796874665,-0.03931963684508966,0.0484757973393472,0.0696464149581534,-0.07038008675963725,0,0,0,1
2020-09-01,MCD,Consumer,0.0339740516192361,-0.039227970178423,9.166666666666667e-05,0.033882384952569435,-0.03931963684508966,0.0990326725425339,0.08215987967393888,0.0039261487288546615,0,0,0,1
2020-09-01,MRK,Healthcare,-0.0272078136366374,-0.039227970178423,9.166666666666667e-05,-0.027299480303304067,-0.03931963684508966,0.0626870064373812,0.0498067073014285,0.01575014767832772,0,0,1,0
2020-09-01,MS,Financials,-0.0748183232468898,-0.039227970178423,9.166666666666667e-05,-0.07490998991355648,-0.03931963684508966,0.0765973126451002,0.1131026690319098,0.29761070817681334,0,1,0,0
2020-09-01,MSFT,Technology,-0.0651425208412048,-0.039227970178423,9.166666666666667e-05,-0.06523418750787147,-0.03931963684508966,0.1000927223125309,0.05563271060234817,0.656065464546914,1,0,0,0
2020-09-01,NVDA,Technology,0.0116639439120915,-0.039227970178423,9.166666666666667e-05,0.011572277245424834,-0.03931963684508966,0.2599918296258561,0.08152179091287895,2.2026149938750152,1,0,0,0
2020-09-01,PFE,Healthcare,-0.0288438812583075,-0.039227970178423,9.166666666666667e-05,-0.028935547924974166,-0.03931963684508966,-0.0083329209076215,0.09330532109161299,0.1161000392756446,0,0,1,0
2020-09-01,PG,Consumer,0.0047715898161018,-0.039227970178423,9.166666666666667e-05,0.0046799231494351334,-0.03931963684508966,0.0616451516849878,0.04933312355125641,0.17994047065879237,0,0,0,1
2020-09-01,UNH,Healthcare,-0.0024954291883239,-0.039227970178423,9.166666666666667e-05,-0.0025870958549905664,-0.03931963684508966,0.032267568375242,0.08698207695650131,0.35880433807808054,0,0,1,0
2020-09-01,WMT,Consumer,0.0117764686267278,-0.039227970178423,9.166666666666667e-05,0.011684801960061133,-0.03931963684508966,0.073029398612803,0.04701824666716,0.23751813939761246,0,0,0,1
2020-10-01,AAPL,Technology,-0.0600119644132058,-0.0276657862213797,8.333333333333333e-05,-0.06009529774653913,-0.027749119554713035,-0.1009081438000907,0.1086156970572249,1.088834228267805,1,0,0,0
2020-10-01,ABBV,Healthcare,-0.0284277980321615,-0.0276657862213797,8.333333333333333e-05,-0.028511131365494834,-0.027749119554713035,-0.0854132007197201,0.08320251753938247,0.22195958204943134,0,0,1,0
2020-10-01,AMZN,Technology,-0.0357540853352055,-0.0276657862213797,8.333333333333333e-05,-0.03583741866853883,-0.027749119554713035,-0.0875785918526055,0.09755572515116497,0.8138784824101708,1,0,0,0
2020-10-01,BAC,Financials,-0.0093359526416177,-0.0276657862213797,8.333333333333333e-05,-0.009419285974951033,-0.027749119554713035,-0.0641025355553778,0.10771476657584016,-0.1529706665426519,0,1,0,0
2020-10-01,C,Financials,-0.0392022758864397,-0.0276657862213797,8.333333333333333e-05,-0.03928560921977303,-0.027749119554713035,-0.1566900248967561,0.13274073433130112,-0.3541225359729556,0,1,0,0
2020-10-01,COST,Consumer,0.0073802048111519,-0.0276657862213797,8.333333333333333e-05,0.007296871477818566,-0.027749119554713035,0.0211124856791911,0.04339585432710625,0.24294362820210758,0,0,0,1
2020-10-01,GOOGL,Technology,0.1026951741682584,-0.0276657862213797,8.333333333333333e-05,0.10261184083492506,-0.027749119554713035,-0.1005995603010327,0.08348155124566156,0.2001898765134531,1,0,0,0
2020-10-01,GS,Financials,-0.0593620801748524,-0.0276657862213797,8.333333333333333e-05,-0.05944541350818573,-0.027749119554713035,-0.0130973998973055,0.10509448369855019,-0.006665702122405359,0,1,0,0
2020-10-01,JNJ,Healthcare,-0.079057035782717,-0.0276657862213797,8.333333333333333e-05,-0.07914036911605034,-0.027749119554713035,-0.0230695070860673,0.06159305966516071,0.18197788647229074,0,0,1,0
2020-10-01,JPM,Financials,0.0183856898493297,-0.0276657862213797,8.333333333333333e-05,0.018302356515996366,-0.027749119554713035,-0.0391255615682349,0.088965127581105,-0.15336371024163054,0,1,0,0
2020-10-01,KO,Consumer,-0.0186544408252259,-0.0276657862213797,8.333333333333333e-05,-0.018737774158559234,-0.027749119554713035,-0.0032301082130208,0.06960938070563856,-0.06317058872589376,0,0,0,1
2020-10-01,MCD,Consumer,-0.0295688479501421,-0.0276657862213797,8.333333333333333e-05,-0.029652181283475434,-0.027749119554713035,0.0339740516192361,0.08249002220229837,0.048251842905248976,0,0,0,1
2020-10-01,MRK,Healthcare,-0.086714735605431,-0.0276657862213797,8.333333333333333e-05,-0.08679806893876434,-0.027749119554713035,-0.0272078136366374,0.04984542193161842,0.01499412802110256,0,0,1,0
2020-10-01,MS,Financials,-0.004136281064285,-0.0276657862213797,8.333333333333333e-05,-0.004219614397618334,-0.027749119554713035,-0.0748183232468898,0.11695573108152604,0.1673260051175245,0,1,0,0
2020-10-01,MSFT,Technology,-0.037369693416429,-0.0276657862213797,8.333333333333333e-05,-0.03745302674976233,-0.027749119554713035,-0.0651425208412048,0.06358532641034996,0.5300618958906205,1,0,0,0
2020-10-01,NVDA,Technology,-0.0733712080818346,-0.0276657862213797,8.333333333333333e-05,-0.07345454141516794,-0.027749119554713035,0.0116639439120915,0.08395006879319378,2.1147855476703854,1,0,0,0
2020-10-01,PFE,Healthcare,-0.0332423291551122,-0.0276657862213797,8.333333333333333e-05,-0.03332566248844553,-0.027749119554713035,-0.0288438812583075,0.09403584215995806,0.06250343196610064,0,0,1,0
2020-10-01,PG,Consumer,-0.0135983110233299,-0.0276657862213797,8.333333333333333e-05,-0.013681644356663233,-0.027749119554713035,0.0047715898161018,0.04900924937992145,0.14601336315207414,0,0,0,1
2020-10-01,UNH,Healthcare,-0.0172325895939032,-0.0276657862213797,8.333333333333333e-05,-0.017315922927236535,-0.027749119554713035,-0.0024954291883239,0.08187647106190095,0.45944576564404316,0,0,1,0
2020-10-01,WMT,Consumer,-0.008290894078147,-0.0276657862213797,8.333333333333333e-05,-0.008374227411480332,-0.027749119554713035,0.0117764686267278,0.04638223631109254,0.1995550905120551,0,0,0,1
2020-11-01,AAPL,Technology,0.0936064764999708,0.107545635443859,7.5e-05,0.09353147649997079,0.107470635443859,-0.0600119644132058,0.11366547610707013,0.7678099107867107,1,0,0,0
2020-11-01,ABBV,Healthcare,0.2456426201535264,0.107545635443859,7.5e-05,0.2455676201535264,0.107470635443859,-0.0284277980321615,0.0836878243177483,0.1300623469351192,0,0,1,0
2020-11-01,AMZN,Technology,0.0434398688653248,0.107545635443859,7.5e-05,0.0433648688653248,0.107470635443859,-0.0357540853352055,0.10073634482606532,0.7089087929516853,1,0,0,0
2020-11-01,BAC,Financials,0.1881857763106993,0.107545635443859,7.5e-05,0.1881107763106993,0.107470635443859,-0.0093359526416177,0.10419023267014597,-0.22235682502157228,0,1,0,0
2020-11-01,C,Financials,0.3460292128314544,0.107545635443859,7.5e-05,0.3459542128314544,0.107470635443859,-0.0392022758864397,0.13108136929728825,-0.40344934924686304,0,1,0,0
2020-11-01,COST,Consumer,0.0975975688345116,0.107545635443859,7.5e-05,0.09752256883451159,0.107470635443859,0.0073802048111519,0.04333848999336047,0.21418795932070833,0,0,0,1
2020-11-01,GOOGL,Technology,0.0855698017421573,0.107545635443859,7.5e-05,0.08549480174215729,0.107470635443859,0.1026951741682584,0.08694906609956989,0.28384966766591346,1,0,0,0
2020-11-01,GS,Financials,0.2197419229220005,0.107545635443859,7.5e-05,0.21966692292200052,0.107470635443859,-0.0593620801748524,0.106317882009293,-0.09256226098155496,0,1,0,0
2020-11-01,JNJ,Healthcare,0.055211088005368,0.107545635443859,7.5e-05,0.055136088005368004,0.107470635443859,-0.079057035782717,0.06732957086169362,0.0666054967660843,0,0,1,0
2020-11-01,JPM,Financials,0.2135232409203007,0.107545635443859,7.5e-05,0.2134482409203007,0.107470635443859,0.0183856898493297,0.08667042445506118,-0.18769935445278496,0,1,0,0
2020-11-01,KO,Consumer,0.0736577514534086,0.107545635443859,7.5e-05,0.07358275145340859,0.107470635443859,-0.0186544408252259,0.06966464201054742,-0.08715150324910537,0,0,0,1
2020-11-01,MCD,Consumer,0.0208449462990296,0.107545635443859,7.5e-05,0.0207699462990296,0.107470635443859,-0.0295688479501421,0.07843487874827072,0.1103968209284043,0,0,0,1
2020-11-01,MRK,Healthcare,0.0688735768178663,0.107545635443859,7.5e-05,0.06879857681786629,0.107470635443859,-0.086714735605431,0.05465869615541202,-0.10549351857740719,0,0,1,0
2020-11-01,MS,Financials,0.2936301737022304,0.107545635443859,7.5e-05,0.2935551737022304,0.107470635443859,-0.004136281064285,0.11556836687620636,0.07717213830045822,0,1,0,0
2020-11-01,MSFT,Technology,0.0572924662909071,0.107545635443859,7.5e-05,0.0572174662909071,0.107470635443859,-0.037369693416429,0.06721710565606702,0.42829769138894913,1,0,0,0
2020-11-01,NVDA,Technology,0.069211797344753,0.107545635443859,7.5e-05,0.06913679734475299,0.107470635443859,-0.0733712080818346,0.09593778813698381,1.4993009837793863,1,0,0,0
2020-11-01,PFE,Healthcare,0.1380703613689307,0.107545635443859,7.5e-05,0.1379953613689307,0.107470635443859,-0.0332423291551122,0.0927980823553968,-0.03813668292556016,0,0,1,0
2020-11-01,PG,Consumer,0.0185345393660536,0.107545635443859,7.5e-05,0.0184595393660536,0.107470635443859,-0.0135983110233299,0.04950066644608777,0.1292492553764366,0,0,0,1
2020-11-01,UNH,Healthcare,0.1022477575922518,0.107545635443859,7.5e-05,0.10217275759225179,0.107470635443859,-0.0172325895939032,0.07122531468524985,0.22769341100736296,0,0,1,0
2020-11-01,WMT,Consumer,0.1011889883369481,0.107545635443859,7.5e-05,0.1011139883369481,0.107470635443859,-0.008290894078147,0.04619077723221845,0.2040160909248645,0,0,0,1
2020-12-01,AAPL,Technology,0.1164966963952771,0.03712145909357,7.5e-05,0.1164216963952771,0.03704645909357,0.0936064764999708,0.11410824728892177,0.7995313196644818,1,0,0,0
2020-12-01,ABBV,Healthcare,0.0245745652794302,0.03712145909357,7.5e-05,0.024499565279430202,0.03704645909357,0.2456426201535264,0.10379190106272586,0.25805858098417067,0,0,1,0
2020-12-01,AMZN,Technology,0.0280583830144842,0.03712145909357,7.5e-05,0.027983383014484203,0.03704645909357,0.0434398688653248,0.10012323272030807,0.7592402397514333,1,0,0,0
2020-12-01,BAC,Financials,0.0763494859547204,0.03712145909357,7.5e-05,0.07627448595472039,0.03704645909357,0.1881857763106993,0.11794663829182235,-0.1328629906023805,0,1,0,0
2020-12-01,C,Financials,0.1196658407726247,0.03712145909357,7.5e-05,0.11959084077262469,0.03704645909357,0.3460292128314544,0.17030794424444862,-0.23187241576917206,0,1,0,0
2020-12-01,COST,Consumer,-0.0382620883921206,0.03712145909357,7.5e-05,-0.0383370883921206,0.03704645909357,0.0975975688345116,0.04905823155774029,0.31782505715900555,0,0,0,1
2020-12-01,GOOGL,Technology,-0.0010031956075247,0.03712145909357,7.5e-05,-0.0010781956075247,0.03704645909357,0.0855698017421573,0.08870363621203699,0.34530601731692245,1,0,0,0
2020-12-01,GS,Financials,0.1436812597164207,0.03712145909357,7.5e-05,0.14360625971642071,0.03704645909357,0.2197419229220005,0.12409574368982182,0.06698650529918915,0,1,0,0
2020-12-01,JNJ,Healthcare,0.0953388577124594,0.03712145909357,7.5e-05,0.09526385771245939,0.03704645909357,0.055211088005368,0.06808230726489324,0.08087981809783185,0,0,1,0
2020-12-01,JPM,Financials,0.0779609386172106,0.03712145909357,7.5e-05,0.07788593861721059,0.03704645909357,0.2135232409203007,0.10718126456604195,-0.07285381198090557,0,1,0,0
2020-12-01,KO,Consumer,0.0711240713788625,0.03712145909357,7.5e-05,0.07104907137886249,0.03704645909357,0.0736577514534086,0.07305046850483411,-0.001008990055223924,0,0,0,1
2020-12-01,MCD,Consumer,-0.0072876655965369,0.03712145909357,7.5e-05,-0.007362665596536901,0.03704645909357,0.0208449462990296,0.0781295637601562,0.14648253286840696,0,0,0,1
2020-12-01,MRK,Healthcare,0.0175396401643757,0.03712145909357,7.5e-05,0.0174646401643757,0.03704645909357,0.0688735768178663,0.05895118207188816,-0.049588351749989656,0,0,1,0
2020-12-01,MS,Financials,0.1083617401615462,0.03712145909357,7.5e-05,0.1082867401615462,0.03704645909357,0.2936301737022304,0.1405220295978281,0.28717367377057745,0,1,0,0
2020-12-01,MSFT,Technology,0.0417260106354566,0.03712145909357,7.5e-05,0.0416510106354566,0.03704645909357,0.0572924662909071,0.06726397734711044,0.43022272315676124,1,0,0,0
2020-12-01,NVDA,Technology,-0.0258554210219897,0.03712145909357,7.5e-05,-0.0259304210219897,0.03704645909357,0.069211797344753,0.09601537396462632,1.4784635167961513,1,0,0,0
2020-12-01,PFE,Healthcare,-0.0292727080686693,0.03712145909357,7.5e-05,-0.0293477080686693,0.03704645909357,0.1380703613689307,0.10096278224907324,0.09040544730608846,0,0,1,0
2020-12-01,PG,Consumer,0.0019441359416871,0.03712145909357,7.5e-05,0.0018691359416871001,0.03704645909357,0.0185345393660536,0.048906404127764015,0.1658188672736285,0,0,0,1
2020-12-01,UNH,Healthcare,0.0426356106780283,0.03712145909357,7.5e-05,0.0425606106780283,0.03704645909357,0.1022477575922518,0.070646721421607,0.22185043183555164,0,0,1,0
2020-12-01,WMT,Consumer,-0.0565481698389458,0.03712145909357,7.5e-05,-0.056623169838945796,0.03704645909357,0.1011889883369481,0.05224165792781243,0.30547521591520077,0,0,0,1
2021-01-01,AAPL,Technology,-0.0055015630072465,-0.0111366607554451,6.666666666666667e-05,-0.005568229673913167,-0.011203327422111766,0.1164966963952771,0.11471175468681194,0.8230679971450297,1,0,0,0
2021-01-01,ABBV,Healthcare,-0.0435838338794369,-0.0111366607554451,6.666666666666667e-05,-0.04365050054610357,-0.011203327422111766,0.0245745652794302,0.10368811919596425,0.2771829889226729,0,0,1,0
2021-01-01,AMZN,Technology,-0.0155760122365283,-0.0111366607554451,6.666666666666667e-05,-0.015642678903194967,-0.011203327422111766,0.0280583830144842,0.10007849280196456,0.7625606069163982,1,0,0,0
2021-01-01,BAC,Financials,-0.0156781220604107,-0.0111366607554451,6.666666666666667e-05,-0.015744788727077366,-0.011203327422111766,0.0763494859547204,0.11899891401434312,-0.11700837713330559,0,1,0,0
2021-01-01,C,Financials,-0.0595196824166786,-0.0111366607554451,6.666666666666667e-05,-0.059586349083345265,-0.011203327422111766,0.1196658407726247,0.1729166933957762,-0.19704408648754168,0,1,0,0
2021-01-01,COST,Consumer,-0.0401255927794547,-0.0111366607554451,6.666666666666667e-05,-0.04019225944612136,-0.011203327422111766,-0.0382620883921206,0.05083842873540496,0.29280020262769146,0,0,0,1
2021-01-01,GOOGL,Technology,0.0426326473753349,-0.0111366607554451,6.666666666666667e-05,0.04256598070866823,-0.011203327422111766,-0.0010031956075247,0.08911859570412418,0.30853632718568735,1,0,0,0
2021-01-01,GS,Financials,0.0338932675854124,-0.0111366607554451,6.666666666666667e-05,0.03382660091874573,-0.011203327422111766,0.1436812597164207,0.1295909636630394,0.1681699533732941,0,1,0,0
2021-01-01,JNJ,Healthcare,0.0365356808358916,-0.0111366607554451,6.666666666666667e-05,0.036469014169224934,-0.011203327422111766,0.0953388577124594,0.07063743807834479,0.10823714313853605,0,0,1,0
2021-01-01,JPM,Financials,0.0125912999352089,-0.0111366607554451,6.666666666666667e-05,0.012524633268542234,-0.011203327422111766,0.0779609386172106,0.1083271958217031,-0.05534759391412725,0,1,0,0
2021-01-01,KO,Consumer,-0.1219912700214647,-0.0111366607554451,6.666666666666667e-05,-0.12205793668813138,-0.011203327422111766,0.0711240713788625,0.07483580840572643,0.024691436293036384,0,0,0,1
2021-01-01,MCD,Consumer,-0.0314099946020011,-0.0111366607554451,6.666666666666667e-05,-0.031476661268667765,-0.011203327422111766,-0.0072876655965369,0.07831701957591285,0.11296761959438517,0,0,0,1
2021-01-01,MRK,Healthcare,-0.0503834647880312,-0.0111366607554451,6.666666666666667e-05,-0.050450131454697865,-0.011203327422111766,0.0175396401643757,0.05758501083179349,-0.07300534272223913,0,0,1,0
2021-01-01,MS,Financials,-0.0215964913647169,-0.0111366607554451,6.666666666666667e-05,-0.021663158031383568,-0.011203327422111766,0.1083617401615462,0.14232326544697918,0.3808848832527876,0,1,0,0
2021-01-01,MSFT,Technology,0.0428917975255116,-0.0111366607554451,6.666666666666667e-05,0.042825130858844936,-0.011203327422111766,0.0417260106354566,0.06720907142525688,0.42534033778082025,1,0,0,0
2021-01-01,NVDA,Technology,-0.0047042886502213,-0.0111366607554451,6.666666666666667e-05,-0.004770955316887966,-0.011203327422111766,-0.0258554210219897,0.10093677435434989,1.2222998308588244,1,0,0,0
2021-01-01,PFE,Healthcare,-0.0247214937069747,-0.0111366607554451,6.666666666666667e-05,-0.024788160373641368,-0.011203327422111766,-0.0292727080686693,0.10149489901530698,0.03069473653363408,0,0,1,0
2021-01-01,PG,Consumer,-0.0785538307458666,-0.0111366607554451,6.666666666666667e-05,-0.07862049741253327,-0.011203327422111766,0.0019441359416871,0.048924788209323486,0.14152528758532035,0,0,0,1
2021-01-01,UNH,Healthcare,-0.0453402317353548,-0.0111366607554451,6.666666666666667e-05,-0.045406898402021466,-0.011203327422111766,0.0426356106780283,0.07036744907128199,0.21280006948566177,0,0,1,0
2021-01-01,WMT,Consumer,-0.0218275957964761,-0.0111366607554451,6.666666666666667e-05,-0.021894262463142765,-0.011203327422111766,-0.0565481698389458,0.05684651815983893,0.2342439070579052,0,0,0,1
2021-02-01,AAPL,Technology,-0.0810853878146342,0.0260914513774483,3.3333333333333335e-05,-0.08111872114796753,0.026058118044114967,-0.0055015630072465,0.1161396767220853,0.720133824751479,1,0,0,0
2021-02-01,ABBV,Healthcare,0.0636231528092434,0.0260914513774483,3.3333333333333335e-05,0.06358981947591007,0.026058118044114967,-0.0435838338794369,0.1003257057927884,0.3348956048026439,0,0,1,0
2021-02-01,AMZN,Technology,-0.0353284137674236,0.0260914513774483,3.3333333333333335e-05,-0.035361747100756936,0.026058118044114967,-0.0155760122365283,0.10124526620587518,0.5961408492194873,1,0,0,0
2021-02-01,BAC,Financials,0.1706577316003543,0.0260914513774483,3.3333333333333335e-05,0.17062439826702097,0.026058118044114967,-0.0156781220604107,0.11763401020721577,-0.07264170054053698,0,1,0,0
2021-02-01,C,Financials,0.14574158449696,0.0260914513774483,3.3333333333333335e-05,0.14570825116362668,0.026058118044114967,-0.0595196824166786,0.17262809713068172,-0.1892208917066195,0,1,0,0
2021-02-01,COST,Consumer,-0.0608067937590249,0.0260914513774483,3.3333333333333335e-05,-0.06084012709235824,0.026058118044114967,-0.0401255927794547,0.053585540894774276,0.1938101787869153,0,0,0,1
2021-02-01,GOOGL,Technology,0.1064652816172357,0.0260914513774483,3.3333333333333335e-05,0.10643194828390237,0.026058118044114967,0.0426326473753349,0.08825800591731563,0.27539456237589843,1,0,0,0
2021-02-01,GS,Financials,0.1781540562299461,0.0260914513774483,3.3333333333333335e-05,0.17812072289661277,0.026058118044114967,0.0338932675854124,0.12958989049216052,0.16803780348373376,0,1,0,0
2021-02-01,JNJ,Healthcare,-0.0286270578184593,0.0260914513774483,3.3333333333333335e-05,-0.028660391151792634,0.026058118044114967,0.0365356808358916,0.0709867390042031,0.12557815780665216,0,0,1,0
2021-02-01,JPM,Financials,0.1520160528700986,0.0260914513774483,3.3333333333333335e-05,0.15198271953676526,0.026058118044114967,0.0125912999352089,0.10713477123211063,0.007423768653757268,0,1,0,0
2021-02-01,KO,Consumer,0.0174456042375246,0.0260914513774483,3.3333333333333335e-05,0.017412270904191268,0.026058118044114967,-0.1219912700214647,0.08119630624718487,-0.14729925266803168,0,0,0,1
2021-02-01,MCD,Consumer,-0.0081795253085881,0.0260914513774483,3.3333333333333335e-05,-0.008212858641921433,0.026058118044114967,-0.0314099946020011,0.07580602872901697,-0.00441437051879312,0,0,0,1
2021-02-01,MRK,Healthcare,-0.0577398526104006,0.0260914513774483,3.3333333333333335e-05,-0.057773185943733936,0.026058118044114967,-0.0503834647880312,0.057301502077524234,-0.06932259121051565,0,0,1,0
2021-02-01,MS,Financials,0.1523526950902602,0.0260914513774483,3.3333333333333335e-05,0.15231936175692687,0.026058118044114967,-0.0215964913647169,0.14328603756949365,0.3215908336086164,0,1,0,0
2021-02-01,MSFT,Technology,0.001810701753492,0.0260914513774483,3.3333333333333335e-05,0.0017773684201586666,0.026058118044114967,0.0428917975255116,0.06567247372672129,0.37706233471238804,1,0,0,0
2021-02-01,NVDA,Technology,0.0557941340982262,0.0260914513774483,3.3333333333333335e-05,0.055760800764892864,0.026058118044114967,-0.0047042886502213,0.10155681958319195,1.2012748932484403,1,0,0,0
2021-02-01,PFE,Healthcare,-0.0569825548604983,0.0260914513774483,3.3333333333333335e-05,-0.05701588819383164,0.026058118044114967,-0.0247214937069747,0.10048631191599695,0.05758088154913121,0,0,1,0
2021-02-01,PG,Consumer,-0.0306909983996914,0.0260914513774483,3.3333333333333335e-05,-0.030724331733024732,0.026058118044114967,-0.0785538307458666,0.05548914755808258,0.05421739415847271,0,0,0,1
2021-02-01,UNH,Healthcare,-0.0040765959123814,0.0260914513774483,3.3333333333333335e-05,-0.004109929245714733,0.026058118044114967,-0.0453402317353548,0.06790750205618631,0.2445213054982076,0,0,1,0
2021-02-01,WMT,Consumer,-0.075236694895107,0.0260914513774483,3.3333333333333335e-05,-0.07527002822844032,0.026058118044114967,-0.0218275957964761,0.05606127799032805,0.24757850839589923,0,0,0,1
2021-03-01,AAPL,Technology,0.0088450196119265,0.0424386325331651,2.4999999999999998e-05,0.0088200196119265,0.0424136325331651,-0.0810853878146342,0.11179056087785512,0.7896870414066848,1,0,0,0
2021-03-01,ABBV,Healthcare,0.0044551665312044,0.0424386325331651,2.4999999999999998e-05,0.0044301665312044,0.0424136325331651,0.0636231528092434,0.10001860008753327,0.3242428083003006,0,0,1,0
2021-03-01,AMZN,Technology,0.0003717841485171,0.0424386325331651,2.4999999999999998e-05,0.0003467841485171,0.0424136325331651,-0.0353284137674236,0.09895137705404061,0.6419004606109002,1,0,0,0
2021-03-01,BAC,Financials,0.1146640886192111,0.0424386325331651,2.4999999999999998e-05,0.1146390886192111,0.0424136325331651,0.1706577316003543,0.1191018101530982,0.2505573511643904,0,1,0,0
2021-03-01,C,Financials,0.1042807202599667,0.0424386325331651,2.4999999999999998e-05,0.1042557202599667,0.0424136325331651,0.14574158449696,0.171625197170815,0.08205795730152898,0,1,0,0
2021-03-01,COST,Consumer,0.0669970176556349,0.0424386325331651,2.4999999999999998e-05,0.0669720176556349,0.0424136325331651,-0.0608067937590249,0.05069574008578001,0.2184489242683696,0,0,0,1
2021-03-01,GOOGL,Technology,0.0200847763334031,0.0424386325331651,2.4999999999999998e-05,0.020059776333403098,0.0424136325331651,0.1064652816172357,0.08635791452806162,0.5097334238338629,1,0,0,0
2021-03-01,GS,Financials,0.023538445831315,0.0424386325331651,2.4999999999999998e-05,0.023513445831315,0.0424136325331651,0.1781540562299461,0.1239749504140874,0.6295988323218451,0,1,0,0
2021-03-01,JNJ,Healthcare,0.0436373336457605,0.0424386325331651,2.4999999999999998e-05,0.043612333645760504,0.0424136325331651,-0.0286270578184593,0.06386311083687544,0.2103506967794675,0,0,1,0
2021-03-01,JPM,Financials,0.0343818159247812,0.0424386325331651,2.4999999999999998e-05,0.0343568159247812,0.0424136325331651,0.1520160528700986,0.10716981347538587,0.3145545215672412,0,1,0,0
2021-03-01,KO,Consumer,0.0759339536757155,0.0424386325331651,2.4999999999999998e-05,0.0759089536757155,0.0424136325331651,0.0174456042375246,0.07800266539983237,-0.05278593413210486,0,0,0,1
2021-03-01,MCD,Consumer,0.0940095767606719,0.0424386325331651,2.4999999999999998e-05,0.0939845767606719,0.0424136325331651,-0.0081795253085881,0.06989359862616332,0.08813381589071945,0,0,0,1
2021-03-01,MRK,Healthcare,0.0615532454292824,0.0424386325331651,2.4999999999999998e-05,0.061528245429282404,0.0424136325331651,-0.0577398526104006,0.051240715831289786,-0.02134603708136451,0,0,1,0
2021-03-01,MS,Financials,0.0102770883140403,0.0424386325331651,2.4999999999999998e-05,0.010252088314040298,0.0424136325331651,0.1523526950902602,0.13680577752144285,0.7559371009066349,0,1,0,0
2021-03-01,MSFT,Technology,0.016925014343611,0.0424386325331651,2.4999999999999998e-05,0.016900014343611,0.0424136325331651,0.001810701753492,0.06179506722843271,0.4495509400721043,1,0,0,0
2021-03-01,NVDA,Technology,-0.0267053478489236,0.0424386325331651,2.4999999999999998e-05,-0.0267303478489236,0.0424136325331651,0.0557941340982262,0.0991793972560555,1.0346029839823077,1,0,0,0
2021-03-01,PFE,Healthcare,0.0818154639752144,0.0424386325331651,2.4999999999999998e-05,0.0817904639752144,0.0424136325331651,-0.0569825548604983,0.09761709805280164,0.1000757498714071,0,0,1,0
2021-03-01,PG,Consumer,0.0963327405095901,0.0424386325331651,2.4999999999999998e-05,0.09630774050959011,0.0424136325331651,-0.0306909983996914,0.049097832537401034,0.11801108750297318,0,0,0,1
2021-03-01,UNH,Healthcare,0.1199504740528609,0.0424386325331651,2.4999999999999998e-05,0.1199254740528609,0.0424136325331651,-0.0040765959123814,0.06315088044811834,0.32447261138888317,0,0,1,0
2021-03-01,WMT,Consumer,0.0454894079694443,0.0424386325331651,2.4999999999999998e-05,0.0454644079694443,0.0424136325331651,-0.075236694895107,0.05823482565614142,0.22667940926426033,0,0,0,1
2021-04-01,AAPL,Technology,0.0762179801484606,0.0524253213475585,1.6666666666666667e-05,0.07620131348179393,0.052408654680891835,0.0088450196119265,0.10619877761456163,0.9363226676443719,1,0,0,0
2021-04-01,ABBV,Healthcare,0.0303088232484101,0.0524253213475585,1.6666666666666667e-05,0.030292156581743432,0.052408654680891835,0.0044551665312044,0.09052534641312819,0.4963444014150107,0,0,1,0
2021-04-01,AMZN,Technology,0.1206627370956834,0.0524253213475585,1.6666666666666667e-05,0.12064607042901673,0.052408654680891835,0.0003717841485171,0.09981205039340957,0.5869355051404077,1,0,0,0
2021-04-01,BAC,Financials,0.052760846727816,0.0524253213475585,1.6666666666666667e-05,0.05274418006114934,0.052408654680891835,0.1146640886192111,0.08187453063307437,0.871296210459038,0,1,0,0
2021-04-01,C,Financials,-0.020756194007223,0.0524253213475585,1.6666666666666667e-05,-0.020772860673889667,0.052408654680891835,0.1042807202599667,0.1305197238614863,0.800286585508502,0,1,0,0
2021-04-01,COST,Consumer,0.0556347739729126,0.0524253213475585,1.6666666666666667e-05,0.05561810730624594,0.052408654680891835,0.0669970176556349,0.0526385427731402,0.27919127469643046,0,0,0,1
2021-04-01,GOOGL,Technology,0.1410799540174498,0.0524253213475585,1.6666666666666667e-05,0.14106328735078313,0.052408654680891835,0.0200847763334031,0.06827228387596218,0.7750504419996995,1,0,0,0
2021-04-01,GS,Financials,0.0697818414809132,0.0524253213475585,1.6666666666666667e-05,0.06976517481424653,0.052408654680891835,0.023538445831315,0.0901879082405958,1.1530545498329068,0,1,0,0
2021-04-01,JNJ,Healthcare,-0.0098568495458898,0.0524253213475585,1.6666666666666667e-05,-0.009873516212556466,0.052408654680891835,0.0436373336457605,0.06315174246454311,0.28722896976154755,0,0,1,0
2021-04-01,JPM,Financials,0.0103795076855559,0.0524253213475585,1.6666666666666667e-05,0.010362841018889233,0.052408654680891835,0.0343818159247812,0.0718057524276343,0.75364642612021,0,1,0,0
2021-04-01,KO,Consumer,0.032617890817236,0.0524253213475585,1.6666666666666667e-05,0.03260122415056933,0.052408654680891835,0.0759339536757155,0.05913570632915656,0.23195010083153833,0,0,0,1
2021-04-01,MCD,Consumer,0.0532702578891783,0.0524253213475585,1.6666666666666667e-05,0.05325359122251164,0.052408654680891835,0.0940095767606719,0.05476496808206793,0.3892238857809467,0,0,0,1
2021-04-01,MRK,Healthcare,-0.0251062518931729,0.0524253213475585,1.6666666666666667e-05,-0.025122918559839568,0.052408654680891835,0.0615532454292824,0.05430971209722135,0.03376219108825684,0,0,1,0
2021-04-01,MS,Financials,0.0629668326915442,0.0524253213475585,1.6666666666666667e-05,0.06295016602487753,0.052408654680891835,0.0102770883140403,0.10072215495724933,1.3494833409010623,0,1,0,0
2021-04-01,MSFT,Technology,0.0696017220972171,0.0524253213475585,1.6666666666666667e-05,0.06958505543055044,0.052408654680891835,0.016925014343611,0.05945205352294232,0.5101510046990245,1,0,0,0
2021-04-01,NVDA,Technology,0.1248427502193085,0.0524253213475585,1.6666666666666667e-05,0.12482608355264184,0.052408654680891835,-0.0267053478489236,0.09945387854298801,1.0276607736743308,1,0,0,0
2021-04-01,PFE,Healthcare,0.0667955626108065,0.0524253213475585,1.6666666666666667e-05,0.06677889594413984,0.052408654680891835,0.0818154639752144,0.09885452565383442,0.21851864748462124,0,0,1,0
2021-04-01,PG,Consumer,-0.0148415899867496,0.0524253213475585,1.6666666666666667e-05,-0.014858256653416266,0.052408654680891835,0.0963327405095901,0.05315410233250502,0.2617033082646907,0,0,0,1
2021-04-01,UNH,Healthcare,0.0756492350008841,0.0524253213475585,1.6666666666666667e-05,0.07563256833421743,0.052408654680891835,0.1199504740528609,0.06667117079118846,0.516534234893459,0,0,1,0
2021-04-01,WMT,Consumer,0.0343382493469945,0.0524253213475585,1.6666666666666667e-05,0.03432158268032783,0.052408654680891835,0.0454894079694443,0.057749183237549115,0.21543228936387138,0,0,0,1
2021-05-01,AAPL,Technology,-0.0521073099477634,0.0054864886706069,1.6666666666666667e-05,-0.052123976614430065,0.005469822003940234,0.0762179801484606,0.10222750143392322,0.8036627447048783,1,0,0,0
2021-05-01,ABBV,Healthcare,0.0275902733054569,0.0054864886706069,1.6666666666666667e-05,0.027573606638790233,0.005469822003940234,0.0303088232484101,0.08959390828561671,0.42897664701275096,0,0,1,0
2021-05-01,AMZN,Technology,-0.0704702552586937,0.0054864886706069,1.6666666666666667e-05,-0.07048692192536037,0.005469822003940234,0.1206627370956834,0.07560492080168045,0.4015441105451809,1,0,0,0
2021-05-01,BAC,Financials,0.0458919587079091,0.0054864886706069,1.6666666666666667e-05,0.04587529204124244,0.005469822003940234,0.052760846727816,0.07753707956881241,0.7280045145214245,0,1,0,0
2021-05-01,C,Financials,0.1125409436604205,0.0054864886706069,1.6666666666666667e-05,0.11252427699375384,0.005469822003940234,-0.020756194007223,0.12858291619654763,0.5291222253863408,0,1,0,0
2021-05-01,COST,Consumer,0.0187862680824217,0.0054864886706069,1.6666666666666667e-05,0.01876960141575503,0.005469822003940234,0.0556347739729126,0.052181135648022244,0.27071870955508714,0,0,0,1
2021-05-01,GOOGL,Technology,0.0014234383827196,0.0054864886706069,1.6666666666666667e-05,0.0014067717160529333,0.005469822003940234,0.1410799540174498,0.06585016801167473,0.7476053538566576,1,0,0,0
2021-05-01,GS,Financials,0.0676423608421175,0.0054864886706069,1.6666666666666667e-05,0.06762569417545083,0.005469822003940234,0.0697818414809132,0.08236822098450239,0.9412652412018887,0,1,0,0
2021-05-01,JNJ,Healthcare,0.0400664200711116,0.0054864886706069,1.6666666666666667e-05,0.040049753404444936,0.005469822003940234,-0.0098568495458898,0.050715607082281726,0.1139067472090518,0,0,1,0
2021-05-01,JPM,Financials,0.0740994585014747,0.0054864886706069,1.6666666666666667e-05,0.07408279183480804,0.005469822003940234,0.0103795076855559,0.07253380123216957,0.6658256685623709,0,1,0,0
2021-05-01,KO,Consumer,0.0242682755183694,0.0054864886706069,1.6666666666666667e-05,0.02425160885170273,0.005469822003940234,0.032617890817236,0.058701812473538534,0.21600586943850542,0,0,0,1
2021-05-01,MCD,Consumer,-0.0092765943362822,0.0054864886706069,1.6666666666666667e-05,-0.009293261002948867,0.005469822003940234,0.0532702578891783,0.04467404746777559,0.28995938214823247,0,0,0,1
2021-05-01,MRK,Healthcare,0.0186578289063823,0.0054864886706069,1.6666666666666667e-05,0.018641162239715632,0.005469822003940234,-0.0251062518931729,0.053668978995342134,-0.030684898581503584,0,0,1,0
2021-05-01,MS,Financials,0.1064372447873127,0.0054864886706069,1.6666666666666667e-05,0.10642057812064604,0.005469822003940234,0.0629668326915442,0.09740472734447335,1.1534976162235573,0,1,0,0
2021-05-01,MSFT,Technology,-0.0099135863876711,0.0054864886706069,1.6666666666666667e-05,-0.009930253054337767,0.005469822003940234,0.0696017220972171,0.05190970930313741,0.42147584907040025,1,0,0,0
2021-05-01,NVDA,Technology,0.082281029891474,0.0054864886706069,1.6666666666666667e-05,0.08226436322480733,0.005469822003940234,0.1248427502193085,0.10020392524919608,1.0569956998671084,1,0,0,0
2021-05-01,PFE,Healthcare,0.002069691060843,0.0054864886706069,1.6666666666666667e-05,0.0020530243941763336,0.005469822003940234,0.0667955626108065,0.0878008377933261,0.1060754883319337,0,0,1,0
2021-05-01,PG,Consumer,0.0171847722006712,0.0054864886706069,1.6666666666666667e-05,0.01716810553400453,0.005469822003940234,-0.0148415899867496,0.05148558691218748,0.1599857037968644,0,0,0,1
2021-05-01,UNH,Healthcare,0.0328988691503528,0.0054864886706069,1.6666666666666667e-05,0.03288220248368613,0.005469822003940234,0.0756492350008841,0.05197872177530625,0.38492432372829444,0,0,1,0
2021-05-01,WMT,Consumer,0.0151525429573988,0.0054864886706069,1.6666666666666667e-05,0.015135876290732134,0.005469822003940234,0.0343382493469945,0.0552792044428294,0.1699726502003951,0,0,0,1
2021-06-01,AAPL,Technology,0.1009761719121613,0.0222140095658347,3.3333333333333335e-05,0.10094283857882796,0.022180676232501365,-0.0521073099477634,0.10625135997647357,0.5798694554760153,1,0,0,0
2021-06-01,ABBV,Healthcare,-0.0049467927916722,0.0222140095658347,3.3333333333333335e-05,-0.004980126125005533,0.022180676232501365,0.0275902733054569,0.08255350010584868,0.28336042019076646,0,0,1,0
2021-06-01,AMZN,Technology,0.0673549873709398,0.0222140095658347,3.3333333333333335e-05,0.06732165403760647,0.022180676232501365,-0.0704702552586937,0.08033181533231462,0.3196485687274957,1,0,0,0
2021-06-01,BAC,Financials,-0.0273648610001192,0.0222140095658347,3.3333333333333335e-05,-0.027398194333452534,0.022180676232501365,0.0458919587079091,0.07618482098856069,0.8020608681871533,0,1,0,0
2021-06-01,C,Financials,-0.1011306882306294,0.0222140095658347,3.3333333333333335e-05,-0.10116402156396273,0.022180676232501365,0.1125409436604205,0.1287066506516457,0.7242915722727292,0,1,0,0
2021-06-01,COST,Consumer,0.0459991039926317,0.0222140095658347,3.3333333333333335e-05,0.04596577065929836,0.022180676232501365,0.0187862680824217,0.05218598074673065,0.26873583393304545,0,0,0,1
2021-06-01,GOOGL,Technology,0.0360396849268407,0.0222140095658347,3.3333333333333335e-05,0.03600635159350736,0.022180676232501365,0.0014234383827196,0.06705882358913316,0.644099721385353,1,0,0,0
2021-06-01,GS,Financials,0.0236325101103536,0.0222140095658347,3.3333333333333335e-05,0.023599176777020267,0.022180676232501365,0.0676423608421175,0.08232866337682004,0.9347146701274989,0,1,0,0
2021-06-01,JNJ,Healthcare,-0.0205745142995809,0.0222140095658347,3.3333333333333335e-05,-0.020607847632914233,0.022180676232501365,0.0400664200711116,0.05102026882004572,0.16858442387147266,0,0,1,0
2021-06-01,JPM,Financials,-0.0529713199002321,0.0222140095658347,3.3333333333333335e-05,-0.05300465323356544,0.022180676232501365,0.0740994585014747,0.07270012511179545,0.7426539465076545,0,1,0,0
2021-06-01,KO,Consumer,-0.0213420181041276,0.0222140095658347,3.3333333333333335e-05,-0.021375351437460933,0.022180676232501365,0.0242682755183694,0.05872795104822452,0.22443760876309415,0,0,0,1
2021-06-01,MCD,Consumer,-0.0069444449554465,0.0222140095658347,3.3333333333333335e-05,-0.006977778288779833,0.022180676232501365,-0.0092765943362822,0.04483733352948162,0.28649826959876545,0,0,0,1
2021-06-01,MRK,Healthcare,0.0739613946701793,0.0222140095658347,3.3333333333333335e-05,0.07392806133684597,0.022180676232501365,0.0186578289063823,0.05371017235950437,-0.029480291360353794,0,0,1,0
2021-06-01,MS,Financials,0.0081363200438955,0.0222140095658347,3.3333333333333335e-05,0.008102986710562168,0.022180676232501365,0.1064372447873127,0.09626589339271524,1.107032568896062,0,1,0,0
2021-06-01,MSFT,Technology,0.0874938279358727,0.0222140095658347,3.3333333333333335e-05,0.08746049460253937,0.022180676232501365,-0.0099135863876711,0.053216658794022924,0.37635630547803656,1,0,0,0
2021-06-01,NVDA,Technology,0.2313398607081684,0.0222140095658347,3.3333333333333335e-05,0.23130652737483506,0.022180676232501365,0.082281029891474,0.08903193223659824,0.8328194465833894,1,0,0,0
2021-06-01,PFE,Healthcare,0.0210656782073457,0.0222140095658347,3.3333333333333335e-05,0.021032344874012367,0.022180676232501365,0.002069691060843,0.08771113948980098,0.11329874394372696,0,0,1,0
2021-06-01,PG,Consumer,0.0005932824338601,0.0222140095658347,3.3333333333333335e-05,0.0005599491005267666,0.022180676232501365,0.0171847722006712,0.05094693766312996,0.19182036260887747,0,0,0,1
2021-06-01,UNH,Healthcare,-0.0278696715152013,0.0222140095658347,3.3333333333333335e-05,-0.027903004848534634,0.022180676232501365,0.0328988691503528,0.05182502193438288,0.37239398164522974,0,0,1,0
2021-06-01,WMT,Consumer,-0.0032117123645968,0.0222140095658347,3.3333333333333335e-05,-0.003245045697930133,0.022180676232501365,0.0151525429573988,0.05524685281359213,0.1636713331127304,0,0,0,1
2021-07-01,AAPL,Technology,0.0649824800904403,0.0227480548283887,4.1666666666666665e-05,0.06494081342377364,0.022706388161722036,0.1009761719121613,0.10263089635037644,0.511873715220226,1,0,0,0
2021-07-01,ABBV,Healthcare,0.0324928488542193,0.0227480548283887,4.1666666666666665e-05,0.03245118218755263,0.022706388161722036,-0.0049467927916722,0.08212108122306166,0.20534430018192995,0,0,1,0
2021-07-01,AMZN,Technology,-0.0327222827222827,0.0227480548283887,4.1666666666666665e-05,-0.032763949388949366,0.022706388161722036,0.0673549873709398,0.07488027436542236,0.24696792657515698,1,0,0,0
2021-07-01,BAC,Financials,-0.065693010603411,0.0227480548283887,4.1666666666666665e-05,-0.06573467727007766,0.022706388161722036,-0.0273648610001192,0.07723432405174117,0.7800530823395002,0,1,0,0
2021-07-01,C,Financials,-0.044240183469477,0.0227480548283887,4.1666666666666665e-05,-0.04428185013614367,0.022706388161722036,-0.1011306882306294,0.135793915465951,0.43789543835586175,0,1,0,0
2021-07-01,COST,Consumer,0.0860564971346657,0.0227480548283887,4.1666666666666665e-05,0.08601483046799904,0.022706388161722036,0.0459991039926317,0.05114128006241773,0.35011855347612486,0,0,0,1
2021-07-01,GOOGL,Technology,0.1035058548596994,0.0227480548283887,4.1666666666666665e-05,0.10346418819303274,0.022706388161722036,0.0360396849268407,0.06488659713532027,0.7219353753127833,1,0,0,0
2021-07-01,GS,Financials,-0.0122518671512978,0.0227480548283887,4.1666666666666665e-05,-0.012293533817964468,0.022706388161722036,0.0236325101103536,0.08178871234378833,0.956880581750702,0,1,0,0
2021-07-01,JNJ,Healthcare,0.0452834939880288,0.0227480548283887,4.1666666666666665e-05,0.04524182732136213,0.022706388161722036,-0.0205745142995809,0.04852725538151446,0.2022925965762814,0,0,1,0
2021-07-01,JPM,Financials,-0.0241738968399181,0.0227480548283887,4.1666666666666665e-05,-0.024215563506584766,0.022706388161722036,-0.0529713199002321,0.07491705372882575,0.7073665941226208,0,1,0,0
2021-07-01,KO,Consumer,0.0619057173057477,0.0227480548283887,4.1666666666666665e-05,0.06186405063908103,0.022706388161722036,-0.0213420181041276,0.05698345029200778,0.25194505484486607,0,0,0,1
2021-07-01,MCD,Consumer,0.0507380952186884,0.0227480548283887,4.1666666666666665e-05,0.05069642855202173,0.022706388161722036,-0.0069444449554465,0.045035536475427004,0.2818301659785052,0,0,0,1
2021-07-01,MRK,Healthcare,-0.0030759592810001,0.0227480548283887,4.1666666666666665e-05,-0.003117625947666767,0.022706388161722036,0.0739613946701793,0.056074938624155767,0.08799323304832884,0,0,1,0
2021-07-01,MS,Financials,0.0467882919644471,0.0227480548283887,4.1666666666666665e-05,0.04674662529778043,0.022706388161722036,0.0081363200438955,0.09737266691277494,0.9438624466152761,0,1,0,0
2021-07-01,MSFT,Technology,0.0517168338423279,0.0227480548283887,4.1666666666666665e-05,0.05167516717566123,0.022706388161722036,0.0874938279358727,0.049828003115558864,0.34402723052469253,1,0,0,0
2021-07-01,NVDA,Technology,-0.0249484927396943,0.0227480548283887,4.1666666666666665e-05,-0.024990159406360967,0.022706388161722036,0.2313398607081684,0.10262808844577338,1.1089665918836737,1,0,0,0
2021-07-01,PFE,Healthcare,0.0932072232410436,0.0227480548283887,4.1666666666666665e-05,0.09316555657437693,0.022706388161722036,0.0210656782073457,0.07438886839688279,0.3145000595213032,0,0,1,0
2021-07-01,PG,Consumer,0.0541017598217907,0.0227480548283887,4.1666666666666665e-05,0.05406009315512403,0.022706388161722036,0.0005932824338601,0.05086823894317662,0.1561244219954776,0,0,0,1
2021-07-01,UNH,Healthcare,0.0331877452253499,0.0227480548283887,4.1666666666666665e-05,0.033146078558683234,0.022706388161722036,-0.0278696715152013,0.051351981524236694,0.3789272988248802,0,0,1,0
2021-07-01,WMT,Consumer,0.0108493372410842,0.0227480548283887,4.1666666666666665e-05,0.010807670574417533,0.022706388161722036,-0.0032117123645968,0.05380628556704754,0.19611956380374407,0,0,0,1
2021-08-01,AAPL,Technology,0.0409294835986393,0.0289904162554386,4.1666666666666665e-05,0.04088781693197263,0.028948749588771933,0.0649824800904403,0.09531206791294773,0.38191988253789333,1,0,0,0
2021-08-01,ABBV,Healthcare,0.0500989606363613,0.0289904162554386,4.1666666666666665e-05,0.05005729396969463,0.028948749588771933,0.0324928488542193,0.08052943030862379,0.2873873236028941,0,0,1,0
2021-08-01,AMZN,Technology,0.0430341694999938,0.0289904162554386,4.1666666666666665e-05,0.04299250283332713,0.028948749588771933,-0.0327222827222827,0.06465755958085966,0.051477610030373766,1,0,0,0
2021-08-01,BAC,Financials,0.088372993768256,0.0289904162554386,4.1666666666666665e-05,0.08833132710158934,0.028948749588771933,-0.065693010603411,0.08431414426598692,0.5765857289050142,0,1,0,0
2021-08-01,C,Financials,0.0713835369390514,0.0289904162554386,4.1666666666666665e-05,0.07134187027238474,0.028948749588771933,-0.044240183469477,0.13686855333099793,0.40423617738131035,0,1,0,0
2021-08-01,COST,Consumer,0.0619562355060163,0.0289904162554386,4.1666666666666665e-05,0.06191456883934963,0.028948749588771933,0.0860564971346657,0.052296206600634894,0.36576786331478517,0,0,0,1
2021-08-01,GOOGL,Technology,0.0740091987608078,0.0289904162554386,4.1666666666666665e-05,0.07396753209414114,0.028948749588771933,0.1035058548596994,0.066825209747996,0.8109008112276368,1,0,0,0
2021-08-01,GS,Financials,0.1030463308400566,0.0289904162554386,4.1666666666666665e-05,0.10300466417338994,0.028948749588771933,-0.0122518671512978,0.0827926132733779,0.9295846807721433,0,1,0,0
2021-08-01,JNJ,Healthcare,0.0054005682371602,0.0289904162554386,4.1666666666666665e-05,0.005358901570493534,0.028948749588771933,0.0452834939880288,0.04892100273303591,0.21250658829226743,0,0,1,0
2021-08-01,JPM,Financials,0.0599006475431209,0.0289904162554386,4.1666666666666665e-05,0.05985898087645423,0.028948749588771933,-0.0241738968399181,0.07763433591197881,0.6216129824992049,0,1,0,0
2021-08-01,KO,Consumer,-0.0126247793252652,0.0289904162554386,4.1666666666666665e-05,-0.012666445991931867,0.028948749588771933,0.0619057173057477,0.05663024394890537,0.2460826271007428,0,0,0,1
2021-08-01,MCD,Consumer,-0.0216308411663123,0.0289904162554386,4.1666666666666665e-05,-0.021672507832978964,0.028948749588771933,0.0507380952186884,0.04488618330197833,0.278858864020864,0,0,0,1
2021-08-01,MRK,Healthcare,-0.0075452952675101,0.0289904162554386,4.1666666666666665e-05,-0.007586961934176766,0.028948749588771933,-0.0030759592810001,0.05487628752103894,0.03706696027896639,0,0,1,0
2021-08-01,MS,Financials,0.0960249063165041,0.0289904162554386,4.1666666666666665e-05,0.09598323964983743,0.028948749588771933,0.0467882919644471,0.09629834843908536,1.010668308907813,0,1,0,0
2021-08-01,MSFT,Technology,0.0595627313214794,0.0289904162554386,4.1666666666666665e-05,0.05952106465481273,0.028948749588771933,0.0517168338423279,0.04995979846464241,0.40319343443649225,1,0,0,0
2021-08-01,NVDA,Technology,0.1480077449103107,0.0289904162554386,4.1666666666666665e-05,0.14796607824364405,0.028948749588771933,-0.0249484927396943,0.10463675466552563,0.8391198091677885,1,0,0,0
2021-08-01,PFE,Healthcare,0.0858970416328122,0.0289904162554386,4.1666666666666665e-05,0.08585537496614554,0.028948749588771933,0.0932072232410436,0.061778739138510334,0.2211690525494101,0,0,1,0
2021-08-01,PG,Consumer,0.0074214710545084,0.0289904162554386,4.1666666666666665e-05,0.007379804387841734,0.028948749588771933,0.0541017598217907,0.0457678705520174,0.111323357899767,0,0,0,1
2021-08-01,UNH,Healthcare,0.0098248613077518,0.0289904162554386,4.1666666666666665e-05,0.009783194641085133,0.028948749588771933,0.0331877452253499,0.05136645919736565,0.38189578460717355,0,0,1,0
2021-08-01,WMT,Consumer,0.0389337225384922,0.0289904162554386,4.1666666666666665e-05,0.03889205587182553,0.028948749588771933,0.0108493372410842,0.04989326322801441,0.11920841983641406,0,0,0,1
2021-09-01,AAPL,Technology,-0.0666402862202824,-0.047569168801901,3.3333333333333335e-05,-0.06667361955361573,-0.047602502135234336,0.0409294835986393,0.07627951464149521,0.18454000576814433,1,0,0,0
2021-09-01,ABBV,Healthcare,-0.1068885599043771,-0.047569168801901,3.3333333333333335e-05,-0.10692189323771042,-0.047602502135234336,0.0500989606363613,0.08087132431778948,0.3235893845276139,0,0,1,0
2021-09-01,AMZN,Technology,-0.0535181087629258,-0.047569168801901,3.3333333333333335e-05,-0.05355144209625914,-0.047602502135234336,0.0430341694999938,0.06033564207865771,0.005746231950780389,1,0,0,0
2021-09-01,BAC,Financials,0.016766624136334,-0.047569168801901,3.3333333333333335e-05,0.016733290803000667,-0.047602502135234336,0.088372993768256,0.08532255995580063,0.6585832453937259,0,1,0,0
2021-09-01,C,Financials,-0.0240578759293529,-0.047569168801901,3.3333333333333335e-05,-0.024091209262686233,-0.047602502135234336,0.0713835369390514,0.13722256715353182,0.4570522291873471,0,1,0,0
2021-09-01,COST,Consumer,-0.0134800143968651,-0.047569168801901,3.3333333333333335e-05,-0.013513347730198433,-0.047602502135234336,0.0619562355060163,0.05173020220322837,0.3551474513623385,0,0,0,1
2021-09-01,GOOGL,Technology,-0.0761692026222115,-0.047569168801901,3.3333333333333335e-05,-0.07620253595554483,-0.047602502135234336,0.0740091987608078,0.06587778920400084,0.7759415210954239,1,0,0,0
2021-09-01,GS,Financials,-0.0813598820127804,-0.047569168801901,3.3333333333333335e-05,-0.08139321534611373,-0.047602502135234336,0.1030463308400566,0.08331088672719945,1.0566327281486854,0,1,0,0
2021-09-01,JNJ,Healthcare,-0.0616317665652903,-0.047569168801901,3.3333333333333335e-05,-0.061665099898623635,-0.047602502135234336,0.0054005682371602,0.04771418169571846,0.1582646111401922,0,0,1,0
2021-09-01,JPM,Financials,0.0233825042025073,-0.047569168801901,3.3333333333333335e-05,0.023349170869173968,-0.047602502135234336,0.0599006475431209,0.0777744236481189,0.6418496976225414,0,1,0,0
2021-09-01,KO,Consumer,-0.0681940154529794,-0.047569168801901,3.3333333333333335e-05,-0.06822734878631273,-0.047602502135234336,-0.0126247793252652,0.056585718808199875,0.17346639000607889,0,0,0,1
2021-09-01,MCD,Consumer,0.0209377080857688,-0.047569168801901,3.3333333333333335e-05,0.020904374752435468,-0.047602502135234336,-0.0216308411663123,0.03910625930587482,0.13845211549948266,0,0,0,1
2021-09-01,MRK,Healthcare,-0.0154670156262385,-0.047569168801901,3.3333333333333335e-05,-0.015500348959571832,-0.047602502135234336,-0.0075452952675101,0.051753442137228725,-0.03147212903075003,0,0,1,0
2021-09-01,MS,Financials,-0.0681795759042106,-0.047569168801901,3.3333333333333335e-05,-0.06821290923754393,-0.047602502135234336,0.0960249063165041,0.09669646301192246,1.0469515565572585,0,1,0,0
2021-09-01,MSFT,Technology,-0.064331306470599,-0.047569168801901,3.3333333333333335e-05,-0.06436463980393232,-0.047602502135234336,0.0595627313214794,0.04598463460388366,0.3514965037115416,1,0,0,0
2021-09-01,NVDA,Technology,-0.0743958501788644,-0.047569168801901,3.3333333333333335e-05,-0.07442918351219772,-0.047602502135234336,0.1480077449103107,0.08861859779531266,0.6756646631347867,1,0,0,0
2021-09-01,PFE,Healthcare,-0.0664206043459111,-0.047569168801901,3.3333333333333335e-05,-0.06645393767924443,-0.047602502135234336,0.0858970416328122,0.06401064868765874,0.337206699158175,0,0,1,0
2021-09-01,PG,Consumer,-0.0181893730099581,-0.047569168801901,3.3333333333333335e-05,-0.01822270634329143,-0.047602502135234336,0.0074214710545084,0.042760220107586296,0.05456235565687351,0,0,0,1
2021-09-01,UNH,Healthcare,-0.0613303553494685,-0.047569168801901,3.3333333333333335e-05,-0.061363688682801835,-0.047602502135234336,0.0098248613077518,0.05162414403382926,0.351851750248376,0,0,1,0
2021-09-01,WMT,Consumer,-0.0554159370464755,-0.047569168801901,3.3333333333333335e-05,-0.05544927037980884,-0.047602502135234336,0.0389337225384922,0.0468929344575768,0.08364539817855832,0,0,0,1
2021-10-01,AAPL,Technology,0.0586571906531847,0.0691438364006065,4.1666666666666665e-05,0.05861552398651803,0.06910216973393984,-0.0666402862202824,0.071990294684177,0.22968739302934416,1,0,0,0
2021-10-01,ABBV,Healthcare,0.063038701046785,0.0691438364006065,4.1666666666666665e-05,0.06299703438011833,0.06910216973393984,-0.1068885599043771,0.08375598706102241,0.29251025954122944,0,0,1,0
2021-10-01,AMZN,Technology,0.0266024575966432,0.0691438364006065,4.1666666666666665e-05,0.026560790929976534,0.06910216973393984,-0.0535181087629258,0.05640525065480221,0.04329050943044099,1,0,0,0
2021-10-01,BAC,Financials,0.1313273559334531,0.0691438364006065,4.1666666666666665e-05,0.13128568926678644,0.06910216973393984,0.016766624136334,0.07875731661328783,0.8018983396528359,0,1,0,0
2021-10-01,C,Financials,-0.0145341079896892,0.0691438364006065,4.1666666666666665e-05,-0.014575774656355867,0.06910216973393984,-0.0240578759293529,0.12472617491566551,0.6862111079154247,0,1,0,0
2021-10-01,COST,Consumer,0.0938911571420781,0.0691438364006065,4.1666666666666665e-05,0.09384949047541144,0.06910216973393984,-0.0134800143968651,0.0530272207317684,0.3092387596444639,0,0,0,1
2021-10-01,GOOGL,Technology,0.1074988446600029,0.0691438364006065,4.1666666666666665e-05,0.10745717799333623,0.06910216973393984,-0.0761692026222115,0.06096120337797229,0.8241813091386145,1,0,0,0
2021-10-01,GS,Financials,0.0934318228458344,0.0691438364006065,4.1666666666666665e-05,0.09339015617916774,0.06910216973393984,-0.0813598820127804,0.09108599517519857,0.9143787156364664,0,1,0,0
2021-10-01,JNJ,Healthcare,0.0085450829530226,0.0691438364006065,4.1666666666666665e-05,0.008503416286355934,0.06910216973393984,-0.0616317665652903,0.05153604855005367,0.11254457189035305,0,0,1,0
2021-10-01,JPM,Financials,0.0378767522704124,0.0691438364006065,4.1666666666666665e-05,0.03783508560374573,0.06910216973393984,0.0233825042025073,0.07362908306113768,0.7486574601978084,0,1,0,0
2021-10-01,KO,Consumer,0.0824360164162325,0.0691438364006065,4.1666666666666665e-05,0.08239434974956583,0.06910216973393984,-0.0681940154529794,0.06138475153435317,0.09698638961913342,0,0,0,1
2021-10-01,MCD,Consumer,0.0184149000650595,0.0691438364006065,4.1666666666666665e-05,0.018373233398392835,0.06910216973393984,0.0209377080857688,0.03860439325471998,0.1240985126689167,0,0,0,1
2021-10-01,MRK,Healthcare,0.1827860091074802,0.0691438364006065,4.1666666666666665e-05,0.18274434244081353,0.06910216973393984,-0.0154670156262385,0.0513311137426257,-0.019782797784164474,0,0,1,0
2021-10-01,MS,Financials,0.0562122400329963,0.0691438364006065,4.1666666666666665e-05,0.05617057336632963,0.06910216973393984,-0.0681795759042106,0.09583666670497401,1.0616396924641203,0,1,0,0
2021-10-01,MSFT,Technology,0.1762913748182262,0.0691438364006065,4.1666666666666665e-05,0.17624970815155955,0.06910216973393984,-0.064331306470599,0.04583821599758788,0.3526692529381088,1,0,0,0
2021-10-01,NVDA,Technology,0.2341670254606225,0.0691438364006065,4.1666666666666665e-05,0.23412535879395585,0.06910216973393984,-0.0743958501788644,0.09501576496486347,0.5331199409049687,1,0,0,0
2021-10-01,PFE,Healthcare,0.0169731180127383,0.0691438364006065,4.1666666666666665e-05,0.016931451346071633,0.06910216973393984,-0.0664206043459111,0.06776376483021655,0.28546646411722154,0,0,1,0
2021-10-01,PG,Consumer,0.0228181759219399,0.0691438364006065,4.1666666666666665e-05,0.022776509255273233,0.06910216973393984,-0.0181893730099581,0.04329476753868795,0.03046357809248068,0,0,0,1
2021-10-01,UNH,Healthcare,0.1825928573869006,0.0691438364006065,4.1666666666666665e-05,0.18255119072023393,0.06910216973393984,-0.0613303553494685,0.05713944754663361,0.2721166791178664,0,0,1,0
2021-10-01,WMT,Consumer,0.0720329250919105,0.0691438364006065,4.1666666666666665e-05,0.07199125842524384,0.06910216973393984,-0.0554159370464755,0.05025533160044889,0.011680153425295936,0,0,0,1
2021-11-01,AAPL,Technology,0.1034714868202577,-0.0083337061847461,4.1666666666666665e-05,0.10342982015359103,-0.008375372851412767,0.0586571906531847,0.06808595829497485,0.38492975612547586,1,0,0,0
2021-11-01,ABBV,Healthcare,0.0175075441657128,-0.0083337061847461,4.1666666666666665e-05,0.017465877499046135,-0.008375372851412767,0.063038701046785,0.0826482695298996,0.4141907565999232,0,0,1,0
2021-11-01,AMZN,Technology,0.039923701306487,-0.0083337061847461,4.1666666666666665e-05,0.03988203463982033,-0.008375372851412767,0.0266024575966432,0.055172016743909466,0.11075876462580303,1,0,0,0
2021-11-01,BAC,Financials,-0.069275853441034,-0.0083337061847461,4.1666666666666665e-05,-0.06931752010770066,-0.008375372851412767,0.1313273559334531,0.07910885725886287,1.0577479214029268,0,1,0,0
2021-11-01,C,Financials,-0.0722721916454729,-0.0083337061847461,4.1666666666666665e-05,-0.07231385831213956,-0.008375372851412767,-0.0145341079896892,0.12330139193422598,0.729504027616916,0,1,0,0
2021-11-01,COST,Consumer,0.0991018250974198,-0.0083337061847461,4.1666666666666665e-05,0.09906015843075314,-0.008375372851412767,0.0938911571420781,0.056342678940001126,0.4216724677761774,0,0,0,1
2021-11-01,GOOGL,Technology,-0.0415310613932501,-0.0083337061847461,4.1666666666666665e-05,-0.04157272805991677,-0.008375372851412767,0.1074988446600029,0.061331643435292266,0.8321279893559381,1,0,0,0
2021-11-01,GS,Financials,-0.0782874872881784,-0.0083337061847461,4.1666666666666665e-05,-0.07832915395484506,-0.008375372851412767,0.0934318228458344,0.08336080626269375,1.2253436359920036,0,1,0,0
2021-11-01,JNJ,Healthcare,-0.0426695528149485,-0.0083337061847461,4.1666666666666665e-05,-0.042711219481615166,-0.008375372851412767,0.0085450829530226,0.04329796775574307,0.2183722566356019,0,0,1,0
2021-11-01,JPM,Financials,-0.0594676506336322,-0.0083337061847461,4.1666666666666665e-05,-0.05950931730029887,-0.008375372851412767,0.0378767522704124,0.07308227809241839,0.7821253221773397,0,1,0,0
2021-11-01,KO,Consumer,-0.0695403201533839,-0.0083337061847461,4.1666666666666665e-05,-0.06958198682005057,-0.008375372851412767,0.0824360164162325,0.06404676971767563,0.20998925051505268,0,0,0,1
2021-11-01,MCD,Consumer,-0.0038686863652046,-0.0083337061847461,4.1666666666666665e-05,-0.003910353031871267,-0.008375372851412767,0.0184149000650595,0.03650968901945271,0.17968046679542327,0,0,0,1
2021-11-01,MRK,Healthcare,-0.1492333013263067,-0.0083337061847461,4.1666666666666665e-05,-0.14927496799297335,-0.008375372851412767,0.1827860091074802,0.06678806226140423,0.2694688481982064,0,0,1,0
2021-11-01,MS,Financials,-0.0710637738320939,-0.0083337061847461,4.1666666666666665e-05,-0.07110544049876057,-0.008375372851412767,0.0562122400329963,0.09337800281648463,1.1865733597018706,0,1,0,0
2021-11-01,MSFT,Technology,-0.0031061773833535,-0.0083337061847461,4.1666666666666665e-05,-0.0031478440500201667,-0.008375372851412767,0.1762913748182262,0.05853325421924736,0.652901601301056,1,0,0,0
2021-11-01,NVDA,Technology,0.2780539708405791,-0.0083337061847461,4.1666666666666665e-05,0.27801230417391243,-0.008375372851412767,0.2341670254606225,0.10277839864931917,1.041946131658893,1,0,0,0
2021-11-01,PFE,Healthcare,0.2283946936118082,-0.0083337061847461,4.1666666666666665e-05,0.22835302694514154,-0.008375372851412767,0.0169731180127383,0.065473869992242,0.3522363230607861,0,0,1,0
2021-11-01,PG,Consumer,0.0173878791356951,-0.0083337061847461,4.1666666666666665e-05,0.017346212469028434,-0.008375372851412767,0.0228181759219399,0.04327483295558321,0.0685067646143036,0,0,0,1
2021-11-01,UNH,Healthcare,-0.0352900482183028,-0.0083337061847461,4.1666666666666665e-05,-0.035331714884969466,-0.008375372851412767,0.1825928573869006,0.07195484440741666,0.5307753213610225,0,0,1,0
2021-11-01,WMT,Consumer,-0.0588270843820915,-0.0083337061847461,4.1666666666666665e-05,-0.05886875104875817,-0.008375372851412767,0.0720329250919105,0.05395587734703776,0.09362153443755528,0,0,0,1
2021-12-01,AAPL,Technology,0.0757963263257859,0.0436129134620648,4.9999999999999996e-05,0.0757463263257859,0.0435629134620648,0.1034714868202577,0.06898250213554497,0.3974226835455621,1,0,0,0
2021-12-01,ABBV,Healthcare,0.1745317370426187,0.0436129134620648,4.9999999999999996e-05,0.1744817370426187,0.0435629134620648,0.0175075441657128,0.048109069326404574,0.15518668071303443,0,0,1,0
2021-12-01,AMZN,Technology,-0.0492519687882848,0.0436129134620648,4.9999999999999996e-05,-0.0493019687882848,0.0435629134620648,0.039923701306487,0.05498822803214691,0.10701574689147098,1,0,0,0
2021-12-01,BAC,Financials,0.0004497924376223,0.0436129134620648,4.9999999999999996e-05,0.0003997924376223,0.0435629134620648,-0.069275853441034,0.07746577777719763,0.6118655147748715,0,1,0,0
2021-12-01,C,Financials,-0.0519621813336166,0.0436129134620648,4.9999999999999996e-05,-0.052012181333616604,0.0435629134620648,-0.0722721916454729,0.0865708411567138,0.19203132130110778,0,1,0,0
2021-12-01,COST,Consumer,0.0525048746330782,0.0436129134620648,4.9999999999999996e-05,0.0524548746330782,0.0435629134620648,0.0991018250974198,0.056505304165882723,0.42362086833224577,0,0,0,1
2021-12-01,GOOGL,Technology,0.02082144492203,0.0436129134620648,4.9999999999999996e-05,0.020771444922029998,0.0435629134620648,-0.0415310613932501,0.06606828913915293,0.6176184769800701,1,0,0,0
2021-12-01,GS,Financials,0.0040947626035556,0.0436129134620648,4.9999999999999996e-05,0.0040447626035556,0.0435629134620648,-0.0782874872881784,0.07962587368829739,0.6816074251705584,0,1,0,0
2021-12-01,JNJ,Healthcare,0.1042810354439498,0.0436129134620648,4.9999999999999996e-05,0.10423103544394981,0.0435629134620648,-0.0426695528149485,0.044732295572570496,0.1053569001891379,0,0,1,0
2021-12-01,JPM,Financials,-0.0030218654031478,0.0436129134620648,4.9999999999999996e-05,-0.0030718654031478003,0.0435629134620648,-0.0594676506336322,0.05927375895708133,0.38122325111928435,0,1,0,0
2021-12-01,KO,Consumer,0.1376389206381254,0.0436129134620648,4.9999999999999996e-05,0.13758892063812542,0.0435629134620648,-0.0695403201533839,0.06603056149998317,0.04860809613494288,0,0,0,1
2021-12-01,MCD,Consumer,0.1020281316958438,0.0436129134620648,4.9999999999999996e-05,0.1019781316958438,0.0435629134620648,-0.0038686863652046,0.03681238579756798,0.151121585426367,0,0,0,1
2021-12-01,MRK,Healthcare,0.02309422372057,0.0436129134620648,4.9999999999999996e-05,0.02304422372057,0.0435629134620648,-0.1492333013263067,0.08103228836578169,0.010429899732395942,0,0,1,0
2021-12-01,MS,Financials,0.0352244715537162,0.0436129134620648,4.9999999999999996e-05,0.0351744715537162,0.0435629134620648,-0.0710637738320939,0.07097543856903536,0.5701451978255083,0,1,0,0
2021-12-01,MSFT,Technology,0.0191939788475106,0.0436129134620648,4.9999999999999996e-05,0.0191439788475106,0.0435629134620648,-0.0031061773833535,0.059891373367030064,0.5584783286224739,1,0,0,0
2021-12-01,NVDA,Technology,-0.0999205532855193,0.0436129134620648,4.9999999999999996e-05,-0.09997055328551929,0.0435629134620648,0.2780539708405791,0.11970516032475324,1.4407861644344901,1,0,0,0
2021-12-01,PFE,Healthcare,0.1086607498712686,0.0436129134620648,4.9999999999999996e-05,0.1086107498712686,0.0435629134620648,0.2283946936118082,0.08236875681854296,0.45955819617249194,0,0,1,0
2021-12-01,PG,Consumer,0.131415060355138,0.0436129134620648,4.9999999999999996e-05,0.131365060355138,0.0435629134620648,0.0173878791356951,0.04324683069745043,0.06730384594488426,0,0,0,1
2021-12-01,UNH,Healthcare,0.1303857076836339,0.0436129134620648,4.9999999999999996e-05,0.1303357076836339,0.0435629134620648,-0.0352900482183028,0.07180779367569988,0.3397661063830366,0,0,1,0
2021-12-01,WMT,Consumer,0.0288700305460214,0.0436129134620648,4.9999999999999996e-05,0.028820030546021398,0.0435629134620648,-0.0588270843820915,0.04855307112114906,-0.06529489574392888,0,0,0,1
2022-01-01,AAPL,Technology,-0.0157121606218308,-0.0525851650273938,0.000125,-0.0158371606218308,-0.0527101650273938,0.0757963263257859,0.06526699122847025,0.34648153831205186,1,0,0,0
2022-01-01,ABBV,Healthcare,0.0110041941485941,-0.0525851650273938,0.000125,0.0108791941485941,-0.0527101650273938,0.1745317370426187,0.06707333510726268,0.3242602975766229,0,0,1,0
2022-01-01,AMZN,Technology,-0.1028299102184566,-0.0525851650273938,0.000125,-0.1029549102184566,-0.0527101650273938,-0.0492519687882848,0.057149460708519145,0.023767773568754702,1,0,0,0
2022-01-01,BAC,Financials,0.0420784816944084,-0.0525851650273938,0.000125,0.0419534816944084,-0.0527101650273938,0.0004497924376223,0.07761433767681725,0.49820345597463267,0,1,0,0
2022-01-01,C,Financials,0.0783240802723852,-0.0525851650273938,0.000125,0.0781990802723852,-0.0527101650273938,-0.0519621813336166,0.08233811218429236,0.009310753687448603,0,1,0,0
2022-01-01,COST,Consumer,-0.1102167348616148,-0.0525851650273938,0.000125,-0.1103417348616148,-0.0527101650273938,0.0525048746330782,0.05226097769206978,0.5579794510169831,0,0,0,1
2022-01-01,GOOGL,Technology,-0.065919379016184,-0.0525851650273938,0.000125,-0.066044379016184,-0.0527101650273938,0.02082144492203,0.06504422581132215,0.652957871079058,1,0,0,0
2022-01-01,GS,Financials,-0.067960592575626,-0.0525851650273938,0.000125,-0.068085592575626,-0.0527101650273938,0.0040947626035556,0.07424405175840973,0.47636694579368677,0,1,0,0
2022-01-01,JNJ,Healthcare,0.0071315081577258,-0.0525851650273938,0.000125,0.0070065081577258,-0.0527101650273938,0.1042810354439498,0.04634165261607559,0.11438086367643963,0,0,1,0
2022-01-01,JPM,Financials,-0.0615725192852448,-0.0525851650273938,0.000125,-0.0616975192852448,-0.0527101650273938,-0.0030218654031478,0.05776248804172264,0.2774575877760084,0,1,0,0
2022-01-01,KO,Consumer,0.0304002818536262,-0.0525851650273938,0.000125,0.0302752818536262,-0.0527101650273938,0.1376389206381254,0.07427156996043907,0.11372474443944003,0,0,0,1
2022-01-01,MCD,Consumer,-0.032155608935102,-0.0525851650273938,0.000125,-0.032280608935102,-0.0527101650273938,0.1020281316958438,0.04426873947462088,0.2778811405667492,0,0,0,1
2022-01-01,MRK,Healthcare,0.07323882027868,-0.0525851650273938,0.000125,0.07311382027868,-0.0527101650273938,0.02309422372057,0.08113352986791199,0.01594567237083,0,0,1,0
2022-01-01,MS,Financials,0.0446211418934867,-0.0525851650273938,0.000125,0.0444961418934867,-0.0527101650273938,0.0352244715537162,0.06768795268118752,0.4665363064991792,0,1,0,0
2022-01-01,MSFT,Technology,-0.0753451039256293,-0.0525851650273938,0.000125,-0.0754701039256293,-0.0527101650273938,0.0191939788475106,0.060158355473099695,0.5247691931273102,1,0,0,0
2022-01-01,NVDA,Technology,-0.1673525428102463,-0.0525851650273938,0.000125,-0.1674775428102463,-0.0527101650273938,-0.0999205532855193,0.1274929731062063,1.255210887420179,1,0,0,0
2022-01-01,PFE,Healthcare,-0.107705546541753,-0.0525851650273938,0.000125,-0.107830546541753,-0.0527101650273938,0.1086607498712686,0.08222324910646618,0.6669510558726723,0,0,1,0
2022-01-01,PG,Consumer,-0.0191343894911422,-0.0525851650273938,0.000125,-0.0192593894911422,-0.0527101650273938,0.131415060355138,0.056256764839286225,0.2052205327216785,0,0,0,1
2022-01-01,UNH,Healthcare,-0.0558183742938095,-0.0525851650273938,0.000125,-0.0559433742938095,-0.0527101650273938,0.1303857076836339,0.0777755988525678,0.45252324281297374,0,0,1,0
2022-01-01,WMT,Consumer,-0.0298367374983641,-0.0525851650273938,0.000125,-0.0299617374983641,-0.0527101650273938,0.0288700305460214,0.046448202427566754,0.01933139395500283,0,0,0,1
2022-02-01,AAPL,Technology,-0.0552693743393485,-0.0313604919459082,0.000275,-0.055544374339348494,-0.0316354919459082,-0.0157121606218308,0.06579430224657105,0.33265710111661084,1,0,0,0
2022-02-01,ABBV,Healthcare,0.0906818429651195,-0.0313604919459082,0.000275,0.0904068429651195,-0.0316354919459082,0.0110041941485941,0.06371535834351712,0.3998432506897436,0,0,1,0
2022-02-01,AMZN,Technology,0.0266725182655884,-0.0313604919459082,0.000275,0.0263975182655884,-0.0316354919459082,-0.1028299102184566,0.0648221692192958,-0.06697333999868227,1,0,0,0
2022-02-01,BAC,Financials,-0.0420458154913758,-0.0313604919459082,0.000275,-0.0423208154913758,-0.0316354919459082,0.0420784816944084,0.07582722355347032,0.5861128535915554,0,1,0,0
2022-02-01,C,Financials,-0.0904482760514041,-0.0313604919459082,0.000275,-0.0907232760514041,-0.0316354919459082,0.0783240802723852,0.08231820838279257,0.15724281500726178,0,1,0,0
2022-02-01,COST,Consumer,0.0279534752902297,-0.0313604919459082,0.000275,0.0276784752902297,-0.0316354919459082,-0.1102167348616148,0.06440026921208152,0.4442139852009688,0,0,0,1
2022-02-01,GOOGL,Technology,-0.0018213031715454,-0.0313604919459082,0.000275,-0.0020963031715454,-0.0316354919459082,-0.065919379016184,0.07247502487249216,0.48086281257773966,1,0,0,0
2022-02-01,GS,Financials,-0.0377522755395483,-0.0313604919459082,0.000275,-0.038027275539548294,-0.0316354919459082,-0.067960592575626,0.080033719069881,0.330922849040415,0,1,0,0
2022-02-01,JNJ,Healthcare,-0.044808172226784,-0.0313604919459082,0.000275,-0.045083172226784,-0.0316354919459082,0.0071315081577258,0.045584070716452006,0.08276839924264356,0,0,1,0
2022-02-01,JPM,Financials,-0.0400404713124192,-0.0313604919459082,0.000275,-0.0403154713124192,-0.0316354919459082,-0.0615725192852448,0.06263263708093378,0.18389453463929017,0,1,0,0
2022-02-01,KO,Consumer,0.0201605872327277,-0.0313604919459082,0.000275,0.019885587232727698,-0.0316354919459082,0.0304002818536262,0.061249781452593806,0.307028337412786,0,0,0,1
2022-02-01,MCD,Consumer,-0.0565812231939721,-0.0313604919459082,0.000275,-0.0568562231939721,-0.0316354919459082,-0.032155608935102,0.04435021344883778,0.27689743591452665,0,0,0,1
2022-02-01,MRK,Healthcare,-0.0601375604275229,-0.0313604919459082,0.000275,-0.060412560427522896,-0.0316354919459082,0.07323882027868,0.08140801561589962,0.1482027686461005,0,0,1,0
2022-02-01,MS,Financials,-0.1089102546039393,-0.0313604919459082,0.000275,-0.1091852546039393,-0.0316354919459082,0.0446211418934867,0.06536130635687815,0.5657904101961875,0,1,0,0
2022-02-01,MSFT,Technology,-0.0391983978225252,-0.0313604919459082,0.000275,-0.039473397822525194,-0.0316354919459082,-0.0753451039256293,0.06829916790763682,0.3518998837212026,1,0,0,0
2022-02-01,NVDA,Technology,-0.0041247808324358,-0.0313604919459082,0.000275,-0.0043997808324358,-0.0316354919459082,-0.1673525428102463,0.1444808826161663,0.8866710560728452,1,0,0,0
2022-02-01,PFE,Healthcare,-0.1023553723033625,-0.0313604919459082,0.000275,-0.1026303723033625,-0.0316354919459082,-0.107705546541753,0.09169269384421,0.5251142845289531,0,0,1,0
2022-02-01,PG,Consumer,-0.0231739960208963,-0.0313604919459082,0.000275,-0.023448996020896302,-0.0316354919459082,-0.0191343894911422,0.04925287051579539,0.28293915919446655,0,0,0,1
2022-02-01,UNH,Healthcare,0.0069831448270425,-0.0313604919459082,0.000275,0.0067081448270425,-0.0316354919459082,-0.0558183742938095,0.07880200206190988,0.4365806566544217,0,0,1,0
2022-02-01,WMT,Consumer,-0.0332592144424996,-0.0313604919459082,0.000275,-0.0335342144424996,-0.0316354919459082,-0.0298367374983641,0.04688652556777891,0.010985248081038845,0,0,0,1
2022-03-01,AAPL,Technology,0.0588205769224225,0.0357732883715462,0.00036666666666666667,0.05845391025575583,0.03540662170487953,-0.0552693743393485,0.062296691021285926,0.37009680794480304,1,0,0,0
2022-03-01,ABBV,Healthcare,0.0970425934078031,0.0357732883715462,0.00036666666666666667,0.09667592674113643,0.03540662170487953,0.0906818429651195,0.06545933593994982,0.4354554171672831,0,0,1,0
2022-03-01,AMZN,Technology,0.0614372850300157,0.0357732883715462,0.00036666666666666667,0.06107061836334903,0.03540662170487953,0.0266725182655884,0.06455522079922305,-0.007006276225557939,1,0,0,0
2022-03-01,BAC,Financials,-0.0674210153398954,0.0357732883715462,0.00036666666666666667,-0.06778768200656207,0.03540662170487953,-0.0420458154913758,0.06733150659525798,0.297922872062536,0,1,0,0
2022-03-01,C,Financials,-0.0913286505905998,0.0357732883715462,0.00036666666666666667,-0.09169531725726647,0.03540662170487953,-0.0904482760514041,0.07630496566251896,-0.08131797635754423,0,1,0,0
2022-03-01,COST,Consumer,0.1106838307190725,0.0357732883715462,0.00036666666666666667,0.11031716405240584,0.03540662170487953,0.0279534752902297,0.057353993806719225,0.5807022189736515,0,0,0,1
2022-03-01,GOOGL,Technology,0.0296947455251459,0.0357732883715462,0.00036666666666666667,0.029328078858479233,0.03540662170487953,-0.0018213031715454,0.06953232485123091,0.3359350148610596,1,0,0,0
2022-03-01,GS,Financials,-0.0327871964668883,0.0357732883715462,0.00036666666666666667,-0.03315386313355497,0.03540662170487953,-0.0377522755395483,0.06598945447782546,0.08702039105113801,0,1,0,0
2022-03-01,JNJ,Healthcare,0.0838405956346615,0.0357732883715462,0.00036666666666666667,0.08347392896799483,0.03540662170487953,-0.044808172226784,0.046970786241605854,0.0647316611526203,0,0,1,0
2022-03-01,JPM,Financials,-0.0386461515577809,0.0357732883715462,0.00036666666666666667,-0.03901281822444757,0.03540662170487953,-0.0400404713124192,0.0473672410832201,-0.013476559934459398,0,1,0,0
2022-03-01,KO,Consumer,-0.0038559314638291,0.0357732883715462,0.00036666666666666667,-0.004222598130495767,0.03540662170487953,0.0201605872327277,0.06122739055106116,0.3105160518375618,0,0,0,1
2022-03-01,MCD,Consumer,0.0158743299617274,0.0357732883715462,0.00036666666666666667,0.015507663295060732,0.03540662170487953,-0.0565812231939721,0.049222714349055376,0.21458373550116772,0,0,0,1
2022-03-01,MRK,Healthcare,0.0714289200615805,0.0357732883715462,0.00036666666666666667,0.07106225339491383,0.03540662170487953,-0.0601375604275229,0.08160439728494964,0.14528101209972566,0,0,1,0
2022-03-01,MS,Financials,-0.0368083796131718,0.0357732883715462,0.00036666666666666667,-0.03717504627983847,0.03540662170487953,-0.1089102546039393,0.0679887991207386,0.21079230682584327,0,1,0,0
2022-03-01,MSFT,Technology,0.0339952948481259,0.0357732883715462,0.00036666666666666667,0.03362862818145923,0.03540662170487953,-0.0391983978225252,0.07068524791536804,0.2965598909947418,1,0,0,0
2022-03-01,NVDA,Technology,0.1189666915139864,0.0357732883715462,0.00036666666666666667,0.11860002484731973,0.03540662170487953,-0.0041247808324358,0.14579816976258342,0.77959783141667,1,0,0,0
2022-03-01,PFE,Healthcare,0.102897421590659,0.0357732883715462,0.00036666666666666667,0.10253075492399233,0.03540662170487953,-0.1023553723033625,0.09682403031374665,0.4517341658809888,0,0,1,0
2022-03-01,PG,Consumer,-0.0198218260130875,0.0357732883715462,0.00036666666666666667,-0.02018849267975417,0.03540662170487953,-0.0231739960208963,0.04856433221963716,0.29288836702766763,0,0,0,1
2022-03-01,UNH,Healthcare,0.0716582526602598,0.0357732883715462,0.00036666666666666667,0.07129158599359313,0.03540662170487953,0.0069831448270425,0.07838816833873777,0.45253390119979375,0,0,1,0
2022-03-01,WMT,Consumer,0.1018052403188278,0.0357732883715462,0.00036666666666666667,0.10143857365216113,0.03540662170487953,-0.0332592144424996,0.041907584750361014,0.05687657319626149,0,0,0,1
2022-04-01,AAPL,Technology,-0.0971304160507942,-0.087956711804343,0.0006333333333333333,-0.09776374938412753,-0.08859004513767633,0.0588205769224225,0.06254451383693263,0.43796783889137214,1,0,0,0
2022-04-01,ABBV,Healthcare,-0.0939487081847431,-0.087956711804343,0.0006333333333333333,-0.09458204151807643,-0.08859004513767633,0.0970425934078031,0.06728566549040088,0.5677710524490143,0,0,1,0
2022-04-01,AMZN,Technology,-0.2375250931362105,-0.087956711804343,0.0006333333333333333,-0.23815842646954385,-0.08859004513767633,0.0614372850300157,0.0668401652500286,0.05360884714688252,1,0,0,0
2022-04-01,BAC,Financials,-0.1301684762897228,-0.087956711804343,0.0006333333333333333,-0.13080180962305615,-0.08859004513767633,-0.0674210153398954,0.06553397027757094,0.08590166899034801,0,1,0,0
2022-04-01,C,Financials,-0.0971914811775119,-0.087956711804343,0.0006333333333333333,-0.09782481451084524,-0.08859004513767633,-0.0913286505905998,0.07173250217310063,-0.24405088417660026,0,1,0,0
2022-04-01,COST,Consumer,-0.0766342941057033,-0.087956711804343,0.0006333333333333333,-0.07726762743903663,-0.08859004513767633,0.1106838307190725,0.060494070276865715,0.6454220271892266,0,0,0,1
2022-04-01,GOOGL,Technology,-0.1794669676982859,-0.087956711804343,0.0006333333333333333,-0.18010030103161925,-0.08859004513767633,0.0296947455251459,0.06950598681678076,0.3485205319012523,1,0,0,0
2022-04-01,GS,Financials,-0.0690982005746879,-0.087956711804343,0.0006333333333333333,-0.06973153390802124,-0.08859004513767633,-0.0327871964668883,0.0668559799656365,0.027201317359703436,0,1,0,0
2022-04-01,JNJ,Healthcare,0.0182250592692958,-0.087956711804343,0.0006333333333333333,0.017591725935962466,-0.08859004513767633,0.0838405956346615,0.05113076612723078,0.10574752417436817,0,0,1,0
2022-04-01,JPM,Financials,-0.1244131494941127,-0.087956711804343,0.0006333333333333333,-0.12504648282744604,-0.08859004513767633,-0.0386461515577809,0.04722505905274803,-0.08312569779897361,0,1,0,0
2022-04-01,KO,Consumer,0.0500737530512878,-0.087956711804343,0.0006333333333333333,0.049440419717954466,-0.08859004513767633,-0.0038559314638291,0.05943696739872317,0.21332985849138142,0,0,0,1
2022-04-01,MCD,Consumer,0.0076029000400388,-0.087956711804343,0.0006333333333333333,0.006969566706705467,-0.08859004513767633,0.0158743299617274,0.042935482334246634,0.1278369629433176,0,0,0,1
2022-04-01,MRK,Healthcare,0.0905409164884913,-0.087956711804343,0.0006333333333333333,0.08990758315515797,-0.08859004513767633,0.0714289200615805,0.08217106189774266,0.1559356096780804,0,0,1,0
2022-04-01,MS,Financials,-0.0779176615956621,-0.087956711804343,0.0006333333333333333,-0.07855099492899544,-0.08859004513767633,-0.0368083796131718,0.06982230668646128,0.15436152858786145,0,1,0,0
2022-04-01,MSFT,Technology,-0.0998670424670421,-0.087956711804343,0.0006333333333333333,-0.10050037580037544,-0.08859004513767633,0.0339952948481259,0.07070005782522182,0.31832417126910273,1,0,0,0
2022-04-01,NVDA,Technology,-0.3201582870820033,-0.087956711804343,0.0006333333333333333,-0.3207916204153366,-0.08859004513767633,0.1189666915139864,0.14411939867941595,1.0459484630320168,1,0,0,0
2022-04-01,PFE,Healthcare,-0.0521537001439562,-0.087956711804343,0.0006333333333333333,-0.05278703347728953,-0.08859004513767633,0.102897421590659,0.09792188418807063,0.4800249411316344,0,0,1,0
2022-04-01,PG,Consumer,0.0507199648473726,-0.087956711804343,0.0006333333333333333,0.05008663151403927,-0.08859004513767633,-0.0198218260130875,0.043896640785779005,0.1559090702454624,0,0,0,1
2022-04-01,UNH,Healthcare,0.0001663983152413,-0.087956711804343,0.0006333333333333333,-0.0004669350180920333,-0.08859004513767633,0.0716582526602598,0.07474413269074924,0.38990069521242887,0,0,1,0
2022-04-01,WMT,Consumer,0.0313032183282997,-0.087956711804343,0.0006333333333333333,0.030669884994966368,-0.08859004513767633,0.1018052403188278,0.0493026470020437,0.1138057811408062,0,0,0,1
2022-05-01,AAPL,Technology,-0.0558833108849552,5.317770464463578e-05,0.0008166666666666666,-0.056699977551621865,-0.0007634889620220308,-0.0971304160507942,0.07098153633900374,0.2063517320655579,1,0,0,0
2022-05-01,ABBV,Healthcare,0.0118635111186597,5.317770464463578e-05,0.0008166666666666666,0.011046844451993033,-0.0007634889620220308,-0.0939487081847431,0.07770201551956833,0.3786943829748344,0,0,1,0
2022-05-01,AMZN,Technology,-0.0327643176031664,5.317770464463578e-05,0.0008166666666666666,-0.03358098426983307,-0.0007634889620220308,-0.2375250931362105,0.08785386115863504,-0.2831471226738995,1,0,0,0
2022-05-01,BAC,Financials,0.0426011165713171,5.317770464463578e-05,0.0008166666666666666,0.04178444990465043,-0.0007634889620220308,-0.1301684762897228,0.07497899476276408,-0.10278625361756577,0,1,0,0
2022-05-01,C,Financials,0.1192738390340493,5.317770464463578e-05,0.0008166666666666666,0.11845717236738264,-0.0007634889620220308,-0.0971914811775119,0.07505398626870513,-0.30305681038259535,0,1,0,0
2022-05-01,COST,Consumer,-0.1217585341927693,5.317770464463578e-05,0.0008166666666666666,-0.12257520085943596,-0.0007634889620220308,-0.0766342941057033,0.0695657993603511,0.43925371642653976,0,0,0,1
2022-05-01,GOOGL,Technology,-0.003045307883885,5.317770464463578e-05,0.0008166666666666666,-0.0038619745505516665,-0.0007634889620220308,-0.1794669676982859,0.08226411104683536,-0.030299640909182246,1,0,0,0
2022-05-01,GS,Financials,0.0699205052578124,5.317770464463578e-05,0.0008166666666666666,0.06910383859114574,-0.0007634889620220308,-0.0690982005746879,0.06650393339122584,-0.10615088270849149,0,1,0,0
2022-05-01,JNJ,Healthcare,-0.0051534015372626,5.317770464463578e-05,0.0008166666666666666,-0.005970068203929267,-0.0007634889620220308,0.0182250592692958,0.05080167636781017,0.13710814221453793,0,0,1,0
2022-05-01,JPM,Financials,0.1160367599455225,5.317770464463578e-05,0.0008166666666666666,0.11522009327885584,-0.0007634889620220308,-0.1244131494941127,0.057777713444759814,-0.2054440173544937,0,1,0,0
2022-05-01,KO,Consumer,-0.0190374278369358,5.317770464463578e-05,0.0008166666666666666,-0.019854094503602468,-0.0007634889620220308,0.0500737530512878,0.06004250743007785,0.23384056147515864,0,0,0,1
2022-05-01,MCD,Consumer,0.0122411094573444,5.317770464463578e-05,0.0008166666666666666,0.011424442790677733,-0.0007634889620220308,0.0076029000400388,0.040809867058412566,0.0789365655415728,0,0,0,1
2022-05-01,MRK,Healthcare,0.0376595275075297,5.317770464463578e-05,0.0008166666666666666,0.03684286084086303,-0.0007634889620220308,0.0905409164884913,0.08377793436873028,0.2930589427083736,0,0,1,0
2022-05-01,MS,Financials,0.0780462899487195,5.317770464463578e-05,0.0008166666666666666,0.07722962328205284,-0.0007634889620220308,-0.0779176615956621,0.07267909836635005,0.001363678440546412,0,1,0,0
2022-05-01,MSFT,Technology,-0.0203586568549583,5.317770464463578e-05,0.0008166666666666666,-0.02117532352162497,-0.0007634889620220308,-0.0998670424670421,0.07767122555670446,0.10944757357429369,1,0,0,0
2022-05-01,NVDA,Technology,0.0067395571675665,5.317770464463578e-05,0.0008166666666666666,0.005922890500899833,-0.0007634889620220308,-0.3201582870820033,0.18133369903723995,0.236547159483798,1,0,0,0
2022-05-01,PFE,Healthcare,0.0809047879227635,5.317770464463578e-05,0.0008166666666666666,0.08008812125609684,-0.0007634889620220308,-0.0521537001439562,0.10066407339219917,0.3149999993560797,0,0,1,0
2022-05-01,PG,Consumer,-0.0737486645055585,5.317770464463578e-05,0.0008166666666666666,-0.07456533117222516,-0.0007634889620220308,0.0507199648473726,0.04419802890384149,0.23283395371789606,0,0,0,1
2022-05-01,UNH,Healthcare,-0.0231442901070306,5.317770464463578e-05,0.0008166666666666666,-0.023960956773697268,-0.0007634889620220308,0.0001663983152413,0.07374468194688402,0.2923655101612399,0,0,1,0
2022-05-01,WMT,Consumer,-0.1592260892572937,5.317770464463578e-05,0.0008166666666666666,-0.16004275592396036,-0.0007634889620220308,0.0313032183282997,0.04917472943563694,0.11053757067223047,0,0,0,1
2022-06-01,AAPL,Technology,-0.0800803779148618,-0.0839199999338268,0.0012416666666666667,-0.08132204458152847,-0.08516166660049347,-0.0558833108849552,0.071328415387975,0.20154614033701335,1,0,0,0
2022-06-01,ABBV,Healthcare,0.0392889907707489,-0.0839199999338268,0.0012416666666666667,0.03804732410408223,-0.08516166660049347,0.0118635111186597,0.07787603436859025,0.3575941456014573,0,0,1,0
2022-06-01,AMZN,Technology,-0.1164592126224128,-0.0839199999338268,0.0012416666666666667,-0.11770087928907946,-0.08516166660049347,-0.0327643176031664,0.08668543367345388,-0.25406832228740317,1,0,0,0
2022-06-01,BAC,Financials,-0.1631720417520932,-0.0839199999338268,0.0012416666666666667,-0.16441370841875988,-0.08516166660049347,0.0426011165713171,0.07477599860898355,-0.10560928784929724,0,1,0,0
2022-06-01,C,Financials,-0.1389251901962965,-0.0839199999338268,0.0012416666666666667,-0.14016685686296318,-0.08516166660049347,0.1192738390340493,0.0762088767617191,-0.2988390370019427,0,1,0,0
2022-06-01,COST,Consumer,0.0280123089847559,-0.0839199999338268,0.0012416666666666667,0.026770642318089236,-0.08516166660049347,-0.1217585341927693,0.08276451536409117,0.24070409386464897,0,0,0,1
2022-06-01,GOOGL,Technology,-0.042184566867761,-0.0839199999338268,0.0012416666666666667,-0.04342623353442767,-0.08516166660049347,-0.003045307883885,0.08227052331369877,-0.034626826286838774,1,0,0,0
2022-06-01,GS,Financials,-0.0856996728735876,-0.0839199999338268,0.0012416666666666667,-0.08694133954025426,-0.08516166660049347,0.0699205052578124,0.06674016106319415,-0.10424357980471222,0,1,0,0
2022-06-01,JNJ,Healthcare,-0.0048979508766823,-0.0839199999338268,0.0012416666666666667,-0.006139617543348967,-0.08516166660049347,-0.0051534015372626,0.050197940862141854,0.08766915798422747,0,0,1,0
2022-06-01,JPM,Financials,-0.148377891136853,-0.0839199999338268,0.0012416666666666667,-0.14961955780351968,-0.08516166660049347,0.1160367599455225,0.06467351114799151,-0.1744212535921279,0,1,0,0
2022-06-01,KO,Consumer,-0.0074153943654794,-0.0839199999338268,0.0012416666666666667,-0.008657061032146066,-0.08516166660049347,-0.0190374278369358,0.0610089026225279,0.18167421539171236,0,0,0,1
2022-06-01,MCD,Consumer,-0.0211333637406347,-0.0839199999338268,0.0012416666666666667,-0.022375030407301367,-0.08516166660049347,0.0122411094573444,0.0404966570670388,0.10237018717271096,0,0,0,1
2022-06-01,MRK,Healthcare,-0.0093449448143831,-0.0839199999338268,0.0012416666666666667,-0.010586611481049767,-0.08516166660049347,0.0376595275075297,0.08382973129358887,0.31717922687606204,0,0,1,0
2022-06-01,MS,Financials,-0.1170186903021905,-0.0839199999338268,0.0012416666666666667,-0.11826035696885717,-0.08516166660049347,0.0780462899487195,0.06937680947485583,-0.02433111003982369,0,1,0,0
2022-06-01,MSFT,Technology,-0.0531204945848383,-0.0839199999338268,0.0012416666666666667,-0.05436216125150497,-0.08516166660049347,-0.0203586568549583,0.07798935144876305,0.09774328400277565,1,0,0,0
2022-06-01,NVDA,Technology,-0.1881425942275161,-0.0839199999338268,0.0012416666666666667,-0.18938426089418278,-0.08516166660049347,0.0067395571675665,0.18079645616024043,0.15023815938117457,1,0,0,0
2022-06-01,PFE,Healthcare,-0.0034396159531929,-0.0839199999338268,0.0012416666666666667,-0.004681282619859567,-0.08516166660049347,0.0809047879227635,0.10142005352817977,0.41845403378846835,0,0,1,0
2022-06-01,PG,Consumer,-0.0276575555469825,-0.0839199999338268,0.0012416666666666667,-0.028899222213649167,-0.08516166660049347,-0.0737486645055585,0.05160767369842159,0.12262209116989786,0,0,0,1
2022-06-01,UNH,Healthcare,0.0339186470737638,-0.0839199999338268,0.0012416666666666667,0.03267698040709713,-0.08516166660049347,-0.0231442901070306,0.07489205185034839,0.22224417663292018,0,0,1,0
2022-06-01,WMT,Consumer,-0.051372338225553,-0.0839199999338268,0.0012416666666666667,-0.05261400489221967,-0.08516166660049347,-0.1592260892572937,0.06917041858423167,-0.0802259002369663,0,0,0,1
2022-07-01,AAPL,Technology,0.188634018139167,0.09111639173021,0.0018583333333333334,0.18677568480583367,0.08925805839687666,-0.0800803779148618,0.0712725330335275,0.003950766179585452,1,0,0,0
2022-07-01,ABBV,Healthcare,-0.0630060667801006,0.09111639173021,0.0018583333333333334,-0.06486440011343393,0.08925805839687666,0.0392889907707489,0.07719077204002879,0.4179469391560062,0,0,1,0
2022-07-01,AMZN,Technology,0.2705959712975005,0.09111639173021,0.0018583333333333334,0.26873763796416716,0.08925805839687666,-0.1164592126224128,0.08602641202147955,-0.3825287091416122,1,0,0,0
2022-07-01,BAC,Financials,0.0923463232765444,0.09111639173021,0.0018583333333333334,0.09048798994321107,0.08925805839687666,-0.1631720417520932,0.08739984699960254,-0.23049134920771586,0,1,0,0
2022-07-01,C,Financials,0.1285060737299797,0.09111639173021,0.0018583333333333334,0.12664774039664636,0.08925805839687666,-0.1389251901962965,0.08024689747828333,-0.3283205523315911,0,1,0,0
2022-07-01,COST,Consumer,0.129402629727106,0.09111639173021,0.0018583333333333334,0.12754429639377268,0.08925805839687666,0.0280123089847559,0.08243952894061801,0.2193691901189445,0,0,0,1
2022-07-01,GOOGL,Technology,0.0675183903556742,0.09111639173021,0.0018583333333333334,0.06566005702234086,0.08925805839687666,-0.042184566867761,0.08228041783025856,-0.10751553442703377,1,0,0,0
2022-07-01,GS,Financials,0.1224495537537988,0.09111639173021,0.0018583333333333334,0.12059122042046547,0.08925805839687666,-0.0856996728735876,0.06956416785639595,-0.19991756814968342,0,1,0,0
2022-07-01,JNJ,Healthcare,-0.0168443042411226,0.09111639173021,0.0018583333333333334,-0.018702637574455932,0.08925805839687666,-0.0048979508766823,0.049582488619817094,0.10507825626399803,0,0,1,0
2022-07-01,JPM,Financials,0.024420485583388,0.09111639173021,0.0018583333333333334,0.022562152250054666,0.08925805839687666,-0.148377891136853,0.07495668997652792,-0.2575925863465962,0,1,0,0
2022-07-01,KO,Consumer,0.0273980290487381,0.09111639173021,0.0018583333333333334,0.025539695715404768,0.08925805839687666,-0.0074153943654794,0.06036997761632774,0.19848982665106352,0,0,0,1
2022-07-01,MCD,Consumer,0.072706029022157,0.09111639173021,0.0018583333333333334,0.07084769568882367,0.08925805839687666,-0.0211333637406347,0.04120195416149075,0.08661936540090798,0,0,0,1
2022-07-01,MRK,Healthcare,-0.0120525296599905,0.09111639173021,0.0018583333333333334,-0.013910862993323834,0.08925805839687666,-0.0093449448143831,0.08298149066278676,0.2150066717165262,0,0,1,0
2022-07-01,MS,Financials,0.1083354761900403,0.09111639173021,0.0018583333333333334,0.10647714285670697,0.08925805839687666,-0.1170186903021905,0.07705474219988757,-0.1454554536325664,0,1,0,0
2022-07-01,MSFT,Technology,0.0930966398696431,0.09111639173021,0.0018583333333333334,0.09123830653630977,0.08925805839687666,-0.0531204945848383,0.07590583699419952,-0.04419630610477665,1,0,0,0
2022-07-01,NVDA,Technology,0.1984192081692037,0.09111639173021,0.0018583333333333334,0.19656087483587037,0.08925805839687666,-0.1881425942275161,0.17827320872071017,-0.2416152535185102,1,0,0,0
2022-07-01,PFE,Healthcare,-0.0366201549682813,0.09111639173021,0.0018583333333333334,-0.03847848830161463,0.08925805839687666,-0.0034396159531929,0.10195197733247455,0.3844115288908252,0,0,1,0
2022-07-01,PG,Consumer,-0.0339384109099274,0.09111639173021,0.0018583333333333334,-0.035796744243260736,0.08925805839687666,-0.0276575555469825,0.052750601701766674,0.09092588116315925,0,0,0,1
2022-07-01,UNH,Healthcare,0.0596617328752284,0.09111639173021,0.0018583333333333334,0.05780339954189506,0.08925805839687666,0.0339186470737638,0.07346625962168926,0.29992965806112726,0,0,1,0
2022-07-01,WMT,Consumer,0.0861159412155103,0.09111639173021,0.0018583333333333334,0.08425760788217697,0.08925805839687666,-0.051372338225553,0.07046351257695281,-0.12466552382079343,0,0,0,1
2022-08-01,AAPL,Technology,-0.0325522212654935,-0.0424401282729983,0.002191666666666667,-0.03474388793216017,-0.044631794939664966,0.188634018139167,0.08806256561204104,0.12051611695677522,1,0,0,0
2022-08-01,ABBV,Healthcare,-0.0542976193924259,-0.0424401282729983,0.002191666666666667,-0.05648928605909257,-0.044631794939664966,-0.0630060667801006,0.08193770709798223,0.2867960113150323,0,0,1,0
2022-08-01,AMZN,Technology,-0.0606150462405203,-0.0424401282729983,0.002191666666666667,-0.06280671290718697,-0.044631794939664966,0.2705959712975005,0.12339772713006535,-0.18890250385941743,1,0,0,0
2022-08-01,BAC,Financials,-0.0059155530302803,-0.0424401282729983,0.002191666666666667,-0.008107219696946966,-0.044631794939664966,0.0923463232765444,0.09137889230270037,-0.10032788477230803,0,1,0,0
2022-08-01,C,Financials,-0.0502638656315015,-0.0424401282729983,0.002191666666666667,-0.05245553229816817,-0.044631794939664966,0.1285060737299797,0.09202472607692247,-0.2069196432164604,0,1,0,0
2022-08-01,COST,Consumer,-0.0338054654215463,-0.0424401282729983,0.002191666666666667,-0.035997132088212966,-0.044631794939664966,0.129402629727106,0.08645643904271305,0.26803603087122485,0,0,0,1
2022-08-01,GOOGL,Technology,-0.0696354378035732,-0.0424401282729983,0.002191666666666667,-0.07182710447023986,-0.044631794939664966,0.0675183903556742,0.07848601187585226,-0.13662118247027377,1,0,0,0
2022-08-01,GS,Financials,-0.002159511568552,-0.0424401282729983,0.002191666666666667,-0.004351178235218666,-0.044631794939664966,0.1224495537537988,0.08030272206077016,-0.09080853840074976,0,1,0,0
2022-08-01,JNJ,Healthcare,-0.0755214905730361,-0.0424401282729983,0.002191666666666667,-0.07771315723970276,-0.044631794939664966,-0.0168443042411226,0.048738511721779385,0.0393964777536997,0,0,1,0
2022-08-01,JPM,Financials,-0.0054089299925903,-0.0424401282729983,0.002191666666666667,-0.007600596659256966,-0.044631794939664966,0.024420485583388,0.07612483693608635,-0.2206220342614028,0,1,0,0
2022-08-01,KO,Consumer,-0.038335460146133,-0.0424401282729983,0.002191666666666667,-0.04052712681279967,-0.044631794939664966,0.0273980290487381,0.05882982776664774,0.15954370116809402,0,0,0,1
2022-08-01,MCD,Consumer,-0.042108063591798,-0.0424401282729983,0.002191666666666667,-0.04429973025846467,-0.044631794939664966,0.072706029022157,0.043700067255918906,0.1093374741259232,0,0,0,1
2022-08-01,MRK,Healthcare,-0.044548941027495,-0.0424401282729983,0.002191666666666667,-0.04674060769416167,-0.044631794939664966,-0.0120525296599905,0.08324350683711676,0.2040664270698629,0,0,1,0
2022-08-01,MS,Financials,0.0204984520580759,-0.0424401282729983,0.002191666666666667,0.01830678539140923,-0.044631794939664966,0.1083354761900403,0.08301426404269031,-0.09521147304165734,0,1,0,0
2022-08-01,MSFT,Technology,-0.0686399605780139,-0.0424401282729983,0.002191666666666667,-0.07083162724468056,-0.044631794939664966,0.0930966398696431,0.07938902075522684,-0.00659020322527748,1,0,0,0
2022-08-01,NVDA,Technology,-0.1689698848327734,-0.0424401282729983,0.002191666666666667,-0.17116155149944007,-0.044631794939664966,0.1984192081692037,0.18772584570717862,-0.06788221894075397,1,0,0,0
2022-08-01,PFE,Healthcare,-0.097585379114231,-0.0424401282729983,0.002191666666666667,-0.09977704578089766,-0.044631794939664966,-0.0366201549682813,0.10176295144736167,0.22000123655320403,0,0,1,0
2022-08-01,PG,Consumer,-0.0005362817679614,-0.0424401282729983,0.002191666666666667,-0.002727948434628067,-0.044631794939664966,-0.0339384109099274,0.0519497079515459,-0.0001898957894308495,0,0,0,1
2022-08-01,UNH,Healthcare,-0.0424273066147429,-0.0424401282729983,0.002191666666666667,-0.04461897328140957,-0.044631794939664966,0.0596617328752284,0.074147572471855,0.33323853330888276,0,0,1,0
2022-08-01,WMT,Consumer,0.0037865147050555,-0.0424401282729983,0.002191666666666667,0.0015948480383888332,-0.044631794939664966,0.0861159412155103,0.07552768635212759,-0.059489190477628906,0,0,0,1
2022-09-01,AAPL,Technology,-0.1197558253536872,-0.0933956720132743,0.0026083333333333336,-0.12236415868702054,-0.09600400534660763,-0.0325522212654935,0.0884950809554147,0.041416201065191505,1,0,0,0
2022-09-01,ABBV,Healthcare,-0.0018593877591096,-0.0933956720132743,0.0026083333333333336,-0.0044677210924429335,-0.09600400534660763,-0.0542976193924259,0.08444941568403269,0.1588679704239473,0,0,1,0
2022-09-01,AMZN,Technology,-0.1086218900978376,-0.0933956720132743,0.0026083333333333336,-0.11123022343117094,-0.09600400534660763,-0.0606150462405203,0.12294879248899526,-0.269503525208859,1,0,0,0
2022-09-01,BAC,Financials,-0.1014578567516949,-0.0933956720132743,0.0026083333333333336,-0.10406619008502824,-0.09600400534660763,-0.0059155530302803,0.0865614885718227,-0.17826878998191187,0,1,0,0
2022-09-01,C,Financials,-0.1462816577573916,-0.0933956720132743,0.0026083333333333336,-0.14888999109072493,-0.09600400534660763,-0.0502638656315015,0.08823355723257743,-0.2969678492100657,0,1,0,0
2022-09-01,COST,Consumer,-0.0954415882076644,-0.0933956720132743,0.0026083333333333336,-0.09804992154099773,-0.09600400534660763,-0.0338054654215463,0.08699707835178476,0.15369112371429017,0,0,0,1
2022-09-01,GOOGL,Technology,-0.1161522737650374,-0.0933956720132743,0.0026083333333333336,-0.11876060709837073,-0.09600400534660763,-0.0696354378035732,0.07553753543626511,-0.252094808398745,1,0,0,0
2022-09-01,GS,Financials,-0.1124463688848373,-0.0933956720132743,0.0026083333333333336,-0.11505470221817064,-0.09600400534660763,-0.002159511568552,0.0728294776590451,-0.1775249808147472,0,1,0,0
2022-09-01,JNJ,Healthcare,0.0193234679305771,-0.0933956720132743,0.0026083333333333336,0.016715134597243764,-0.09600400534660763,-0.0755214905730361,0.05389550782810041,-0.044261822785528926,0,0,1,0
2022-09-01,JPM,Financials,-0.0811570311905613,-0.0933956720132743,0.0026083333333333336,-0.08376536452389463,-0.09600400534660763,-0.0054089299925903,0.07230119499115395,-0.2686462012444305,0,1,0,0
2022-09-01,KO,Consumer,-0.0922055240613693,-0.0933956720132743,0.0026083333333333336,-0.09481385739470263,-0.09600400534660763,-0.038335460146133,0.0603347246940047,0.12934985249301034,0,0,0,1
2022-09-01,MCD,Consumer,-0.0803749842881639,-0.0933956720132743,0.0026083333333333336,-0.08298331762149724,-0.09600400534660763,-0.042108063591798,0.04539469379784918,0.08611909076060686,0,0,0,1
2022-09-01,MRK,Healthcare,0.0089034083662062,-0.0933956720132743,0.0026083333333333336,0.0062950750328728666,-0.09600400534660763,-0.044548941027495,0.08497342072689675,0.1591728441926541,0,0,1,0
2022-09-01,MS,Financials,-0.0728700325942742,-0.0933956720132743,0.0026083333333333336,-0.07547836592760754,-0.09600400534660763,0.0204984520580759,0.07731622523877509,-0.15755993693243708,0,1,0,0
2022-09-01,MSFT,Technology,-0.1073762928576607,-0.0933956720132743,0.0026083333333333336,-0.10998462619099404,-0.09600400534660763,-0.0686399605780139,0.07959885803455993,-0.1267886646670161,1,0,0,0
2022-09-01,NVDA,Technology,-0.1957731376524657,-0.0933956720132743,0.0026083333333333336,-0.19838147098579903,-0.09600400534660763,-0.1689698848327734,0.18896948171626826,-0.3252502429732278,1,0,0,0
2022-09-01,PFE,Healthcare,-0.0325006763610177,-0.0933956720132743,0.0026083333333333336,-0.03510900969435103,-0.09600400534660763,-0.097585379114231,0.10490290266802431,0.013859427878067487,0,0,1,0
2022-09-01,PG,Consumer,-0.0847471349833572,-0.0933956720132743,0.0026083333333333336,-0.08735546831669054,-0.09600400534660763,-0.0005362817679614,0.051913498370517765,-0.008087525438307819,0,0,0,1
2022-09-01,UNH,Healthcare,-0.0275163027515925,-0.0933956720132743,0.0026083333333333336,-0.030124636084925834,-0.09600400534660763,-0.0424273066147429,0.07671427805354888,0.26425171550269555,0,0,1,0
2022-09-01,WMT,Consumer,-0.0172396680596164,-0.0933956720132743,0.0026083333333333336,-0.019848001392949732,-0.09600400534660763,0.0037865147050555,0.0744526395328919,-0.0913067435849706,0,0,0,1
2022-10-01,AAPL,Technology,0.1095513494113769,0.0798634138370089,0.0031000000000000003,0.10645134941137689,0.0767634138370089,-0.1197558253536872,0.09368103369056628,-0.017848605595292888,1,0,0,0
2022-10-01,ABBV,Healthcare,0.090827806396079,0.0798634138370089,0.0031000000000000003,0.087727806396079,0.0767634138370089,-0.0018593877591096,0.07558111132634036,0.2951498923599849,0,0,1,0
2022-10-01,AMZN,Technology,-0.0934513058282632,0.0798634138370089,0.0031000000000000003,-0.09655130582826321,0.0767634138370089,-0.1086218900978376,0.1253614675285491,-0.31203272559345707,1,0,0,0
2022-10-01,BAC,Financials,0.2012404906660043,0.0798634138370089,0.0031000000000000003,0.1981404906660043,0.0767634138370089,-0.1014578567516949,0.08957787601711441,-0.27381553928281543,0,1,0,0
2022-10-01,C,Financials,0.1005520308129239,0.0798634138370089,0.0031000000000000003,0.09745203081292389,0.0767634138370089,-0.1462816577573916,0.09486872597653043,-0.3850132835620984,0,1,0,0
2022-10-01,COST,Consumer,0.0618928052734562,0.0798634138370089,0.0031000000000000003,0.0587928052734562,0.0767634138370089,-0.0954415882076644,0.09251883470680311,0.05784071868335472,0,0,0,1
2022-10-01,GOOGL,Technology,-0.0119185511754148,0.0798634138370089,0.0031000000000000003,-0.0150185511754148,0.0767634138370089,-0.1161522737650374,0.07898635092508818,-0.28446388135968137,1,0,0,0
2022-10-01,GS,Financials,0.1756012935109794,0.0798634138370089,0.0031000000000000003,0.1725012935109794,0.0767634138370089,-0.1124463688848373,0.07593880831306259,-0.20535727159529527,0,1,0,0
2022-10-01,JNJ,Healthcare,0.0649486978302986,0.0798634138370089,0.0031000000000000003,0.061848697830298595,0.0767634138370089,0.0193234679305771,0.05079265743036626,0.038191957613499916,0,0,1,0
2022-10-01,JPM,Financials,0.2045932760248217,0.0798634138370089,0.0031000000000000003,0.2014932760248217,0.0767634138370089,-0.0811570311905613,0.07246690193618485,-0.3433547154274459,0,1,0,0
2022-10-01,KO,Consumer,0.0761576408076483,0.0798634138370089,0.0031000000000000003,0.07305764080764829,0.0767634138370089,-0.0922055240613693,0.06354214487411265,0.10024787831090354,0,0,0,1
2022-10-01,MCD,Consumer,0.1816764302204487,0.0798634138370089,0.0031000000000000003,0.1785764302204487,0.0767634138370089,-0.0803749842881639,0.051716343076869946,-0.02166187222292637,0,0,0,1
2022-10-01,MRK,Healthcare,0.1845777358399571,0.0798634138370089,0.0031000000000000003,0.1814777358399571,0.0767634138370089,0.0089034083662062,0.08445138063747505,0.1878661781305433,0,0,1,0
2022-10-01,MS,Financials,0.0399948775001501,0.0798634138370089,0.0031000000000000003,0.0368948775001501,0.0767634138370089,-0.0728700325942742,0.07764047184619083,-0.161800484282134,0,1,0,0
2022-10-01,MSFT,Technology,-0.0033060731686352,0.0798634138370089,0.0031000000000000003,-0.0064060731686352,0.0767634138370089,-0.1073762928576607,0.08323303436807616,-0.1669603304525349,1,0,0,0
2022-10-01,NVDA,Technology,0.1122014132830837,0.0798634138370089,0.0031000000000000003,0.10910141328308369,0.0767634138370089,-0.1957731376524657,0.19553924710894918,-0.4137322309237005,1,0,0,0
2022-10-01,PFE,Healthcare,0.0637568944799087,0.0798634138370089,0.0031000000000000003,0.060656894479908706,0.0767634138370089,-0.0325006763610177,0.10321866842986901,0.05069618642320961,0,0,1,0
2022-10-01,PG,Consumer,0.0666930628066486,0.0798634138370089,0.0031000000000000003,0.0635930628066486,0.0767634138370089,-0.0847471349833572,0.0573627246548388,-0.0753301000911405,0,0,0,1
2022-10-01,UNH,Healthcare,0.1026692096711323,0.0798634138370089,0.0031000000000000003,0.0995692096711323,0.0767634138370089,-0.0275163027515925,0.0739346168412302,0.30979433451524296,0,0,1,0
2022-10-01,WMT,Consumer,0.0973785279406973,0.0798634138370089,0.0031000000000000003,0.0942785279406973,0.0767634138370089,-0.0172396680596164,0.07291797502885236,-0.05458103589626051,0,0,0,1
2022-11-01,AAPL,Technology,-0.0346288519061879,0.0537528933524931,0.0034583333333333337,-0.03808718523952123,0.050294560019159766,0.1095513494113769,0.09753159110791657,0.029367593787032353,1,0,0,0
2022-11-01,ABBV,Healthcare,0.1121589078961065,0.0537528933524931,0.0034583333333333337,0.10870057456277317,0.050294560019159766,0.090827806396079,0.07728184072126137,0.3290066623594943,0,0,1,0
2022-11-01,AMZN,Technology,-0.0575947030970991,0.0537528933524931,0.0034583333333333337,-0.06105303643043243,0.050294560019159766,-0.0934513058282632,0.12578322217200497,-0.3924855433268549,1,0,0,0
2022-11-01,BAC,Financials,0.0502219752273107,0.0537528933524931,0.0034583333333333337,0.046763641893977366,0.050294560019159766,0.2012404906660043,0.10191948737838542,-0.22893919842839006,0,1,0,0
2022-11-01,C,Financials,0.0556041600382442,0.0537528933524931,0.0034583333333333337,0.052145826704910865,0.050294560019159766,0.1005520308129239,0.10268612667377731,-0.3131929930948608,0,1,0,0
2022-11-01,COST,Consumer,0.0772150914259248,0.0537528933524931,0.0034583333333333337,0.07375675809259147,0.050294560019159766,0.0618928052734562,0.09027228074387401,0.026896909222621224,0,0,0,1
2022-11-01,GOOGL,Technology,0.0685642235487431,0.0537528933524931,0.0034583333333333337,0.06510589021540977,0.050294560019159766,-0.0119185511754148,0.06753387420465114,-0.3616174245224658,1,0,0,0
2022-11-01,GS,Financials,0.1208671990963714,0.0537528933524931,0.0034583333333333337,0.11740886576303808,0.050294560019159766,0.1756012935109794,0.08927262824618232,-0.14564127376474056,0,1,0,0
2022-11-01,JNJ,Healthcare,0.0231647746878569,0.0537528933524931,0.0034583333333333337,0.019706441354523565,0.050294560019159766,0.0649486978302986,0.053746337566420714,0.09625359544773504,0,0,1,0
2022-11-01,JPM,Financials,0.1075331999613364,0.0537528933524931,0.0034583333333333337,0.10407486662800307,0.050294560019159766,0.2045932760248217,0.09841334159179706,-0.23787627692867308,0,1,0,0
2022-11-01,KO,Consumer,0.0628238306693846,0.0537528933524931,0.0034583333333333337,0.059365497336051266,0.050294560019159766,0.0761576408076483,0.06291251479038062,0.09386618984357598,0,0,0,1
2022-11-01,MCD,Consumer,0.0004767731417267,0.0537528933524931,0.0034583333333333337,-0.0029815601916066336,0.050294560019159766,0.1816764302204487,0.07389582532472054,0.1351749727015148,0,0,0,1
2022-11-01,MRK,Healthcare,0.0881424175164324,0.0537528933524931,0.0034583333333333337,0.08468408418309907,0.050294560019159766,0.1845777358399571,0.0847707780616282,0.18966560048553704,0,0,1,0
2022-11-01,MS,Financials,0.1436361553875123,0.0537528933524931,0.0034583333333333337,0.14017782205417895,0.050294560019159766,0.0399948775001501,0.07648140718642477,-0.17467042169246738,0,1,0,0
2022-11-01,MSFT,Technology,0.0991253610713507,0.0537528933524931,0.0034583333333333337,0.09566702773801737,0.050294560019159766,-0.0033060731686352,0.058872827295890114,-0.29414973430722413,1,0,0,0
2022-11-01,NVDA,Technology,0.2538343688107143,0.0537528933524931,0.0034583333333333337,0.25037603547738096,0.050294560019159766,0.1122014132830837,0.18361126343695594,-0.47166969471930253,1,0,0,0
2022-11-01,PFE,Healthcare,0.0769065765427514,0.0537528933524931,0.0034583333333333337,0.07344824320941808,0.050294560019159766,0.0637568944799087,0.1044322776038239,0.09903132395033176,0,0,1,0
2022-11-01,PG,Consumer,0.1154572463554528,0.0537528933524931,0.0034583333333333337,0.11199891302211948,0.050294560019159766,0.0666930628066486,0.06060601664768282,-0.035665389178443196,0,0,0,1
2022-11-01,UNH,Healthcare,-0.0133118692922549,0.0537528933524931,0.0034583333333333337,-0.016770202625588232,0.050294560019159766,0.1026692096711323,0.060909676478152174,0.2212739783182529,0,0,1,0
2022-11-01,WMT,Consumer,0.0708914915703562,0.0537528933524931,0.0034583333333333337,0.06743315823702287,0.050294560019159766,0.0973785279406973,0.07558067919988247,-0.032228911228232904,0,0,0,1
2022-12-01,AAPL,Technology,-0.1208163894463349,-0.0589714740747304,0.003541666666666667,-0.12435805611300156,-0.06251314074139706,-0.0346288519061879,0.09311714602534882,-0.09945858348525005,1,0,0,0
2022-12-01,ABBV,Healthcare,0.0026675447504849,-0.0589714740747304,0.003541666666666667,-0.000874121916181767,-0.06251314074139706,0.1121589078961065,0.08100589632307428,0.45263453491963945,0,0,1,0
2022-12-01,AMZN,Technology,-0.1298943525647971,-0.0589714740747304,0.003541666666666667,-0.13343601923146375,-0.06251314074139706,-0.0575947030970991,0.12373659106072818,-0.44945495405616787,1,0,0,0
2022-12-01,BAC,Financials,-0.1249671559770134,-0.0589714740747304,0.003541666666666667,-0.12850882264368008,-0.06251314074139706,0.0502219752273107,0.10215608977351663,-0.1299409163920452,0,1,0,0
2022-12-01,C,Financials,-0.0548767934467729,-0.0589714740747304,0.003541666666666667,-0.05841846011343956,-0.06251314074139706,0.0556041600382442,0.1040736825993992,-0.21852473634656255,0,1,0,0
2022-12-01,COST,Consumer,-0.1534537937839825,-0.0589714740747304,0.003541666666666667,-0.15699546045064916,-0.06251314074139706,0.0772150914259248,0.08842178855543747,0.006448012999339392,0,0,0,1
2022-12-01,GOOGL,Technology,-0.126349078983932,-0.0589714740747304,0.003541666666666667,-0.12989074565059866,-0.06251314074139706,0.0685642235487431,0.07368556191795847,-0.28828911025140824,1,0,0,0
2022-12-01,GS,Financials,-0.1049283163279003,-0.0589714740747304,0.003541666666666667,-0.10846998299456696,-0.06251314074139706,0.1208671990963714,0.09372515501647831,0.03896026070144609,0,1,0,0
2022-12-01,JNJ,Healthcare,-0.0011787043464699,-0.0589714740747304,0.003541666666666667,-0.004720371013136567,-0.06251314074139706,0.0231647746878569,0.05129829049230192,0.17164148104256505,0,0,1,0
2022-12-01,JPM,Financials,-0.0295264990782535,-0.0589714740747304,0.003541666666666667,-0.033068165744920164,-0.06251314074139706,0.1075331999613364,0.10369593804656212,-0.10255364810334777,0,1,0,0
2022-12-01,KO,Consumer,0.0070921466613202,-0.0589714740747304,0.003541666666666667,0.0035504799946535328,-0.06251314074139706,0.0628238306693846,0.05933752457493101,0.2494760163287495,0,0,0,1
2022-12-01,MCD,Consumer,-0.0285047353357134,-0.0589714740747304,0.003541666666666667,-0.03204640200238007,-0.06251314074139706,0.0004767731417267,0.07381629248925453,0.14012698737030083,0,0,0,1
2022-12-01,MRK,Healthcare,0.0075374145470221,-0.0589714740747304,0.003541666666666667,0.003995747880355433,-0.06251314074139706,0.0881424175164324,0.0683430128229959,0.5215988173568351,0,0,1,0
2022-12-01,MS,Financials,-0.0864941126146675,-0.0589714740747304,0.003541666666666667,-0.09003577928133416,-0.06251314074139706,0.1436361553875123,0.08619874148449087,0.01608347190522519,0,1,0,0
2022-12-01,MSFT,Technology,-0.0573964121112833,-0.0589714740747304,0.003541666666666667,-0.06093807877794997,-0.06251314074139706,0.0991253610713507,0.06914570200674656,-0.22176473507929406,1,0,0,0
2022-12-01,NVDA,Technology,-0.1362208724319376,-0.0589714740747304,0.003541666666666667,-0.13976253909860425,-0.06251314074139706,0.2538343688107143,0.17994369477893274,-0.48168175213327813,1,0,0,0
2022-12-01,PFE,Healthcare,0.0309030193365371,-0.0589714740747304,0.003541666666666667,0.027361352669870435,-0.06251314074139706,0.0769065765427514,0.08292895052051173,-0.036503440837379,0,0,1,0
2022-12-01,PG,Consumer,0.0160897859793438,-0.0589714740747304,0.003541666666666667,0.012548119312677132,-0.06251314074139706,0.1154572463554528,0.06934822176095243,0.05728999884104358,0,0,0,1
2022-12-01,UNH,Healthcare,-0.0320942279923049,-0.0589714740747304,0.003541666666666667,-0.035635894658971566,-0.06251314074139706,-0.0133118692922549,0.059460458253885504,0.24909724059893334,0,0,1,0
2022-12-01,WMT,Consumer,-0.069741553279693,-0.0589714740747304,0.003541666666666667,-0.07328321994635967,-0.06251314074139706,0.0708914915703562,0.07568499959690098,0.10115559803700047,0,0,0,1
2023-01-01,AAPL,Technology,0.1105207867300865,0.0617528578346791,0.0037833333333333334,0.10673745339675317,0.057969524501345765,-0.1208163894463349,0.09491694397989073,-0.26404168275177287,1,0,0,0
2023-01-01,ABBV,Healthcare,-0.0857617944773481,0.0617528578346791,0.0037833333333333334,-0.08954512781068143,0.057969524501345765,0.0026675447504849,0.06817939407532717,0.24007675281301233,0,0,1,0
2023-01-01,AMZN,Technology,0.2277380625406901,0.0617528578346791,0.0037833333333333334,0.22395472920735676,0.057969524501345765,-0.1298943525647971,0.12634633471866444,-0.4961521476592683,1,0,0,0
2023-01-01,BAC,Financials,0.0775189624253456,0.0617528578346791,0.0037833333333333334,0.07373562909201227,0.057969524501345765,-0.1249671559770134,0.10761975890925436,-0.23901201224451174,0,1,0,0
2023-01-01,C,Financials,0.1545434475148366,0.0617528578346791,0.0037833333333333334,0.15076011418150326,0.057969524501345765,-0.0548767934467729,0.1041702635003058,-0.22092727475244645,0,1,0,0
2023-01-01,COST,Consumer,0.1196933888543327,0.0617528578346791,0.0037833333333333334,0.11591005552099937,0.057969524501345765,-0.1534537937839825,0.09768626748715692,-0.19049805117979746,0,0,0,1
2023-01-01,GOOGL,Technology,0.1202537939986949,0.0617528578346791,0.0037833333333333334,0.11647046066536157,0.057969524501345765,-0.126349078983932,0.07746279475810999,-0.39089556021864924,1,0,0,0
2023-01-01,GS,Financials,0.0653212162096523,0.0617528578346791,0.0037833333333333334,0.061537882876318964,0.057969524501345765,-0.1049283163279003,0.09916751801602772,-0.07384846087319519,0,1,0,0
2023-01-01,JNJ,Healthcare,-0.0748938593518488,0.0617528578346791,0.0037833333333333334,-0.07867719268518213,0.057969524501345765,-0.0011787043464699,0.042852371463836234,0.059748763742809796,0,0,1,0
2023-01-01,JPM,Financials,0.043698525442033,0.0617528578346791,0.0037833333333333334,0.03991519210869967,0.057969524501345765,-0.0295264990782535,0.10395119163124505,-0.12641223233368237,0,1,0,0
2023-01-01,KO,Consumer,-0.0360007771435217,0.0617528578346791,0.0037833333333333334,-0.03978411047685503,0.057969524501345765,0.0070921466613202,0.04643725346629693,0.10609566942429094,0,0,0,1
2023-01-01,MCD,Consumer,0.0146852504034904,0.0617528578346791,0.0037833333333333334,0.010901917070157066,0.057969524501345765,-0.0285047353357134,0.0690234097800041,0.0050813926516966035,0,0,0,1
2023-01-01,MRK,Healthcare,-0.0254923244364014,0.0617528578346791,0.0037833333333333334,-0.029275657769734734,0.057969524501345765,0.0075374145470221,0.06878979712165678,0.49846192351900886,0,0,1,0
2023-01-01,MS,Financials,0.1447895389690869,0.0617528578346791,0.0037833333333333334,0.14100620563575356,0.057969524501345765,-0.0864941126146675,0.08938741978799408,-0.1033845710126362,0,1,0,0
2023-01-01,MSFT,Technology,0.0333166446262744,0.0617528578346791,0.0037833333333333334,0.029533311292941067,0.057969524501345765,-0.0573964121112833,0.06888607644233805,-0.2802475601697625,1,0,0,0
2023-01-01,NVDA,Technology,0.3368691716075596,0.0617528578346791,0.0037833333333333334,0.3330858382742262,0.057969524501345765,-0.1362208724319376,0.18138127708393545,-0.5025855933282465,1,0,0,0
2023-01-01,PFE,Healthcare,-0.1381732708124936,0.0617528578346791,0.0037833333333333334,-0.14195660414582692,0.057969524501345765,0.0309030193365371,0.07645749187875393,-0.10407984401319936,0,0,1,0
2023-01-01,PG,Consumer,-0.0605697366195421,0.0617528578346791,0.0037833333333333334,-0.06435306995287543,0.057969524501345765,0.0160897859793438,0.05748406346401608,-0.050479699021077185,0,0,0,1
2023-01-01,UNH,Healthcare,-0.0555496241682458,0.0617528578346791,0.0037833333333333334,-0.05933295750157913,0.057969524501345765,-0.0320942279923049,0.04982438736317343,0.06955388833787612,0,0,1,0
2023-01-01,WMT,Consumer,0.0184946706839019,0.0617528578346791,0.0037833333333333334,0.014711337350568569,0.057969524501345765,-0.069741553279693,0.07882903066492905,-0.004384163387825324,0,0,0,1
2023-02-01,AAPL,Technology,0.0216232406200007,-0.0261124939318185,0.0038750000000000004,0.0177482406200007,-0.0299874939318185,0.1105207867300865,0.1022931352581142,-0.16965650008702227,1,0,0,0
2023-02-01,ABBV,Healthcare,0.0515260772027104,-0.0261124939318185,0.0038750000000000004,0.0476510772027104,-0.0299874939318185,-0.0857617944773481,0.07477003692258324,0.12138560034054025,0,0,1,0
2023-02-01,AMZN,Technology,-0.0862987892321446,-0.0261124939318185,0.0038750000000000004,-0.0901737892321446,-0.0299874939318185,0.2277380625406901,0.1476465328022698,-0.3105062316570072,1,0,0,0
2023-02-01,BAC,Financials,-0.0332580834092436,-0.0261124939318185,0.0038750000000000004,-0.0371330834092436,-0.0299874939318185,0.0775189624253456,0.10985806753346067,-0.21313125509398423,0,1,0,0
2023-02-01,C,Financials,-0.0292989959891237,-0.0261124939318185,0.0038750000000000004,-0.033173995989123704,-0.0299874939318185,0.1545434475148366,0.11241440904669636,-0.16585994273179727,0,1,0,0
2023-02-01,COST,Consumer,-0.0527447870555485,-0.0261124939318185,0.0038750000000000004,-0.0566197870555485,-0.0299874939318185,0.1196933888543327,0.09941921646947557,0.018668271107245893,0,0,0,1
2023-02-01,GOOGL,Technology,-0.0888305614155586,-0.0261124939318185,0.0038750000000000004,-0.09270556141555861,-0.0299874939318185,0.1202537939986949,0.0890442990926882,-0.2694939341661703,1,0,0,0
2023-02-01,GS,Financials,-0.0387086408466164,-0.0261124939318185,0.0038750000000000004,-0.0425836408466164,-0.0299874939318185,0.0653212162096523,0.09857024723962973,0.05859138164934952,0,1,0,0
2023-02-01,JNJ,Healthcare,-0.0621712019840872,-0.0261124939318185,0.0038750000000000004,-0.0660462019840872,-0.0299874939318185,-0.0748938593518488,0.048738542757898566,-0.02656199221082889,0,0,1,0
2023-02-01,JPM,Financials,0.0317868608366755,-0.0261124939318185,0.0038750000000000004,0.0279118608366755,-0.0299874939318185,0.043698525442033,0.10330998317322995,-0.028414785697572054,0,1,0,0
2023-02-01,KO,Consumer,-0.0295171284252806,-0.0261124939318185,0.0038750000000000004,-0.0333921284252806,-0.0299874939318185,-0.0360007771435217,0.047652577570942316,0.03481664796497297,0,0,0,1
2023-02-01,MCD,Consumer,-0.0130515933405064,-0.0261124939318185,0.0038750000000000004,-0.0169265933405064,-0.0299874939318185,0.0146852504034904,0.0682064789078253,0.053724414785900176,0,0,0,1
2023-02-01,MRK,Healthcare,-0.0108928445836509,-0.0261124939318185,0.0038750000000000004,-0.0147678445836509,-0.0299874939318185,-0.0254923244364014,0.06986973148289542,0.3606129581018067,0,0,1,0
2023-02-01,MS,Financials,-0.0005306704917739,-0.0261124939318185,0.0038750000000000004,-0.004405670491773901,-0.0299874939318185,0.1447895389690869,0.09867822257604664,-0.017408395810857957,0,1,0,0
2023-02-01,MSFT,Technology,0.0064968311870694,-0.0261124939318185,0.0038750000000000004,0.0026218311870693993,-0.0299874939318185,0.0333166446262744,0.06878908703045487,-0.19566512950455783,1,0,0,0
2023-02-01,NVDA,Technology,0.188308904193494,-0.0261124939318185,0.0038750000000000004,0.184433904193494,-0.0299874939318185,0.3368691716075596,0.2061343564476404,-0.20136910279257625,1,0,0,0
2023-02-01,PFE,Healthcare,-0.0728613596890231,-0.0261124939318185,0.0038750000000000004,-0.0767363596890231,-0.0299874939318185,-0.1381732708124936,0.08052457519970875,-0.13467136923832168,0,0,1,0
2023-02-01,PG,Consumer,-0.02779068391226,-0.0261124939318185,0.0038750000000000004,-0.031665683912260004,-0.0299874939318185,-0.0605697366195421,0.05975303759716418,-0.09059090575011475,0,0,0,1
2023-02-01,UNH,Healthcare,-0.0465754626415082,-0.0261124939318185,0.0038750000000000004,-0.0504504626415082,-0.0299874939318185,-0.0555496241682458,0.049793767818652274,0.06985832419424298,0,0,1,0
2023-02-01,WMT,Consumer,-0.0120941234630733,-0.0261124939318185,0.0038750000000000004,-0.0159691234630733,-0.0299874939318185,0.0184946706839019,0.07825645788602684,0.04521523627193047,0,0,0,1
2023-03-01,AAPL,Technology,0.1203567243360552,0.0350516125771089,0.003908333333333334,0.11644839100272186,0.031143279243775565,0.0216232406200007,0.10165486738461452,-0.10207397308028066,1,0,0,0
2023-03-01,ABBV,Healthcare,0.0355423942643351,0.0350516125771089,0.003908333333333334,0.03163406093100177,0.031143279243775565,0.0515260772027104,0.07182723848410336,0.08112756159213386,0,0,1,0
2023-03-01,AMZN,Technology,0.0961476943206232,0.0350516125771089,0.003908333333333334,0.09223936098728987,0.031143279243775565,-0.0862987892321446,0.14794064692636516,-0.38637561662197695,1,0,0,0
2023-03-01,BAC,Financials,-0.1661808184775322,0.0350516125771089,0.003908333333333334,-0.17008915181086554,0.031143279243775565,-0.0332580834092436,0.109685223322121,-0.20591296446395335,0,1,0,0
2023-03-01,C,Financials,-0.0658421326109124,0.0350516125771089,0.003908333333333334,-0.06975046594424573,0.031143279243775565,-0.0292989959891237,0.10975283164836062,-0.10978059877582558,0,1,0,0
2023-03-01,COST,Consumer,0.0279956814117889,0.0350516125771089,0.003908333333333334,0.024087348078455566,0.031143279243775565,-0.0527447870555485,0.10053310941346409,-0.0613010673513098,0,0,0,1
2023-03-01,GOOGL,Technology,0.1517879737869651,0.0350516125771089,0.003908333333333334,0.14787964045363175,0.031143279243775565,-0.0888305614155586,0.09077352157631943,-0.3331706997923126,1,0,0,0
2023-03-01,GS,Financials,-0.0697851802875235,0.0350516125771089,0.003908333333333334,-0.07369351362085683,0.031143279243775565,-0.0387086408466164,0.09861195682119861,0.05753926165359857,0,1,0,0
2023-03-01,JNJ,Healthcare,0.0186276694867917,0.0350516125771089,0.003908333333333334,0.014719336153458367,0.031143279243775565,-0.0621712019840872,0.05038248512163098,-0.04425669248431785,0,0,1,0
2023-03-01,JPM,Financials,-0.0909663945664499,0.0350516125771089,0.003908333333333334,-0.09487472789978324,0.031143279243775565,0.0317868608366755,0.10270699469976888,0.04428241852129644,0,1,0,0
2023-03-01,KO,Consumer,0.0423456102681778,0.0350516125771089,0.003908333333333334,0.038437276934844465,0.031143279243775565,-0.0295171284252806,0.04826588332112683,-0.015574758877379469,0,0,0,1
2023-03-01,MCD,Consumer,0.0656070985101868,0.0350516125771089,0.003908333333333334,0.061698765176853465,0.031143279243775565,-0.0130515933405064,0.06566369339927772,0.1023435803896191,0,0,0,1
2023-03-01,MRK,Healthcare,0.0014118960905991,0.0350516125771089,0.003908333333333334,-0.002496437242734234,0.031143279243775565,-0.0108928445836509,0.06552719486946636,0.43190317640831943,0,0,1,0
2023-03-01,MS,Financials,-0.090155446779517,0.0350516125771089,0.003908333333333334,-0.09406378011285034,0.031143279243775565,-0.0005306704917739,0.09226148577624503,0.10210018339155646,0,1,0,0
2023-03-01,MSFT,Technology,0.1587767845008532,0.0350516125771089,0.003908333333333334,0.15486845116751985,0.031143279243775565,0.0064968311870694,0.06864133926782957,-0.15741137761197643,1,0,0,0
2023-03-01,NVDA,Technology,0.1964596941773748,0.0350516125771089,0.003908333333333334,0.19255136084404145,0.031143279243775565,0.188308904193494,0.2130567454698118,-0.047049079995291954,1,0,0,0
2023-03-01,PFE,Healthcare,0.0056693382763208,0.0350516125771089,0.003908333333333334,0.001761004942987466,0.031143279243775565,-0.0728613596890231,0.07781924194136589,-0.10623916704632075,0,0,1,0
2023-03-01,PG,Consumer,0.0809099902042744,0.0350516125771089,0.003908333333333334,0.07700165687094107,0.031143279243775565,-0.02779068391226,0.05988648663223519,-0.09488896695714344,0,0,0,1
2023-03-01,UNH,Healthcare,-0.0070386530695437,0.0350516125771089,0.003908333333333334,-0.010946986402877034,0.031143279243775565,-0.0465754626415082,0.05211721249769032,0.012955562388510256,0,0,1,0
2023-03-01,WMT,Consumer,0.0374305454353973,0.0350516125771089,0.003908333333333334,0.033522212102063964,0.031143279243775565,-0.0120941234630733,0.07751194456005939,0.0680983874736465,0,0,0,1
2023-04-01,AAPL,Technology,0.0289870378511882,0.014642341662481,0.0041,0.0248870378511882,0.010542341662481,0.1203567243360552,0.10656255756224772,-0.04988863633543417,1,0,0,0
2023-04-01,ABBV,Healthcare,-0.0517661722080979,0.014642341662481,0.0041,-0.0558661722080979,0.010542341662481,0.0355423942643351,0.0669960167963631,0.020519559006866972,0,0,1,0
2023-04-01,AMZN,Technology,0.0209119567583442,0.014642341662481,0.0041,0.0168119567583442,0.010542341662481,0.0961476943206232,0.1502188784572848,-0.3663092841140272,1,0,0,0
2023-04-01,BAC,Financials,0.0304163227475158,0.014642341662481,0.0041,0.0263163227475158,0.010542341662481,-0.1661808184775322,0.11752113768204143,-0.29000651642435127,0,1,0,0
2023-04-01,C,Financials,0.0038388996031615,0.014642341662481,0.0041,-0.0002611003968385002,0.010542341662481,-0.0658421326109124,0.10814708706755306,-0.08481162315013535,0,1,0,0
2023-04-01,COST,Consumer,0.0127800062717433,0.014642341662481,0.0041,0.008680006271743299,0.010542341662481,0.0279956814117889,0.09488912984046896,-0.13118529124173117,0,0,0,1
2023-04-01,GOOGL,Technology,0.0348016562040871,0.014642341662481,0.0041,0.030701656204087102,0.010542341662481,0.1517879737869651,0.10388254465324596,-0.25410324575727783,1,0,0,0
2023-04-01,GS,Financials,0.057439650420515,0.014642341662481,0.0041,0.053339650420515,0.010542341662481,-0.0697851802875235,0.10059658796546118,0.0170860952465568,0,1,0,0
2023-04-01,JNJ,Healthcare,0.0561288415045482,0.014642341662481,0.0041,0.0520288415045482,0.010542341662481,0.0186276694867917,0.043219355389493855,-0.1017622131119561,0,0,1,0
2023-04-01,JPM,Financials,0.060854929064448,0.014642341662481,0.0041,0.056754929064448,0.010542341662481,-0.0909663945664499,0.10594421562852742,-0.012551087679618989,0,1,0,0
2023-04-01,KO,Consumer,0.042109944067235,0.014642341662481,0.0041,0.038009944067235,0.010542341662481,0.0423456102681778,0.049770092377865206,0.03008325917075627,0,0,0,1
2023-04-01,MCD,Consumer,0.0577234567023143,0.014642341662481,0.0041,0.053623456702314304,0.010542341662481,0.0656070985101868,0.06760830339333644,0.1563095056300594,0,0,0,1
2023-04-01,MRK,Healthcare,0.0928921165458511,0.014642341662481,0.0041,0.08879211654585109,0.010542341662481,0.0014118960905991,0.06483061762346178,0.3383294477647587,0,0,1,0
2023-04-01,MS,Financials,0.0247152872664877,0.014642341662481,0.0041,0.0206152872664877,0.010542341662481,-0.090155446779517,0.09603375620482549,0.04105956461642801,0,1,0,0
2023-04-01,MSFT,Technology,0.0657649583467312,0.014642341662481,0.0041,0.0616649583467312,0.010542341662481,0.1587767845008532,0.08398067225048439,-0.05572864850298176,1,0,0,0
2023-04-01,NVDA,Technology,-0.000838559967154,0.014642341662481,0.0041,-0.0049385599671540005,0.010542341662481,0.1964596941773748,0.21754963826252022,0.018946654052954592,1,0,0,0
2023-04-01,PFE,Healthcare,-0.0468137133182586,0.014642341662481,0.0041,-0.0509137133182586,0.010542341662481,0.0056693382763208,0.07006961490555062,-0.18503040458877773,0,0,1,0
2023-04-01,PG,Consumer,0.0517184221841124,0.014642341662481,0.0041,0.0476184221841124,0.010542341662481,0.0809099902042744,0.06473640779888422,-0.0018717169750019913,0,0,0,1
2023-04-01,UNH,Healthcare,0.0449707104894077,0.014642341662481,0.0041,0.0408707104894077,0.010542341662481,-0.0070386530695437,0.04732564692252036,-0.06143052870338639,0,0,1,0
2023-04-01,WMT,Consumer,0.0280690050485978,0.014642341662481,0.0041,0.0239690050485978,0.010542341662481,0.0374305454353973,0.07252242173343595,0.005693068200338658,0,0,0,1
2023-05-01,AAPL,Technology,0.0446136832303938,0.0024823473681929,0.004283333333333333,0.04033034989706047,-0.0018009859651404326,0.0289870378511882,0.10215185777767649,0.08282779163923659,1,0,0,0
2023-05-01,ABBV,Healthcare,-0.0786849157331706,0.0024823473681929,0.004283333333333333,-0.08296824906650394,-0.0018009859651404326,-0.0517661722080979,0.06234934173201561,0.06803133168634856,0,0,1,0
2023-05-01,AMZN,Technology,0.1434803728845883,0.0024823473681929,0.004283333333333333,0.13919703955125495,-0.0018009859651404326,0.0209119567583442,0.13512151141432788,-0.15152299057847407,1,0,0,0
2023-05-01,BAC,Financials,-0.0508880253785037,0.0024823473681929,0.004283333333333333,-0.05517135871183703,-0.0018009859651404326,0.0304163227475158,0.11311551363427604,-0.15893037378075536,0,1,0,0
2023-05-01,C,Financials,-0.0481011646751629,0.0024823473681929,0.004283333333333333,-0.05238449800849623,-0.0018009859651404326,0.0038388996031615,0.10391393899735696,0.01760414749388084,0,1,0,0
2023-05-01,COST,Consumer,0.0165732747673867,0.0024823473681929,0.004283333333333333,0.012289941434053365,-0.0018009859651404326,0.0127800062717433,0.09244326826934249,-0.04705344743882878,0,0,0,1
2023-05-01,GOOGL,Technology,0.1446806765255412,0.0024823473681929,0.004283333333333333,0.14039734319220787,-0.0018009859651404326,0.0348016562040871,0.09149194918052002,-0.059324650852317196,1,0,0,0
2023-05-01,GS,Financials,-0.0568948242652661,0.0024823473681929,0.004283333333333333,-0.06117815759859943,-0.0018009859651404326,0.057439650420515,0.09862805973958509,0.15533901177228926,0,1,0,0
2023-05-01,JNJ,Healthcare,-0.0527795600256233,0.0024823473681929,0.004283333333333333,-0.05706289335895663,-0.0018009859651404326,0.0561288415045482,0.046568048540205666,-0.06832499885392951,0,0,1,0
2023-05-01,JPM,Financials,-0.0105970791938569,0.0024823473681929,0.004283333333333333,-0.014880412527190232,-0.0018009859651404326,0.060854929064448,0.09878413893362198,0.19638622396986416,0,1,0,0
2023-05-01,KO,Consumer,-0.0699923741019639,0.0024823473681929,0.004283333333333333,-0.07427570743529724,-0.0018009859651404326,0.042109944067235,0.04914342822347387,0.022271059037319185,0,0,0,1
2023-05-01,MCD,Consumer,-0.03597650922653,0.0024823473681929,0.004283333333333333,-0.04025984255986333,-0.0018009859651404326,0.0577234567023143,0.06870620000658026,0.21382708134739437,0,0,0,1
2023-05-01,MRK,Healthcare,-0.0438208184904136,0.0024823473681929,0.004283333333333333,-0.048104151823746936,-0.0018009859651404326,0.0928921165458511,0.06504538478874686,0.34121487849621945,0,0,1,0
2023-05-01,MS,Financials,-0.0833824141988355,0.0024823473681929,0.004283333333333333,-0.08766574753216884,-0.0018009859651404326,0.0247152872664877,0.09222715395682347,0.15693534772992823,0,1,0,0
2023-05-01,MSFT,Technology,0.0687690866597399,0.0024823473681929,0.004283333333333333,0.06448575332640656,-0.0018009859651404326,0.0657649583467312,0.07987331054339206,0.11802518636185311,1,0,0,0
2023-05-01,NVDA,Technology,0.3634363955175532,0.0024823473681929,0.004283333333333333,0.3591530621842199,-0.0018009859651404326,-0.000838559967154,0.18938108004361282,0.4975430116083561,1,0,0,0
2023-05-01,PFE,Healthcare,-0.022370721991368,0.0024823473681929,0.004283333333333333,-0.026654055324701335,-0.0018009859651404326,-0.0468137133182586,0.06982596622848222,-0.1804390199903454,0,0,1,0
2023-05-01,PG,Consumer,-0.0830530307122805,0.0024823473681929,0.004283333333333333,-0.08733636404561383,-0.0018009859651404326,0.0517184221841124,0.06480568846358323,-0.0009232354189874226,0,0,0,1
2023-05-01,UNH,Healthcare,-0.0098559781614769,0.0024823473681929,0.004283333333333333,-0.014139311494810233,-0.0018009859651404326,0.0449707104894077,0.049428165404919136,-0.01938556532534108,0,0,1,0
2023-05-01,WMT,Consumer,-0.0271576764121592,0.0024823473681929,0.004283333333333333,-0.031441009745492535,-0.0018009859651404326,0.0280690050485978,0.07241351096985554,0.002539169503357641,0,0,0,1
2023-06-01,AAPL,Technology,0.0958435152255254,0.0647274649042346,0.0043,0.0915435152255254,0.060427464904234604,0.0446136832303938,0.10024226279668812,0.1980899615160414,1,0,0,0
2023-06-01,ABBV,Healthcare,-0.0234125828531095,0.0647274649042346,0.0043,-0.0277125828531095,0.060427464904234604,-0.0786849157331706,0.06704469205576062,-0.0275433736469316,0,0,1,0
2023-06-01,AMZN,Technology,0.08110796675057,0.0647274649042346,0.0043,0.07680796675057,0.060427464904234604,0.1434803728845883,0.14136536378180897,0.0030821078820268966,1,0,0,0
2023-06-01,BAC,Financials,0.0323858970627246,0.0647274649042346,0.0043,0.028085897062724602,0.060427464904234604,-0.0508880253785037,0.11250256493877413,-0.23434836099131795,0,1,0,0
2023-06-01,C,Financials,0.038808638377388,0.0647274649042346,0.0043,0.034508638377388004,0.060427464904234604,-0.0481011646751629,0.09847719919381095,-0.13456728010625651,0,1,0,0
2023-06-01,COST,Consumer,0.0546227514976016,0.0647274649042346,0.0043,0.050322751497601605,0.060427464904234604,0.0165732747673867,0.08413361774359918,0.1030451593685453,0,0,0,1
2023-06-01,GOOGL,Technology,-0.0257998550171556,0.0647274649042346,0.0043,-0.030099855017155598,0.060427464904234604,0.1446806765255412,0.10070531929757447,0.08006201642697919,1,0,0,0
2023-06-01,GS,Financials,0.0033835719039074,0.0647274649042346,0.0043,-0.0009164280960926,0.060427464904234604,-0.0568948242652661,0.09917505057586071,0.018399214124924734,0,1,0,0
2023-06-01,JNJ,Healthcare,0.0755119484396911,0.0647274649042346,0.0043,0.0712119484396911,0.060427464904234604,-0.0527795600256233,0.04858022542296107,-0.11292695189150459,0,0,1,0
2023-06-01,JPM,Financials,0.0716969170280532,0.0647274649042346,0.0043,0.0673969170280532,0.060427464904234604,-0.0105970791938569,0.09418583668550404,0.060635336479236246,0,1,0,0
2023-06-01,KO,Consumer,0.0093866893104008,0.0647274649042346,0.0043,0.005086689310400801,0.060427464904234604,-0.0699923741019639,0.05324621130547931,-0.03082960796028078,0,0,0,1
2023-06-01,MCD,Consumer,0.0466488434132876,0.0647274649042346,0.0043,0.0423488434132876,0.060427464904234604,-0.03597650922653,0.07048159348925032,0.15600701179109566,0,0,0,1
2023-06-01,MRK,Healthcare,0.0451044579507462,0.0647274649042346,0.0043,0.0408044579507462,0.060427464904234604,-0.0438208184904136,0.06796919056495064,0.23589839514068145,0,0,1,0
2023-06-01,MS,Financials,0.0445205982284047,0.0647274649042346,0.0043,0.0402205982284047,0.060427464904234604,-0.0833824141988355,0.09412048821649256,-0.016306354141174095,0,1,0,0
2023-06-01,MSFT,Technology,0.0392656058564822,0.0647274649042346,0.0043,0.0349656058564822,0.060427464904234604,0.0687690866597399,0.08071021453663924,0.21974308827596056,1,0,0,0
2023-06-01,NVDA,Technology,0.1180949371097999,0.0647274649042346,0.0043,0.1137949371097999,0.060427464904234604,0.3634363955175532,0.20891791999920417,1.0281359079843435,1,0,0,0
2023-06-01,PFE,Healthcare,-0.0248053776754839,0.0647274649042346,0.0043,-0.0291053776754839,0.060427464904234604,-0.022370721991368,0.06308345675489109,-0.2587443240855203,0,0,1,0
2023-06-01,PG,Consumer,0.0648423384581196,0.0647274649042346,0.0043,0.0605423384581196,0.060427464904234604,-0.0830530307122805,0.06583947830455886,-0.010959146548148446,0,0,0,1
2023-06-01,UNH,Healthcare,-0.0135456910532159,0.0647274649042346,0.0043,-0.0178456910532159,0.060427464904234604,-0.0098559781614769,0.04902281769636896,-0.006046122893564432,0,0,1,0
2023-06-01,WMT,Consumer,0.0742633898339053,0.0647274649042346,0.0043,0.0699633898339053,0.060427464904234604,-0.0271576764121592,0.0529980736119013,0.16001760126681197,0,0,0,1
2023-07-01,AAPL,Technology,0.0127854627241965,0.0311389323550108,0.0043749999999999995,0.008410462724196502,0.0267639323550108,0.0958435152255254,0.09713845526018798,0.4272106860904019,1,0,0,0
2023-07-01,ABBV,Healthcare,0.1102204808129878,0.0311389323550108,0.0043749999999999995,0.1058454808129878,0.0267639323550108,-0.0234125828531095,0.06611741705484277,-0.08621286913352011,0,0,1,0
2023-07-01,AMZN,Technology,0.0254678739635265,0.0311389323550108,0.0043749999999999995,0.0210928739635265,0.0267639323550108,0.08110796675057,0.13688100719774515,0.22737973575041215,1,0,0,0
2023-07-01,BAC,Financials,0.1242714193693748,0.0311389323550108,0.0043749999999999995,0.1198964193693748,0.0267639323550108,0.0323858970627246,0.10303930045670225,-0.05542358332469022,0,1,0,0
2023-07-01,C,Financials,0.0351867491801924,0.0311389323550108,0.0043749999999999995,0.0308117491801924,0.0267639323550108,0.038808638377388,0.08991458707961733,0.04406606153651782,0,1,0,0
2023-07-01,COST,Consumer,0.0414019664818972,0.0311389323550108,0.0043749999999999995,0.037026966481897204,0.0267639323550108,0.0546227514976016,0.08495479946258362,0.13159785231386367,0,0,0,1
2023-07-01,GOOGL,Technology,0.1087723318863913,0.0311389323550108,0.0043749999999999995,0.10439733188639129,0.0267639323550108,-0.0257998550171556,0.10002680092032991,0.09853791930742117,1,0,0,0
2023-07-01,GS,Financials,0.1033359250657746,0.0311389323550108,0.0043749999999999995,0.0989609250657746,0.0267639323550108,0.0033835719039074,0.09493696667793443,0.11762515092211867,0,1,0,0
2023-07-01,JNJ,Healthcare,0.0121434432027729,0.0311389323550108,0.0043749999999999995,0.0077684432027729,0.0267639323550108,0.0755119484396911,0.05437370909547938,-0.04124640963203108,0,0,1,0
2023-07-01,JPM,Financials,0.086083723879186,0.0311389323550108,0.0043749999999999995,0.081708723879186,0.0267639323550108,0.0716969170280532,0.08132413852299528,0.33472300491727847,0,1,0,0
2023-07-01,KO,Consumer,0.0362279897465822,0.0311389323550108,0.0043749999999999995,0.031852989746582204,0.0267639323550108,0.0093866893104008,0.05329153190924662,-0.014423870927086302,0,0,0,1
2023-07-01,MCD,Consumer,-0.0122436882912427,0.0311389323550108,0.0043749999999999995,-0.0166186882912427,0.0267639323550108,0.0466488434132876,0.07009787937969682,0.23605541046166678,0,0,0,1
2023-07-01,MRK,Healthcare,-0.0695678960445556,0.0311389323550108,0.0043749999999999995,-0.0739428960445556,0.0267639323550108,0.0451044579507462,0.06766518784684036,0.3038271147707281,0,0,1,0
2023-07-01,MS,Financials,0.0721311272364313,0.0311389323550108,0.0043749999999999995,0.06775612723643129,0.0267639323550108,0.0445205982284047,0.08671315483228365,0.16365801196583418,0,1,0,0
2023-07-01,MSFT,Technology,-0.0135666049132707,0.0311389323550108,0.0043749999999999995,-0.0179416049132707,0.0267639323550108,0.0392656058564822,0.0774819612918544,0.3387522196613326,1,0,0,0
2023-07-01,NVDA,Technology,0.1047667335742463,0.0311389323550108,0.0043749999999999995,0.1003917335742463,0.0267639323550108,0.1180949371097999,0.19113787310466349,1.7931610580434487,1,0,0,0
2023-07-01,PFE,Healthcare,-0.0169028669859956,0.0311389323550108,0.0043749999999999995,-0.0212778669859956,0.0267639323550108,-0.0248053776754839,0.0627893885202447,-0.27463647914246936,0,0,1,0
2023-07-01,PG,Consumer,0.0300513188743087,0.0311389323550108,0.0043749999999999995,0.0256763188743087,0.0267639323550108,0.0648423384581196,0.06756538952507907,0.08312928354447857,0,0,0,1
2023-07-01,UNH,Healthcare,0.0578576832141108,0.0311389323550108,0.0043749999999999995,0.0534826832141108,0.0267639323550108,-0.0135456910532159,0.04799154385015119,-0.051675789249931325,0,0,1,0
2023-07-01,WMT,Consumer,0.0170504023364461,0.0311389323550108,0.0043749999999999995,0.012675402336446099,0.0267639323550108,0.0742633898339053,0.05135573724344619,0.31364969715607827,0,0,0,1
2023-08-01,AAPL,Technology,-0.0436753256849045,-0.017716390070854,0.004416666666666667,-0.04809199235157117,-0.022133056737520664,0.0127854627241965,0.08414513546740633,0.2160666892067271,1,0,0,0
2023-08-01,ABBV,Healthcare,-0.0066235358731315,-0.017716390070854,0.004416666666666667,-0.011040202539798167,-0.022133056737520664,0.1102204808129878,0.07114147455300289,0.08272332597185916,0,0,1,0
2023-08-01,AMZN,Technology,0.0323907994336623,-0.017716390070854,0.004416666666666667,0.027974132766995632,-0.022133056737520664,0.0254678739635265,0.11318499252318698,-0.009410924795708042,1,0,0,0
2023-08-01,BAC,Financials,-0.1040624229968911,-0.017716390070854,0.004416666666666667,-0.10847908966355777,-0.022133056737520664,0.1242714193693748,0.10600638837247454,-0.027817235203402513,0,1,0,0
2023-08-01,C,Financials,-0.1336548755018264,-0.017716390070854,0.004416666666666667,-0.13807154216849307,-0.022133056737520664,0.0351867491801924,0.08217808551951863,-0.04227068216031504,0,1,0,0
2023-08-01,COST,Consumer,-0.0203148031921999,-0.017716390070854,0.004416666666666667,-0.024731469858866567,-0.022133056737520664,0.0414019664818972,0.0775360882480299,0.04342614196948835,0,0,0,1
2023-08-01,GOOGL,Technology,0.0259942276805718,-0.017716390070854,0.004416666666666667,0.021577561013905133,-0.022133056737520664,0.1087723318863913,0.10276447197162271,0.1409906016235405,1,0,0,0
2023-08-01,GS,Financials,-0.079130062873687,-0.017716390070854,0.004416666666666667,-0.08354672954035366,-0.022133056737520664,0.1033359250657746,0.09308228111574623,0.0985936745625069,0,1,0,0
2023-08-01,JNJ,Healthcare,-0.0349191547234638,-0.017716390070854,0.004416666666666667,-0.03933582139013046,-0.022133056737520664,0.0121434432027729,0.054304944263148705,-0.012978143417021637,0,0,1,0
2023-08-01,JPM,Financials,-0.0672642845661875,-0.017716390070854,0.004416666666666667,-0.07168095123285416,-0.022133056737520664,0.086083723879186,0.08305914971204299,0.41506437242148997,0,1,0,0
2023-08-01,KO,Consumer,-0.033909181321355,-0.017716390070854,0.004416666666666667,-0.03832584798802167,-0.022133056737520664,0.0362279897465822,0.053761528017613476,-0.005953348073830522,0,0,0,1
2023-08-01,MCD,Consumer,-0.0410984183326497,-0.017716390070854,0.004416666666666667,-0.04551508499931636,-0.022133056737520664,-0.0122436882912427,0.0685593521394065,0.1381697317560724,0,0,0,1
2023-08-01,MRK,Healthcare,0.0218472191905911,-0.017716390070854,0.004416666666666667,0.017430552523924434,-0.022133056737520664,-0.0695678960445556,0.07235010479163277,0.2279221740127335,0,0,1,0
2023-08-01,MS,Financials,-0.0614070411101532,-0.017716390070854,0.004416666666666667,-0.06582370777681987,-0.022133056737520664,0.0721311272364313,0.08379243804879952,0.12564652389843411,0,1,0,0
2023-08-01,MSFT,Technology,-0.0242916463196261,-0.017716390070854,0.004416666666666667,-0.028708312986292766,-0.022133056737520664,-0.0135666049132707,0.07533923500934324,0.2081181563030965,1,0,0,0
2023-08-01,NVDA,Technology,0.0561963030812182,-0.017716390070854,0.004416666666666667,0.051779636414551536,-0.022133056737520664,0.1047667335742463,0.18889714071590213,1.5748848127655903,1,0,0,0
2023-08-01,PFE,Healthcare,-0.0079263098421603,-0.017716390070854,0.004416666666666667,-0.012342976508826965,-0.022133056737520664,-0.0169028669859956,0.06270249173929296,-0.2597906200492457,0,0,1,0
2023-08-01,PG,Consumer,-0.0063185393523426,-0.017716390070854,0.004416666666666667,-0.010735206019009267,-0.022133056737520664,0.0300513188743087,0.0664046250617548,0.15487331203927335,0,0,0,1
2023-08-01,UNH,Healthcare,-0.058830626574203,-0.017716390070854,0.004416666666666667,-0.06324729324086967,-0.022133056737520664,0.0578576832141108,0.047778444704974096,-0.053290289347421194,0,0,1,0
2023-08-01,WMT,Consumer,0.0172026512704244,-0.017716390070854,0.004416666666666667,0.012785984603757735,-0.022133056737520664,0.0170504023364461,0.04751002016266106,0.23011540694865618,0,0,0,1
2023-09-01,AAPL,Technology,-0.0874473574218468,-0.0487193674656248,0.004433333333333333,-0.09188069075518013,-0.05315270079895813,-0.0436753256849045,0.08483165537178813,0.20208512135124335,1,0,0,0
2023-09-01,ABBV,Healthcare,0.0142891855995526,-0.0487193674656248,0.004433333333333333,0.009855852266219267,-0.05315270079895813,-0.0066235358731315,0.06857442980271683,0.13730481305398778,0,0,1,0
2023-09-01,AMZN,Technology,-0.078907268992859,-0.0487193674656248,0.004433333333333333,-0.08334060232619234,-0.05315270079895813,0.0323907994336623,0.1114648309414544,0.0886644960275329,1,0,0,0
2023-09-01,BAC,Financials,-0.037036428780429,-0.0487193674656248,0.004433333333333333,-0.04146976211376233,-0.05315270079895813,-0.1040624229968911,0.11043233464801025,-0.12380173198446742,0,1,0,0
2023-09-01,C,Financials,0.0076824331982716,-0.0487193674656248,0.004433333333333333,0.003249099864938267,-0.05315270079895813,-0.1336548755018264,0.0899282907855239,-0.1263635286962358,0,1,0,0
2023-09-01,COST,Consumer,0.030489697032223,-0.0487193674656248,0.004433333333333333,0.026056363698889667,-0.05315270079895813,-0.0203148031921999,0.07699615601121153,0.05799516418893402,0,0,0,1
2023-09-01,GOOGL,Technology,-0.038995319706973,-0.0487193674656248,0.004433333333333333,-0.04342865304030633,-0.05315270079895813,0.0259942276805718,0.0991781514537968,0.2582699499428882,1,0,0,0
2023-09-01,GS,Financials,-0.0044000082319705,-0.0487193674656248,0.004433333333333333,-0.008833341565303833,-0.05315270079895813,-0.079130062873687,0.09670938714847858,0.013851311658057863,0,1,0,0
2023-09-01,JNJ,Healthcare,-0.0296833018833522,-0.0487193674656248,0.004433333333333333,-0.03411663521668553,-0.05315270079895813,-0.0349191547234638,0.05026783793737205,0.03037104480444519,0,0,1,0
2023-09-01,JPM,Financials,-0.0089522546419098,-0.0487193674656248,0.004433333333333333,-0.013385587975243134,-0.05315270079895813,-0.0672642845661875,0.0874224385546419,0.32705904928909524,0,1,0,0
2023-09-01,KO,Consumer,-0.064348976079458,-0.0487193674656248,0.004433333333333333,-0.06878230941279133,-0.05315270079895813,-0.033909181321355,0.053482765124869915,-0.001378023244934523,0,0,0,1
2023-09-01,MCD,Consumer,-0.0579535716732081,-0.0487193674656248,0.004433333333333333,-0.062386905006541434,-0.05315270079895813,-0.0410984183326497,0.06848631600063763,0.1393693949227579,0,0,0,1
2023-09-01,MRK,Healthcare,-0.0553312550639139,-0.0487193674656248,0.004433333333333333,-0.05976458839724723,-0.05315270079895813,0.0218472191905911,0.06948711909313539,0.31325288418931474,0,0,1,0
2023-09-01,MS,Financials,-0.0408692199224479,-0.0487193674656248,0.004433333333333333,-0.04530255325578123,-0.05315270079895813,-0.0614070411101532,0.0864268934680143,0.0353018168711301,0,1,0,0
2023-09-01,MSFT,Technology,-0.0346028689673419,-0.0487193674656248,0.004433333333333333,-0.039036202300675234,-0.05315270079895813,-0.0242916463196261,0.0716782901463806,0.265644785521852,1,0,0,0
2023-09-01,NVDA,Technology,-0.1186507789614806,-0.0487193674656248,0.004433333333333333,-0.12308411229481393,-0.05315270079895813,0.0561963030812182,0.17026632488187207,2.272545447472423,1,0,0,0
2023-09-01,PFE,Healthcare,-0.0624645783860877,-0.0487193674656248,0.004433333333333333,-0.06689791171942104,-0.05315270079895813,-0.0079263098421603,0.058171924912132994,-0.1862473922060407,0,0,1,0
2023-09-01,PG,Consumer,-0.054943428157445,-0.0487193674656248,0.004433333333333333,-0.05937676149077833,-0.05315270079895813,-0.0063185393523426,0.06654123568239473,0.14819195398122287,0,0,0,1
2023-09-01,UNH,Healthcare,0.057933704023279,-0.0487193674656248,0.004433333333333333,0.05350037068994567,-0.05315270079895813,-0.058830626574203,0.049205650783400515,-0.0695075252813977,0,0,1,0
2023-09-01,WMT,Consumer,-0.0129848278022414,-0.0487193674656248,0.004433333333333333,-0.017418161135574733,-0.05315270079895813,0.0172026512704244,0.04729151487618849,0.24655654861475695,0,0,0,1
2023-10-01,AAPL,Technology,-0.0025701616310193,-0.0219796887379829,0.00445,-0.0070201616310193,-0.0264296887379829,-0.0874473574218468,0.08043368409532736,0.24620643417915677,1,0,0,0
2023-10-01,ABBV,Healthcare,-0.0528645317203649,-0.0219796887379829,0.00445,-0.0573145317203649,-0.0264296887379829,0.0142891855995526,0.06841666587869538,0.1557048761107651,0,0,1,0
2023-10-01,AMZN,Technology,0.0469634476268063,-0.0219796887379829,0.00445,0.0425134476268063,-0.0264296887379829,-0.078907268992859,0.1088254807895105,0.12495577651842504,1,0,0,0
2023-10-01,BAC,Financials,-0.0379840248588585,-0.0219796887379829,0.00445,-0.042434024858858506,-0.0264296887379829,-0.037036428780429,0.10684558835942617,-0.06098225931348766,0,1,0,0
2023-10-01,C,Financials,-0.039873682443043,-0.0219796887379829,0.00445,-0.044323682443043,-0.0264296887379829,0.0076824331982716,0.0785901593688631,0.031192703229928842,0,1,0,0
2023-10-01,COST,Consumer,-0.0221608585142649,-0.0219796887379829,0.00445,-0.0266108585142649,-0.0264296887379829,0.030489697032223,0.06994664804481932,0.20528768733279668,0,0,0,1
2023-10-01,GOOGL,Technology,-0.0518109587452179,-0.0219796887379829,0.00445,-0.0562609587452179,-0.0264296887379829,-0.038995319706973,0.09148136721311942,0.36811271339485563,1,0,0,0
2023-10-01,GS,Financials,-0.0616870186181397,-0.0219796887379829,0.00445,-0.0661370186181397,-0.0264296887379829,-0.0044000082319705,0.08950805318974983,0.13727252320800543,0,1,0,0
2023-10-01,JNJ,Healthcare,-0.0475762177514149,-0.0219796887379829,0.00445,-0.0520262177514149,-0.0264296887379829,-0.0296833018833522,0.05086666383051474,-0.0191668675504858,0,0,1,0
2023-10-01,JPM,Financials,-0.0410977374117583,-0.0219796887379829,0.00445,-0.045547737411758306,-0.0264296887379829,-0.0089522546419098,0.08157358289487751,0.43134237666215136,0,1,0,0
2023-10-01,KO,Consumer,0.0171164269953227,-0.0219796887379829,0.00445,0.0126664269953227,-0.0264296887379829,-0.064348976079458,0.04951705554247745,0.029265654094592586,0,0,0,1
2023-10-01,MCD,Consumer,-0.0048207090344379,-0.0219796887379829,0.00445,-0.009270709034437899,-0.0264296887379829,-0.0579535716732081,0.06596788008391616,0.16714840363604444,0,0,0,1
2023-10-01,MRK,Healthcare,0.004372423541701,-0.0219796887379829,0.00445,-7.757645829899965e-05,-0.0264296887379829,-0.0553312550639139,0.07321829607647277,0.22964095829529851,0,0,1,0
2023-10-01,MS,Financials,-0.1328517040638208,-0.0219796887379829,0.00445,-0.1373017040638208,-0.0264296887379829,-0.0408692199224479,0.08422959357472126,0.07103628848269872,0,1,0,0
2023-10-01,MSFT,Technology,0.0708155000082437,-0.0219796887379829,0.00445,0.0663655000082437,-0.0264296887379829,-0.0346028689673419,0.06217331815279701,0.3688297040203994,1,0,0,0
2023-10-01,NVDA,Technology,-0.0624298106930523,-0.0219796887379829,0.00445,-0.0668798106930523,-0.0264296887379829,-0.1186507789614806,0.15845593020404972,2.586370358885858,1,0,0,0
2023-10-01,PFE,Healthcare,-0.0786855763283111,-0.0219796887379829,0.00445,-0.08313557632831109,-0.0264296887379829,-0.0624645783860877,0.05959708099285667,-0.21144968725351687,0,0,1,0
2023-10-01,PG,Consumer,0.0285891477676623,-0.0219796887379829,0.00445,0.0241391477676623,-0.0264296887379829,-0.054943428157445,0.06299834403804505,0.18558093978429402,0,0,0,1
2023-10-01,UNH,Healthcare,0.0663538068697473,-0.0219796887379829,0.00445,0.0619038068697473,-0.0264296887379829,0.057933704023279,0.051752518913339395,0.012252804988037713,0,0,1,0
2023-10-01,WMT,Consumer,0.0217595915253954,-0.0219796887379829,0.00445,0.0173095915253954,-0.0264296887379829,-0.0129848278022414,0.04700572981693094,0.2519534890627586,0,0,0,1
2023-11-01,AAPL,Technology,0.1123147907948409,0.0891792687819701,0.004391666666666666,0.10792312412817423,0.08478760211530344,-0.0025701616310193,0.07564194117051484,0.12027576089842129,1,0,0,0
2023-11-01,ABBV,Healthcare,0.0186659226452627,0.0891792687819701,0.004391666666666666,0.014274255978596034,0.08478760211530344,-0.0528645317203649,0.06633826549136221,0.0034664248655709162,0,0,1,0
2023-11-01,AMZN,Technology,0.0976782655173829,0.0891792687819701,0.004391666666666666,0.09328659885071623,0.08478760211530344,0.0469634476268063,0.10351288276263404,0.29919946472097725,1,0,0,0
2023-11-01,BAC,Financials,0.1575551596571986,0.0891792687819701,0.004391666666666666,0.15316349299053195,0.08478760211530344,-0.0379840248588585,0.08620183849734697,-0.24798566606714856,0,1,0,0
2023-11-01,C,Financials,0.1673840781222411,0.0891792687819701,0.004391666666666666,0.16299241145557444,0.08478760211530344,-0.039873682443043,0.0734133322052748,-0.10038305766203937,0,1,0,0
2023-11-01,COST,Consumer,0.0729491770859744,0.0891792687819701,0.004391666666666666,0.06855751041930773,0.08478760211530344,-0.0221608585142649,0.069359113727299,0.10988366393661053,0,0,0,1
2023-11-01,GOOGL,Technology,0.0681010499010854,0.0891792687819701,0.004391666666666666,0.06370938323441873,0.08478760211530344,-0.0518109587452179,0.09384716171654224,0.31287707464351433,1,0,0,0
2023-11-01,GS,Financials,0.1249301140974248,0.0891792687819701,0.004391666666666666,0.12053844743075813,0.08478760211530344,-0.0616870186181397,0.07580610915354305,-0.09227934863189369,0,1,0,0
2023-11-01,JNJ,Healthcare,0.0426048177321363,0.0891792687819701,0.004391666666666666,0.03821315106546963,0.08478760211530344,-0.0475762177514149,0.04801131210858022,-0.12280394007190487,0,0,1,0
2023-11-01,JPM,Financials,0.1306749328894498,0.0891792687819701,0.004391666666666666,0.12628326622278316,0.08478760211530344,-0.0410977374117583,0.06348446679880715,0.13940320840001608,0,1,0,0
2023-11-01,KO,Consumer,0.0345192722496516,0.0891792687819701,0.004391666666666666,0.030127605582984936,0.08478760211530344,0.0171164269953227,0.04430350531190277,-0.027202925645709253,0,0,0,1
2023-11-01,MCD,Consumer,0.0750276166204215,0.0891792687819701,0.004391666666666666,0.07063594995375483,0.08478760211530344,-0.0048207090344379,0.03990929745718662,-0.017055861421034324,0,0,0,1
2023-11-01,MRK,Healthcare,-0.0021421041006348,0.0891792687819701,0.004391666666666666,-0.006533770767301467,0.08478760211530344,0.004372423541701,0.05162315854177279,0.042580349100910686,0,0,1,0
2023-11-01,MS,Financials,0.1339968995314531,0.0891792687819701,0.004391666666666666,0.12960523286478645,0.08478760211530344,-0.1328517040638208,0.09277643919307886,-0.10696935866066482,0,1,0,0
2023-11-01,MSFT,Technology,0.1206706795076348,0.0891792687819701,0.004391666666666666,0.11627901284096813,0.08478760211530344,0.0708155000082437,0.0624404790817477,0.4706260612990967,1,0,0,0
2023-11-01,NVDA,Technology,0.146885858970007,0.0891792687819701,0.004391666666666666,0.14249419230334034,0.08478760211530344,-0.0624298106930523,0.16729736123538008,2.0232599025205555,1,0,0,0
2023-11-01,PFE,Healthcare,-0.0029450166112833,0.0891792687819701,0.004391666666666666,-0.007336683277949966,0.08478760211530344,-0.0786855763283111,0.055921572944042514,-0.3170405938667432,0,0,1,0
2023-11-01,PG,Consumer,0.0297204422539196,0.0891792687819701,0.004391666666666666,0.025328775587252935,0.08478760211530344,0.0285891477676623,0.061149083154365284,0.14323016712386405,0,0,0,1
2023-11-01,UNH,Healthcare,0.0325078549481001,0.0891792687819701,0.004391666666666666,0.028116188281433436,0.08478760211530344,0.0663538068697473,0.04609741718614236,-0.0210848161476207,0,0,1,0
2023-11-01,WMT,Consumer,-0.047243139004277,0.0891792687819701,0.004391666666666666,-0.05163480567094367,0.08478760211530344,0.0217595915253954,0.040259356563144666,0.16568299180598323,0,0,0,1
2023-12-01,AAPL,Technology,0.0149178782944976,0.0442292311563601,0.004366666666666667,0.010551211627830934,0.039862564489693435,0.1123147907948409,0.07919433854838538,0.29079815682990184,1,0,0,0
2023-12-01,ABBV,Healthcare,0.0883490644084463,0.0442292311563601,0.004366666666666667,0.08398239774177962,0.039862564489693435,0.0186659226452627,0.057107600527278216,-0.08088939065107048,0,0,1,0
2023-12-01,AMZN,Technology,0.0400438513940761,0.0442292311563601,0.004366666666666667,0.03567718472740944,0.039862564489693435,0.0976782655173829,0.10169404074403965,0.5132587005641276,1,0,0,0
2023-12-01,BAC,Financials,0.1131101745113196,0.0442292311563601,0.004366666666666667,0.10874350784465293,0.039862564489693435,0.1575551596571986,0.09879509218399932,-0.17112944414276576,0,1,0,0
2023-12-01,C,Financials,0.1303229323140331,0.0442292311563601,0.004366666666666667,0.12595626564736645,0.039862564489693435,0.1673840781222411,0.08768986505937058,-0.005120920652395333,0,1,0,0
2023-12-01,COST,Consumer,0.1156519420990382,0.0442292311563601,0.004366666666666667,0.11128527543237153,0.039862564489693435,0.0729491770859744,0.06899892511508043,0.1054883777255744,0,0,0,1
2023-12-01,GOOGL,Technology,0.0540258000038562,0.0442292311563601,0.004366666666666667,0.049659133337189534,0.039862564489693435,0.0681010499010854,0.09382857156944993,0.3123080025651237,1,0,0,0
2023-12-01,GS,Financials,0.1387765120676798,0.0442292311563601,0.004366666666666667,0.13440984540101314,0.039862564489693435,0.1249301140974248,0.07642800962836856,-0.08898904639610472,0,1,0,0
2023-12-01,JNJ,Healthcare,0.021564867051667,0.0442292311563601,0.004366666666666667,0.01719820038500033,0.039862564489693435,0.0426048177321363,0.04952880213663591,-0.10613729010003015,0,0,1,0
2023-12-01,JPM,Financials,0.0898259229540723,0.0442292311563601,0.004366666666666667,0.08545925628740562,0.039862564489693435,0.1306749328894498,0.06688517662786964,0.16321086016806197,0,1,0,0
2023-12-01,KO,Consumer,0.0164140419322595,0.0442292311563601,0.004366666666666667,0.012047375265592832,0.039862564489693435,0.0345192722496516,0.04122021883769044,-0.053109939420762475,0,0,0,1
2023-12-01,MCD,Consumer,0.0583545791944022,0.0442292311563601,0.004366666666666667,0.053987912527735535,0.039862564489693435,0.0750276166204215,0.04551897356218595,0.05618853224278553,0,0,0,1
2023-12-01,MRK,Healthcare,0.063817296125862,0.0442292311563601,0.004366666666666667,0.05945062945919533,0.039862564489693435,-0.0021421041006348,0.04443216587098936,-0.04392383137279021,0,0,1,0
2023-12-01,MS,Financials,0.1753214087557908,0.0442292311563601,0.004366666666666667,0.17095474208912415,0.039862564489693435,0.1339968995314531,0.0913994020195231,-0.11449635997014518,0,1,0,0
2023-12-01,MSFT,Technology,-0.0055601029090456,0.0442292311563601,0.004366666666666667,-0.009926769575712268,0.039862564489693435,0.1206706795076348,0.06473912365453405,0.49945362539106086,1,0,0,0
2023-12-01,NVDA,Technology,0.0588410548891511,0.0442292311563601,0.004366666666666667,0.05447438822248443,0.039862564489693435,0.146885858970007,0.16159206933475898,1.765384421134267,1,0,0,0
2023-12-01,PFE,Healthcare,-0.0423971711542552,0.0442292311563601,0.004366666666666667,-0.04676383782092187,0.039862564489693435,-0.0029450166112833,0.04592878482758355,-0.3676813809388696,0,0,1,0
2023-12-01,PG,Consumer,-0.045466538887179,0.0442292311563601,0.004366666666666667,-0.04983320555384566,0.039862564489693435,0.0297204422539196,0.052471895942281244,0.05535866760928099,0,0,0,1
2023-12-01,UNH,Healthcare,-0.0479230360101253,0.0442292311563601,0.004366666666666667,-0.05228970267679196,0.039862564489693435,0.0325078549481001,0.04685884167797649,0.024373948767935083,0,0,1,0
2023-12-01,WMT,Consumer,0.012589084455401,0.0442292311563601,0.004366666666666667,0.008222417788734334,0.039862564489693435,-0.047243139004277,0.039410704732624,0.03709150453755927,0,0,0,1
2024-01-01,AAPL,Technology,-0.0422273342651711,0.0158957075989916,0.00435,-0.0465773342651711,0.011545707598991602,0.0149178782944976,0.06499086851678434,0.49008024138580897,1,0,0,0
2024-01-01,ABBV,Healthcare,0.0608503237027733,0.0158957075989916,0.00435,0.0565003237027733,0.011545707598991602,0.0883490644084463,0.06324993941579818,-0.002348109291087641,0,0,1,0
2024-01-01,AMZN,Technology,0.0214558013324577,0.0158957075989916,0.00435,0.0171058013324577,0.011545707598991602,0.0400438513940761,0.08664389748581776,0.8088095528738835,1,0,0,0
2024-01-01,BAC,Financials,0.0100980727672632,0.0158957075989916,0.00435,0.005748072767263201,0.011545707598991602,0.1131101745113196,0.09773139843310111,0.05438813569071432,0,1,0,0
2024-01-01,C,Financials,0.0919518002875554,0.0158957075989916,0.00435,0.0876018002875554,0.011545707598991602,0.1303229323140331,0.09273328127189893,0.1898286175483288,0,1,0,0
2024-01-01,COST,Consumer,0.0766599181238167,0.0158957075989916,0.00435,0.07230991812381671,0.011545707598991602,0.1156519420990382,0.05259491375066631,0.4569083725392482,0,0,0,1
2024-01-01,GOOGL,Technology,0.0029348943197804,0.0158957075989916,0.00435,-0.0014151056802195997,0.011545707598991602,0.0540258000038562,0.08055879504360057,0.5832484794344168,1,0,0,0
2024-01-01,GS,Financials,-0.0045620722822449,0.0158957075989916,0.00435,-0.0089120722822449,0.011545707598991602,0.1387765120676798,0.07979289328557453,0.15905563221967567,0,1,0,0
2024-01-01,JNJ,Healthcare,0.0137806847496204,0.0158957075989916,0.00435,0.0094306847496204,0.011545707598991602,0.021564867051667,0.05025105481980472,-0.08578366883543731,0,0,1,0
2024-01-01,JPM,Financials,0.0250439888640774,0.0158957075989916,0.00435,0.0206939888640774,0.011545707598991602,0.0898259229540723,0.06856377215536455,0.3062668357959404,0,1,0,0
2024-01-01,KO,Consumer,0.0095027470574551,0.0158957075989916,0.00435,0.005152747057455101,0.011545707598991602,0.0164140419322595,0.04152974811437234,-0.044345289624737716,0,0,0,1
2024-01-01,MCD,Consumer,-0.0127819589108882,0.0158957075989916,0.00435,-0.0171319589108882,0.011545707598991602,0.0583545791944022,0.04651460789647094,0.15062009075056593,0,0,0,1
2024-01-01,MRK,Healthcare,0.1158920454506748,0.0158957075989916,0.00435,0.11154204545067481,0.011545707598991602,0.063817296125862,0.04841859090179149,0.009481484175597243,0,0,1,0
2024-01-01,MS,Financials,-0.0644504747786666,0.0158957075989916,0.00435,-0.0688004747786666,0.011545707598991602,0.1753214087557908,0.10123446019105849,0.13929357219266936,0,1,0,0
2024-01-01,MSFT,Technology,0.0572812015061516,0.0158957075989916,0.00435,0.0529312015061516,0.011545707598991602,-0.0055601029090456,0.0594411028515549,0.5819126174412415,1,0,0,0
2024-01-01,NVDA,Technology,0.2425267342515915,0.0158957075989916,0.00435,0.2381767342515915,0.011545707598991602,0.0588410548891511,0.1446583750224841,2.3898741752324986,1,0,0,0
2024-01-01,PFE,Healthcare,-0.0593955794757288,0.0158957075989916,0.00435,-0.0637455794757288,0.011545707598991602,-0.0423971711542552,0.04073804387010873,-0.4126410661456166,0,0,1,0
2024-01-01,PG,Consumer,0.0723352720771211,0.0158957075989916,0.00435,0.0679852720771211,0.011545707598991602,-0.045466538887179,0.05434676554294157,-0.00857662815933391,0,0,0,1
2024-01-01,UNH,Healthcare,-0.0246626977070806,0.0158957075989916,0.00435,-0.0290126977070806,0.011545707598991602,-0.0479230360101253,0.04814210513209426,0.007621679030075157,0,0,1,0
2024-01-01,WMT,Consumer,0.0521011920331826,0.0158957075989916,0.00435,0.0477511920331826,0.011545707598991602,0.012589084455401,0.03190444324012347,0.12887718545156135,0,0,0,1
2024-02-01,AAPL,Technology,-0.0197939257253919,0.0517206406237231,0.004366666666666667,-0.024160592392058568,0.047353973957056435,-0.0422273342651711,0.06395227430939457,0.2851250890612602,1,0,0,0
2024-02-01,ABBV,Healthcare,0.0810952197914636,0.0517206406237231,0.004366666666666667,0.07672855312479693,0.047353973957056435,0.0608503237027733,0.05884226183597796,0.15764067264744264,0,0,1,0
2024-02-01,AMZN,Technology,0.1389175127740745,0.0517206406237231,0.004366666666666667,0.13455084610740783,0.047353973957056435,0.0214558013324577,0.06732764722282064,0.504896742767037,1,0,0,0
2024-02-01,BAC,Financials,0.0149954437415089,0.0517206406237231,0.004366666666666667,0.010628777074842232,0.047353973957056435,0.0100980727672632,0.09533151153852297,-0.011585446800294497,0,1,0,0
2024-02-01,C,Financials,-0.0121061020106351,0.0517206406237231,0.004366666666666667,-0.016472768677301765,0.047353973957056435,0.0919518002875554,0.08588812856642733,0.12532404368338423,0,1,0,0
2024-02-01,COST,Consumer,0.0705301860514742,0.0517206406237231,0.004366666666666667,0.06616351938480752,0.047353973957056435,0.0766599181238167,0.04735870802348992,0.40091462958175716,0,0,0,1
2024-02-01,GOOGL,Technology,-0.0117058829605091,0.0517206406237231,0.004366666666666667,-0.016072549627175768,0.047353973957056435,0.0029348943197804,0.07723778806719629,0.417442328613403,1,0,0,0
2024-02-01,GS,Financials,0.0131244194121651,0.0517206406237231,0.004366666666666667,0.008757752745498434,0.047353973957056435,-0.0045620722822449,0.07834046062006358,0.08302352294398307,0,1,0,0
2024-02-01,JNJ,Healthcare,0.0156072357929959,0.0517206406237231,0.004366666666666667,0.011240569126329234,0.047353973957056435,0.0137806847496204,0.045544549622129574,0.001847050294086161,0,0,1,0
2024-02-01,JPM,Financials,0.0736825865338202,0.0517206406237231,0.004366666666666667,0.06931591986715353,0.047353973957056435,0.0250439888640774,0.06830349056116457,0.28291928679120715,0,1,0,0
2024-02-01,KO,Consumer,0.0089090724018567,0.0517206406237231,0.004366666666666667,0.004542405735190032,0.047353973957056435,0.0095027470574551,0.04029885353965278,0.0007643496885423318,0,0,0,1
2024-02-01,MCD,Consumer,-0.0015031019523952,0.0517206406237231,0.004366666666666667,-0.005869768619061867,0.047353973957056435,-0.0127819589108882,0.047082629800852094,0.11947316823305854,0,0,0,1
2024-02-01,MRK,Healthcare,0.0527405533688636,0.0517206406237231,0.004366666666666667,0.04837388670219694,0.047353973957056435,0.1158920454506748,0.057509045149761295,0.15593995457224508,0,0,1,0
2024-02-01,MS,Financials,-0.0040939327884049,0.0517206406237231,0.004366666666666667,-0.008460599455071566,0.047353973957056435,-0.0644504747786666,0.0947581263536833,-0.0689419109189201,0,1,0,0
2024-02-01,MSFT,Technology,0.0403943785407994,0.0517206406237231,0.004366666666666667,0.036027711874132735,0.047353973957056435,0.0572812015061516,0.059580672018549705,0.6186001469577884,1,0,0,0
2024-02-01,NVDA,Technology,0.2858095456014653,0.0517206406237231,0.004366666666666667,0.28144287893479863,0.047353973957056435,0.2425267342515915,0.13369122353808244,2.150651819886446,1,0,0,0
2024-02-01,PFE,Healthcare,-0.0044430082737019,0.0517206406237231,0.004366666666666667,-0.008809674940368568,0.047353973957056435,-0.0593955794757288,0.028411392868055402,-0.35895187407484597,0,0,1,0
2024-02-01,PG,Consumer,0.0178426985112152,0.0517206406237231,0.004366666666666667,0.013476031844548531,0.047353973957056435,0.0723352720771211,0.054280975238766245,0.13168405642028924,0,0,0,1
2024-02-01,UNH,Healthcare,-0.0354477019184849,0.0517206406237231,0.004366666666666667,-0.03981436858515156,0.047353973957056435,-0.0246626977070806,0.04555989861442924,0.0405745344656705,0,0,1,0
2024-02-01,WMT,Consumer,0.0640242256514587,0.0517206406237231,0.004366666666666667,0.05965755898479203,0.047353973957056435,0.0521011920331826,0.034061080517068076,0.16612591764975715,0,0,0,1
2024-03-01,AAPL,Technology,-0.0500757019139171,0.0310187799153429,0.004366666666666667,-0.054442368580583766,0.02665211324867623,-0.0197939257253919,0.06513761999099818,0.2330254132982208,1,0,0,0
2024-03-01,ABBV,Healthcare,0.0343654376171405,0.0310187799153429,0.004366666666666667,0.02999877095047383,0.02665211324867623,0.0810952197914636,0.061138170519258954,0.1901937807996561,0,0,1,0
2024-03-01,AMZN,Technology,0.0204798058863742,0.0310187799153429,0.004366666666666667,0.016113139219707532,0.02665211324867623,0.1389175127740745,0.06101744159978385,0.8758355959862076,1,0,0,0
2024-03-01,BAC,Financials,0.1062319914787404,0.0310187799153429,0.004366666666666667,0.10186532481207373,0.02665211324867623,0.0149954437415089,0.09466916364574804,0.03774983871956494,0,1,0,0
2024-03-01,C,Financials,0.1505422542987922,0.0310187799153429,0.004366666666666667,0.14617558763212554,0.02665211324867623,-0.0121061020106351,0.08525579941721553,0.14525559510297614,0,1,0,0
2024-03-01,COST,Consumer,-0.0136887986270604,0.0310187799153429,0.004366666666666667,-0.018055465293727067,0.02665211324867623,0.0705301860514742,0.04081685313712146,0.5832284463092594,0,0,0,1
2024-03-01,GOOGL,Technology,0.0900618832245985,0.0310187799153429,0.004366666666666667,0.08569521655793183,0.02665211324867623,-0.0117058829605091,0.06902935309531141,0.5374197764882136,1,0,0,0
2024-03-01,GS,Financials,0.0812235112517452,0.0310187799153429,0.004366666666666667,0.07685684458507853,0.02665211324867623,0.0131244194121651,0.0768622901141157,0.14142041062210908,0,1,0,0
2024-03-01,JNJ,Healthcare,-0.0123243883674004,0.0310187799153429,0.004366666666666667,-0.01669105503406707,0.02665211324867623,0.0156072357929959,0.0410321730288552,0.08493481495679034,0,0,1,0
2024-03-01,JPM,Financials,0.076534593047868,0.0310187799153429,0.004366666666666667,0.07216792638120133,0.02665211324867623,0.0736825865338202,0.06984181606160432,0.33501224956396003,0,1,0,0
2024-03-01,KO,Consumer,0.0193269297684295,0.0310187799153429,0.004366666666666667,0.014960263101762832,0.02665211324867623,0.0089090724018567,0.0391801446593446,0.04038954350507318,0,0,0,1
2024-03-01,MCD,Consumer,-0.0298544603643808,0.0310187799153429,0.004366666666666667,-0.03422112703104747,0.02665211324867623,-0.0015031019523952,0.04667477852869682,0.1325723597970021,0,0,0,1
2024-03-01,MRK,Healthcare,0.0377507328326758,0.0310187799153429,0.004366666666666667,0.033384066166009134,0.02665211324867623,0.0527405533688636,0.057973963880320646,0.23030640388535817,0,0,1,0
2024-03-01,MS,Financials,0.0943748209468684,0.0310187799153429,0.004366666666666667,0.09000815428020173,0.02665211324867623,-0.0040939327884049,0.09475898221669161,-0.07226127659313042,0,1,0,0
2024-03-01,MSFT,Technology,0.0189972430441318,0.0310187799153429,0.004366666666666667,0.014630576377465131,0.02665211324867623,0.0403943785407994,0.0585133188195606,0.67311256411418,1,0,0,0
2024-03-01,NVDA,Technology,0.1421276460080553,0.0310187799153429,0.004366666666666667,0.13776097934138865,0.02665211324867623,0.2858095456014653,0.1417489245383429,2.4091625254850135,1,0,0,0
2024-03-01,PFE,Healthcare,0.0448042611324839,0.0310187799153429,0.004366666666666667,0.04043759446581723,0.02665211324867623,-0.0044430082737019,0.027178069159082476,-0.3116456201374963,0,0,1,0
2024-03-01,PG,Consumer,0.0208252291341395,0.0310187799153429,0.004366666666666667,0.01645856246747283,0.02665211324867623,0.0178426985112152,0.05284098869254316,0.18480283493291605,0,0,0,1
2024-03-01,UNH,Healthcare,0.0022285262250119,0.0310187799153429,0.004366666666666667,-0.002138140441654767,0.02665211324867623,-0.0354477019184849,0.044532678062488486,0.052719454152850176,0,0,1,0
2024-03-01,WMT,Consumer,0.0266164183737844,0.0310187799153429,0.004366666666666667,0.02224975170711773,0.02665211324867623,0.0640242256514587,0.0359158064606842,0.25597615725185996,0,0,0,1
2024-04-01,AAPL,Technology,-0.0067062376359444,-0.0416150717378986,0.004366666666666667,-0.011072904302611066,-0.045981738404565264,-0.0500757019139171,0.05948497564150993,0.045453447823716964,1,0,0,0
2024-04-01,ABBV,Healthcare,-0.1068645901343203,-0.0416150717378986,0.004366666666666667,-0.11123125680098697,-0.045981738404565264,0.0343654376171405,0.06110543915636605,0.18884105348542835,0,0,1,0
2024-04-01,AMZN,Technology,-0.029825949313549,-0.0416150717378986,0.004366666666666667,-0.03419261598021567,-0.045981738404565264,0.0204798058863742,0.06033779421640896,0.7463452733467482,1,0,0,0
2024-04-01,BAC,Financials,-0.0239980056049451,-0.0416150717378986,0.004366666666666667,-0.02836467227161177,-0.045981738404565264,0.1062319914787404,0.08097944408375787,0.3767877930648835,0,1,0,0
2024-04-01,C,Financials,-0.0302024171016999,-0.0416150717378986,0.004366666666666667,-0.034569083768366565,-0.045981738404565264,0.1505422542987922,0.08946672114236687,0.41053776897567995,0,1,0,0
2024-04-01,COST,Consumer,-0.0132810157395603,-0.0416150717378986,0.004366666666666667,-0.017647682406226967,-0.045981738404565264,-0.0136887986270604,0.04358915127860842,0.5190296799521077,0,0,0,1
2024-04-01,GOOGL,Technology,0.0785133504732411,-0.0416150717378986,0.004366666666666667,0.07414668380657442,-0.045981738404565264,0.0900618832245985,0.06174037526222679,0.45502708398260716,1,0,0,0
2024-04-01,GS,Financials,0.0215947913369114,-0.0416150717378986,0.004366666666666667,0.017228124670244732,-0.045981738404565264,0.0812235112517452,0.07426731664437917,0.3267156768892454,0,1,0,0
2024-04-01,JNJ,Healthcare,-0.0859725796528584,-0.0416150717378986,0.004366666666666667,-0.09033924631952507,-0.045981738404565264,-0.0123243883674004,0.04124714184407706,0.05196794574000507,0,0,1,0
2024-04-01,JPM,Financials,-0.0427358713679796,-0.0416150717378986,0.004366666666666667,-0.047102538034646264,-0.045981738404565264,0.076534593047868,0.060299423442187264,0.5810052127971799,0,1,0,0
2024-04-01,KO,Consumer,0.0177195268478496,-0.0416150717378986,0.004366666666666667,0.013352860181182931,-0.045981738404565264,0.0193269297684295,0.037667654460117425,0.017414059883032795,0,0,0,1
2024-04-01,MCD,Consumer,-0.0316012700396585,-0.0416150717378986,0.004366666666666667,-0.035967936706325164,-0.045981738404565264,-0.0298544603643808,0.04469179102941489,0.031111771597442273,0,0,0,1
2024-04-01,MRK,Healthcare,-0.0144777562070055,-0.0416150717378986,0.004366666666666667,-0.018844422873672165,-0.045981738404565264,0.0377507328326758,0.05792451203042278,0.27495127352197457,0,0,1,0
2024-04-01,MS,Financials,-0.0352590943998523,-0.0416150717378986,0.004366666666666667,-0.039625761066518966,-0.045981738404565264,0.0943748209468684,0.09416072845999354,0.1158982001047737,0,1,0,0
2024-04-01,MSFT,Technology,-0.0746102420299122,-0.0416150717378986,0.004366666666666667,-0.07897690869657888,-0.045981738404565264,0.0189972430441318,0.0465649881822845,0.47129034076156273,1,0,0,0
2024-04-01,NVDA,Technology,-0.0437154762902688,-0.0416150717378986,0.004366666666666667,-0.04808214295693546,-0.045981738404565264,0.1421276460080553,0.13979695035652384,2.254350137359359,1,0,0,0
2024-04-01,PFE,Healthcare,-0.0767569002744509,-0.0416150717378986,0.004366666666666667,-0.08112356694111757,-0.045981738404565264,0.0448042611324839,0.03349840050471998,-0.2848587881955055,0,0,1,0
2024-04-01,PG,Consumer,0.0058553450361094,-0.0416150717378986,0.004366666666666667,0.0014886783694427327,-0.045981738404565264,0.0208252291341395,0.048771450421062644,0.11894296140292004,0,0,0,1
2024-04-01,UNH,Healthcare,-0.0183811919631584,-0.0416150717378986,0.004366666666666667,-0.022747858629825066,-0.045981738404565264,0.0022285262250119,0.04438137038217632,0.0625443481012995,0,0,1,0
2024-04-01,WMT,Consumer,-0.0102684834001792,-0.0416150717378986,0.004366666666666667,-0.014635150066845869,-0.045981738404565264,0.0266164183737844,0.03556605315308317,0.24288392104323875,0,0,0,1
2024-05-01,AAPL,Technology,0.1286913821979769,0.0480211901511991,0.0043749999999999995,0.1243163821979769,0.0436461901511991,-0.0067062376359444,0.05908424166495033,0.009188989138144255,1,0,0,0
2024-05-01,ABBV,Healthcare,0.0006508601121955,0.0480211901511991,0.0043749999999999995,-0.0037241398878044996,0.0436461901511991,-0.1068645901343203,0.06832136531226157,0.11976182503676136,0,0,1,0
2024-05-01,AMZN,Technology,0.0082285853794643,0.0480211901511991,0.0043749999999999995,0.0038535853794643008,0.0436461901511991,-0.029825949313549,0.06415467037243539,0.6595543391612888,1,0,0,0
2024-05-01,BAC,Financials,0.0805189174449223,0.0480211901511991,0.0043749999999999995,0.0761439174449223,0.0436461901511991,-0.0239980056049451,0.08245936831409804,0.3040822454239718,0,1,0,0
2024-05-01,C,Financials,0.0159791210697366,0.0480211901511991,0.0043749999999999995,0.0116041210697366,0.0436461901511991,-0.0302024171016999,0.09099053282493313,0.3627048319009649,0,1,0,0
2024-05-01,COST,Consumer,0.122132990173476,0.0480211901511991,0.0043749999999999995,0.11775799017347599,0.0436461901511991,-0.0132810157395603,0.04547545364672839,0.47994175791582494,0,0,0,1
2024-05-01,GOOGL,Technology,0.0597123977202596,0.0480211901511991,0.0043749999999999995,0.055337397720259605,0.0436461901511991,0.0785133504732411,0.06310362272076098,0.5164897794345,1,0,0,0
2024-05-01,GS,Financials,0.0698602339690521,0.0480211901511991,0.0043749999999999995,0.06548523396905209,0.0436461901511991,0.0215947913369114,0.07361880157796599,0.2817429576771455,0,1,0,0
2024-05-01,JNJ,Healthcare,0.0143855317556309,0.0480211901511991,0.0043749999999999995,0.010010531755630901,0.0436461901511991,-0.0859725796528584,0.04542237491982087,-0.08957362970711191,0,0,1,0
2024-05-01,JPM,Financials,0.0629600156234044,0.0480211901511991,0.0043749999999999995,0.05858501562340441,0.0436461901511991,-0.0427358713679796,0.06440232404358905,0.4266225625455249,0,1,0,0
2024-05-01,KO,Consumer,0.0187793842036909,0.0480211901511991,0.0043749999999999995,0.0144043842036909,0.0436461901511991,0.0177195268478496,0.03593077706034212,-0.006398354101393222,0,0,0,1
2024-05-01,MCD,Consumer,-0.0518238992078945,0.0480211901511991,0.0043749999999999995,-0.0561988992078945,0.0436461901511991,-0.0316012700396585,0.04220169104835927,-0.05596559881989427,0,0,0,1
2024-05-01,MRK,Healthcare,-0.0284785933323777,0.0480211901511991,0.0043749999999999995,-0.0328535933323777,0.0436461901511991,-0.0144777562070055,0.05414124321641676,0.14969521765728389,0,0,1,0
2024-05-01,MS,Financials,0.0870116581589643,0.0480211901511991,0.0043749999999999995,0.0826366581589643,0.0436461901511991,-0.0352590943998523,0.09507923202122594,0.05058707867865109,0,1,0,0
2024-05-01,MSFT,Technology,0.0662677692099211,0.0480211901511991,0.0043749999999999995,0.0618927692099211,0.0436461901511991,-0.0746102420299122,0.054690288639075074,0.2775021374817248,1,0,0,0
2024-05-01,NVDA,Technology,0.2688711393283107,0.0480211901511991,0.0043749999999999995,0.2644961393283107,0.0436461901511991,-0.0437154762902688,0.14342718526996892,2.114696530910047,1,0,0,0
2024-05-01,PFE,Healthcare,0.1186574303574214,0.0480211901511991,0.0043749999999999995,0.1142824303574214,0.0436461901511991,-0.0767569002744509,0.036118864202751656,-0.30732407887828017,0,0,1,0
2024-05-01,PG,Consumer,0.0147207046008053,0.0480211901511991,0.0043749999999999995,0.010345704600805302,0.0436461901511991,0.0058553450361094,0.047014140121912115,0.07014837315517952,0,0,0,1
2024-05-01,UNH,Healthcare,0.0241265200058236,0.0480211901511991,0.0043749999999999995,0.0197515200058236,0.0436461901511991,-0.0183811919631584,0.04306830930362258,-0.0018729654336535617,0,0,1,0
2024-05-01,WMT,Consumer,0.1080032886257975,0.0480211901511991,0.0043749999999999995,0.1036282886257975,0.0436461901511991,-0.0102684834001792,0.0363760390233345,0.19653581820950672,0,0,0,1
2024-06-01,AAPL,Technology,0.0970385772267228,0.0346698012830832,0.004366666666666667,0.09267191056005612,0.030303134616416535,0.1286913821979769,0.06874878792024527,0.0904154649083666,1,0,0,0
2024-06-01,ABBV,Healthcare,0.0637556642328538,0.0346698012830832,0.004366666666666667,0.05938899756618713,0.030303134616416535,0.0006508601121955,0.06236800600762942,0.21618613705376277,0,0,1,0
2024-06-01,AMZN,Technology,0.0952731655293201,0.0346698012830832,0.004366666666666667,0.09090649886265342,0.030303134616416535,0.0082285853794643,0.05671821980650211,0.4632609036498221,1,0,0,0
2024-06-01,BAC,Financials,-0.005501581675848,0.0346698012830832,0.004366666666666667,-0.009868248342514667,0.030303134616416535,0.0805189174449223,0.0801004576006523,0.4846357160824919,0,1,0,0
2024-06-01,C,Financials,0.0273035178421425,0.0346698012830832,0.004366666666666667,0.022936851175475833,0.030303134616416535,0.0159791210697366,0.08782660840939953,0.4544399110644666,0,1,0,0
2024-06-01,COST,Consumer,0.0495128737966392,0.0346698012830832,0.004366666666666667,0.04514620712997253,0.030303134616416535,0.122132990173476,0.05157353879144953,0.6336170852737353,0,0,0,1
2024-06-01,GOOGL,Technology,0.0559421381959512,0.0346698012830832,0.004366666666666667,0.05157547152928454,0.030303134616416535,0.0597123977202596,0.054047761259011125,0.4039225552061143,1,0,0,0
2024-06-01,GS,Financials,-0.003203962572035,0.0346698012830832,0.004366666666666667,-0.007570629238701667,0.030303134616416535,0.0698602339690521,0.07007317295386235,0.454011552338629,0,1,0,0
2024-06-01,JNJ,Healthcare,0.0045781401218343,0.0346698012830832,0.004366666666666667,0.00021147345516763297,0.030303134616416535,0.0143855317556309,0.04333677987696737,-0.0250175156916137,0,0,1,0
2024-06-01,JPM,Financials,-0.0018260196847545,0.0346698012830832,0.004366666666666667,-0.0061926863514211675,0.030303134616416535,0.0629600156234044,0.06348293857255384,0.5326847227583775,0,1,0,0
2024-06-01,KO,Consumer,0.0114412401012,0.0346698012830832,0.004366666666666667,0.007074573434533333,0.030303134616416535,0.0187793842036909,0.028580595701378345,0.0884436264432722,0,0,0,1
2024-06-01,MCD,Consumer,-0.0156438789795089,0.0346698012830832,0.004366666666666667,-0.02001054564617557,0.030303134616416535,-0.0518238992078945,0.043521187244163824,-0.0714843921423699,0,0,0,1
2024-06-01,MRK,Healthcare,-0.0138600545297674,0.0346698012830832,0.004366666666666667,-0.018226721196434068,0.030303134616416535,-0.0284785933323777,0.05284264510863395,0.16814247444085817,0,0,1,0
2024-06-01,MS,Financials,-0.0066434143319146,0.0346698012830832,0.004366666666666667,-0.011010080998581268,0.030303134616416535,0.0870116581589643,0.09286136841472867,0.24588532898013726,0,1,0,0
2024-06-01,MSFT,Technology,0.0785926117976474,0.0346698012830832,0.004366666666666667,0.07422594513098073,0.030303134616416535,0.0662677692099211,0.05450011545175702,0.2745123070042632,1,0,0,0
2024-06-01,NVDA,Technology,0.1268504627363709,0.0346698012830832,0.004366666666666667,0.12248379606970423,0.030303134616416535,0.2688711393283107,0.13008326666845194,1.898667329719883,1,0,0,0
2024-06-01,PFE,Healthcare,-0.0090034940635463,0.0346698012830832,0.004366666666666667,-0.013370160730212965,0.030303134616416535,0.1186574303574214,0.05608392332952518,-0.20740194322858496,0,0,1,0
2024-06-01,PG,Consumer,0.0023095992873092,0.0346698012830832,0.004366666666666667,-0.002057067379357467,0.030303134616416535,0.0147207046008053,0.03757133535249127,0.18425792069409774,0,0,0,1
2024-06-01,UNH,Healthcare,0.0280396236010178,0.0346698012830832,0.004366666666666667,0.023672956934351133,0.030303134616416535,0.0241265200058236,0.043427837115799964,0.03238351582035892,0,0,1,0
2024-06-01,WMT,Consumer,0.0332172800066794,0.0346698012830832,0.004366666666666667,0.028850613340012734,0.030303134616416535,0.1080032886257975,0.0423472597627995,0.3627754358437769,0,0,0,1
2024-07-01,AAPL,Technology,0.0544108950108988,0.0113213168878687,0.004333333333333334,0.05007756167756546,0.006987983554535366,0.0970385772267228,0.06888621851640235,0.09160460739953846,1,0,0,0
2024-07-01,ABBV,Healthcare,0.0804571647688738,0.0113213168878687,0.004333333333333334,0.07612383143554047,0.006987983554535366,0.0637556642328538,0.06215325798850389,0.3247404884982481,0,0,1,0
2024-07-01,AMZN,Technology,-0.0324450415133813,0.0113213168878687,0.004333333333333334,-0.03677837484671463,0.006987983554535366,0.0952731655293201,0.057929802411794074,0.48243325479590804,1,0,0,0
2024-07-01,BAC,Financials,0.0197429578695538,0.0113213168878687,0.004333333333333334,0.015409624536220464,0.006987983554535366,-0.005501581675848,0.08101201749836001,0.43015114370733953,0,1,0,0
2024-07-01,C,Financials,0.0223762722703113,0.0113213168878687,0.004333333333333334,0.018042938936977965,0.006987983554535366,0.0273035178421425,0.08784605295970394,0.43833154820544573,0,1,0,0
2024-07-01,COST,Consumer,-0.0329296886539797,0.0113213168878687,0.004333333333333334,-0.03726302198731304,0.006987983554535366,0.0495128737966392,0.05148912041197646,0.625701853496214,0,0,0,1
2024-07-01,GOOGL,Technology,-0.0571679889754126,0.0113213168878687,0.004333333333333334,-0.061501322308745936,0.006987983554535366,0.0559421381959512,0.051467549122594124,0.521721170378161,1,0,0,0
2024-07-01,GS,Financials,0.1253757121164518,0.0113213168878687,0.004333333333333334,0.12104237878311846,0.006987983554535366,-0.003203962572035,0.07035894737707338,0.4444655008607534,0,1,0,0
2024-07-01,JNJ,Healthcare,0.0799808891622235,0.0113213168878687,0.004333333333333334,0.07564755582889017,0.006987983554535366,0.0045781401218343,0.03615945022885904,-0.0893210510968061,0,0,1,0
2024-07-01,JPM,Financials,0.0521112281178326,0.0113213168878687,0.004333333333333334,0.047777894784499265,0.006987983554535366,-0.0018260196847545,0.06348702426707094,0.4275360747763084,0,1,0,0
2024-07-01,KO,Consumer,0.0566827565120175,0.0113213168878687,0.004333333333333334,0.052349423178684164,0.006987983554535366,0.0114412401012,0.02859926715342997,0.09065909325805377,0,0,0,1
2024-07-01,MCD,Consumer,0.048199399292246,0.0113213168878687,0.004333333333333334,0.04386606595891267,0.006987983554535366,-0.0156438789795089,0.04036139002522103,-0.12674625514603954,0,0,0,1
2024-07-01,MRK,Healthcare,-0.0807206454837182,0.0113213168878687,0.004333333333333334,-0.08505397881705153,0.006987983554535366,-0.0138600545297674,0.05245727260513403,0.10223619015589347,0,0,1,0
2024-07-01,MS,Financials,0.0619403808517187,0.0113213168878687,0.004333333333333334,0.057607047518385364,0.006987983554535366,-0.0066434143319146,0.09292637678377909,0.18485781767133824,0,1,0,0
2024-07-01,MSFT,Technology,-0.0639892320236609,0.0113213168878687,0.004333333333333334,-0.06832256535699423,0.006987983554535366,0.0785926117976474,0.05678339289336501,0.3227413187094448,1,0,0,0
2024-07-01,NVDA,Technology,-0.052698658344975,0.0113213168878687,0.004333333333333334,-0.05703199167830834,0.006987983554535366,0.1268504627363709,0.13021881510837893,1.9213660784986502,1,0,0,0
2024-07-01,PFE,Healthcare,0.0914940753989488,0.0113213168878687,0.004333333333333334,0.08716074206561547,0.006987983554535366,-0.0090034940635463,0.056089273248722725,-0.19455882252484713,0,0,1,0
2024-07-01,PG,Consumer,-0.0252243820644124,0.0113213168878687,0.004333333333333334,-0.029557715397745734,0.006987983554535366,0.0023095992873092,0.034189713632230376,0.11471251571615437,0,0,0,1
2024-07-01,UNH,Healthcare,0.1361666525293885,0.0113213168878687,0.004333333333333334,0.13183331919605518,0.006987983554535366,0.0280396236010178,0.043601259750306424,0.07590503826681849,0,0,1,0
2024-07-01,WMT,Consumer,0.0137352218292448,0.0113213168878687,0.004333333333333334,0.009401888495911465,0.006987983554535366,0.0332172800066794,0.03975442789426221,0.31070568205822013,0,0,0,1
2024-08-01,AAPL,Technology,0.031159916012226,0.0228347069366303,0.004208333333333333,0.026951582678892666,0.01862637360329697,0.0544108950108988,0.07010733044417829,0.13646950262319324,1,0,0,0
2024-08-01,ABBV,Healthcare,0.0690338772710512,0.0228347069366303,0.004208333333333333,0.06482554393771787,0.01862637360329697,0.0804571647688738,0.05897739395199085,0.28922621856986863,0,0,1,0
2024-08-01,AMZN,Technology,-0.0453524222981363,0.0228347069366303,0.004208333333333333,-0.04956075563146963,0.01862637360329697,-0.0324450415133813,0.06110740100052847,0.3987133899762265,1,0,0,0
2024-08-01,BAC,Financials,0.0109153075243235,0.0228347069366303,0.004208333333333333,0.006706974190990167,0.01862637360329697,0.0197429578695538,0.07577807433835547,0.2971836981346414,0,1,0,0
2024-08-01,C,Financials,-0.0345252740626544,0.0228347069366303,0.004208333333333333,-0.03873360739598773,0.01862637360329697,0.0223762722703113,0.08791091444225899,0.4205321384838363,0,1,0,0
2024-08-01,COST,Consumer,0.0871659640044713,0.0228347069366303,0.004208333333333333,0.08295763067113797,0.01862637360329697,-0.0329296886539797,0.05591306401698572,0.5096649019470765,0,0,0,1
2024-08-01,GOOGL,Technology,-0.0475689230830735,0.0228347069366303,0.004208333333333333,-0.05177725641640683,0.01862637360329697,-0.0571679889754126,0.05264959874688663,0.2939783849452491,1,0,0,0
2024-08-01,GS,Financials,0.0023966550982152,0.0228347069366303,0.004208333333333333,-0.001811678235118133,0.01862637360329697,0.1253757121164518,0.07260456975188248,0.47331955275716275,0,1,0,0
2024-08-01,JNJ,Healthcare,0.0507444176096747,0.0228347069366303,0.004208333333333333,0.046536084276341365,0.01862637360329697,0.0799808891622235,0.04392012313199083,-0.02828411567276956,0,0,1,0
2024-08-01,JPM,Financials,0.0622446463285504,0.0228347069366303,0.004208333333333333,0.05803631299521707,0.01862637360329697,0.0521112281178326,0.061580545043716864,0.3828830133380059,0,1,0,0
2024-08-01,KO,Consumer,0.0858555307139266,0.0228347069366303,0.004208333333333333,0.08164719738059327,0.01862637360329697,0.0566827565120175,0.03096932246087465,0.11218831037430843,0,0,0,1
2024-08-01,MCD,Consumer,0.0876412477306278,0.0228347069366303,0.004208333333333333,0.08343291439729447,0.01862637360329697,0.048199399292246,0.04375241814325737,-0.07330984379928962,0,0,0,1
2024-08-01,MRK,Healthcare,0.0470254473193743,0.0228347069366303,0.004208333333333333,0.04281711398604097,0.01862637360329697,-0.0807206454837182,0.054057558131867044,0.08902408795163153,0,0,1,0
2024-08-01,MS,Financials,0.0129055151014729,0.0228347069366303,0.004208333333333333,0.008697181768139568,0.01862637360329697,0.0619403808517187,0.09243301859525224,0.1735955893719361,0,1,0,0
2024-08-01,MSFT,Technology,-0.0028923296286628,0.0228347069366303,0.004208333333333333,-0.007100662961996133,0.01862637360329697,-0.0639892320236609,0.061563700242211666,0.25512794247036474,1,0,0,0
2024-08-01,NVDA,Technology,0.0200821456237347,0.0228347069366303,0.004208333333333333,0.015873812290401364,0.01862637360329697,-0.052698658344975,0.13749917528350353,1.5049758664200987,1,0,0,0
2024-08-01,PFE,Healthcare,-0.0366924558412868,0.0228347069366303,0.004208333333333333,-0.04090078917462014,0.01862637360329697,0.0914940753989488,0.06415867758944298,-0.10575034371099201,0,0,1,0
2024-08-01,PG,Consumer,0.0734741326369894,0.0228347069366303,0.004208333333333333,0.06926579930365608,0.01862637360329697,-0.0252243820644124,0.03490392720907744,0.054893636285259895,0,0,0,1
2024-08-01,UNH,Healthcare,0.0243682960904012,0.0228347069366303,0.004208333333333333,0.02015996275706787,0.01862637360329697,0.1361666525293885,0.05600393016094952,0.1555499810267944,0,0,1,0
2024-08-01,WMT,Consumer,0.1251456293639978,0.0228347069366303,0.004208333333333333,0.12093729603066448,0.01862637360329697,0.0137352218292448,0.0398148385094922,0.30643330193049434,0,0,0,1
2024-09-01,AAPL,Technology,0.018645047801723,0.0201968840906012,0.003933333333333333,0.014711714468389665,0.016263550757267865,0.031159916012226,0.06791064551183376,0.2254016113457189,1,0,0,0
2024-09-01,ABBV,Healthcare,0.0059599502355323,0.0201968840906012,0.003933333333333333,0.0020266169021989668,0.016263550757267865,0.0690338772710512,0.05956252034579693,0.38741610344940014,0,0,1,0
2024-09-01,AMZN,Technology,0.0438655564764969,0.0201968840906012,0.003933333333333333,0.03993222314316357,0.016263550757267865,-0.0453524222981363,0.0648404623419375,0.2933845888325033,1,0,0,0
2024-09-01,BAC,Financials,-0.0262576290805494,0.0201968840906012,0.003933333333333333,-0.030190962413882735,0.016263550757267865,0.0109153075243235,0.0644743724217117,0.4636542665190273,0,1,0,0
2024-09-01,C,Financials,0.0089773176074514,0.0201968840906012,0.003933333333333333,0.005043984274118067,0.016263550757267865,-0.0345252740626544,0.07443750772827755,0.5830733483752231,0,1,0,0
2024-09-01,COST,Consumer,-0.0065667811919345,0.0201968840906012,0.003933333333333333,-0.010500114525267834,0.016263550757267865,0.0871659640044713,0.05461375013542789,0.6752894744116453,0,0,0,1
2024-09-01,GOOGL,Technology,0.015118100187448,0.0201968840906012,0.003933333333333333,0.011184766854114667,0.016263550757267865,-0.0475689230830735,0.05641324243872657,0.20120093605860534,1,0,0,0
2024-09-01,GS,Financials,-0.0239312381417737,0.0201968840906012,0.003933333333333333,-0.027864571475107035,0.016263550757267865,0.0023966550982152,0.06427443702071405,0.6037558964985552,0,1,0,0
2024-09-01,JNJ,Healthcare,-0.0154946274198032,0.0201968840906012,0.003933333333333333,-0.019427960753136533,0.016263550757267865,0.0507444176096747,0.04494389362794121,0.057968403327825824,0,0,1,0
2024-09-01,JPM,Financials,-0.0620107076790659,0.0201968840906012,0.003933333333333333,-0.06594404101239923,0.016263550757267865,0.0622446463285504,0.05404864845170852,0.5748942096998846,0,1,0,0
2024-09-01,KO,Consumer,-0.0084173423534881,0.0201968840906012,0.003933333333333333,-0.012350675686821432,0.016263550757267865,0.0858555307139266,0.03482092138964667,0.25006449152171806,0,0,0,1
2024-09-01,MCD,Consumer,0.0549089195865031,0.0201968840906012,0.003933333333333333,0.050975586253169766,0.016263550757267865,0.0876412477306278,0.04961045150751277,0.051105198926953976,0,0,0,1
2024-09-01,MRK,Healthcare,-0.0412831397551353,0.0201968840906012,0.003933333333333333,-0.04521647308846863,0.016263550757267865,0.0470254473193743,0.055103312204888524,0.11585754838410711,0,0,1,0
2024-09-01,MS,Financials,0.0060805375825829,0.0201968840906012,0.003933333333333333,0.002147204249249567,0.016263550757267865,0.0129055151014729,0.08911349747727754,0.26651434332047663,0,1,0,0
2024-09-01,MSFT,Technology,0.0334074662985308,0.0201968840906012,0.003933333333333333,0.029474132965197467,0.016263550757267865,-0.0028923296286628,0.060437486298496365,0.2826555128014876,1,0,0,0
2024-09-01,NVDA,Technology,0.017341065996087,0.0201968840906012,0.003933333333333333,0.013407732662753667,0.016263550757267865,0.0200821456237347,0.13863834923452673,1.4193240869136,1,0,0,0
2024-09-01,PFE,Healthcare,-0.0024128896229169,0.0201968840906012,0.003933333333333333,-0.006346222956250233,0.016263550757267865,-0.0366924558412868,0.06471423399319916,-0.13167998626444533,0,0,1,0
2024-09-01,PG,Consumer,0.0096771211557005,0.0201968840906012,0.003933333333333333,0.005743787822367167,0.016263550757267865,0.0734741326369894,0.039803934168638075,0.13960164910144135,0,0,0,1
2024-09-01,UNH,Healthcare,-0.0093528551041655,0.0201968840906012,0.003933333333333333,-0.013286188437498833,0.016263550757267865,0.0243682960904012,0.05117604096252554,0.25770004691407244,0,0,1,0
2024-09-01,WMT,Consumer,0.048558387185789,0.0201968840906012,0.003933333333333333,0.044625053852455666,0.016263550757267865,0.1251456293639978,0.04937524461141542,0.44506870669951715,0,0,0,1
2024-10-01,AAPL,Technology,-0.0304293126397688,-0.0098967433031517,0.0037583333333333336,-0.034187645973102136,-0.013655076636485033,0.018645047801723,0.05910795102380913,0.36786550684791375,1,0,0,0
2024-10-01,ABBV,Healthcare,0.032357710495001,-0.0098967433031517,0.0037583333333333336,0.02859937716166767,-0.013655076636485033,0.0059599502355323,0.05980159547038863,0.3760227893556187,0,0,1,0
2024-10-01,AMZN,Technology,0.0003756349741956,-0.0098967433031517,0.0037583333333333336,-0.0033826983591377334,-0.013655076636485033,0.0438655564764969,0.0563335201411952,0.4657803477436182,1,0,0,0
2024-10-01,BAC,Financials,0.0608026373629912,-0.0098967433031517,0.0037583333333333336,0.057044304029657864,-0.013655076636485033,-0.0262576290805494,0.06346104988729047,0.4800374783457244,0,1,0,0
2024-10-01,C,Financials,0.0250798258123146,-0.0098967433031517,0.0037583333333333336,0.02132149247898127,-0.013655076636485033,0.0089773176074514,0.07438510168583483,0.5851076172379772,0,1,0,0
2024-10-01,COST,Consumer,-0.0139196325347105,-0.0098967433031517,0.0037583333333333336,-0.01767796586804383,-0.013655076636485033,-0.0065667811919345,0.05653812804722022,0.6150459531940298,0,0,0,1
2024-10-01,GOOGL,Technology,0.0330845288206596,-0.0098967433031517,0.0037583333333333336,0.029326195487326265,-0.013655076636485033,0.015118100187448,0.05363910721816348,0.26883961874503215,1,0,0,0
2024-10-01,GS,Financials,0.0458080076308493,-0.0098967433031517,0.0037583333333333336,0.042049674297515965,-0.013655076636485033,-0.0239312381417737,0.06578446558154263,0.5722941393745016,0,1,0,0
2024-10-01,JNJ,Healthcare,-0.0135753162473771,-0.0098967433031517,0.0037583333333333336,-0.017333649580710434,-0.013655076636485033,-0.0154946274198032,0.04410898251464239,0.07343878459270137,0,0,1,0
2024-10-01,JPM,Financials,0.0524517622281464,-0.0098967433031517,0.0037583333333333336,0.04869342889481306,-0.013655076636485033,-0.0620107076790659,0.06022346015692204,0.49057793850584863,0,1,0,0
2024-10-01,KO,Consumer,-0.0849187138466142,-0.0098967433031517,0.0037583333333333336,-0.08867704717994754,-0.013655076636485033,-0.0084173423534881,0.02494521729594055,0.32479122989545894,0,0,0,1
2024-10-01,MCD,Consumer,-0.0351390996236087,-0.0098967433031517,0.0037583333333333336,-0.038897432956942035,-0.013655076636485033,0.0549089195865031,0.047173252423031845,0.17703354784881653,0,0,0,1
2024-10-01,MRK,Healthcare,-0.092950295525462,-0.0098967433031517,0.0037583333333333336,-0.09670862885879533,-0.013655076636485033,-0.0412831397551353,0.053707999974528846,0.1324514026763135,0,0,1,0
2024-10-01,MS,Financials,0.1152149045966015,-0.0098967433031517,0.0037583333333333336,0.11145657126326816,-0.013655076636485033,0.0060805375825829,0.08703946346711165,0.3285106242559417,0,1,0,0
2024-10-01,MSFT,Technology,-0.0556588094551729,-0.0098967433031517,0.0037583333333333336,-0.05941714278850624,-0.013655076636485033,0.0334074662985308,0.05771159017344912,0.373016079092934,1,0,0,0
2024-10-01,NVDA,Technology,0.0933080983913543,-0.0098967433031517,0.0037583333333333336,0.08954976505802097,-0.013655076636485033,0.017341065996087,0.12544977844995284,1.7926248606318578,1,0,0,0
2024-10-01,PFE,Healthcare,-0.0221148799034349,-0.0098967433031517,0.0037583333333333336,-0.025873213236768233,-0.013655076636485033,-0.0024128896229169,0.06255908441185269,-0.0760617322661945,0,0,1,0
2024-10-01,PG,Consumer,-0.0463048676825784,-0.0098967433031517,0.0037583333333333336,-0.05006320101591174,-0.013655076636485033,0.0096771211557005,0.03390701484742243,0.21752469281883924,0,0,0,1
2024-10-01,UNH,Healthcare,-0.0310910002079501,-0.0098967433031517,0.0037583333333333336,-0.03484933354128343,-0.013655076636485033,-0.0093528551041655,0.05037472812898803,0.1777079753414934,0,0,1,0
2024-10-01,WMT,Consumer,0.0148606965064306,-0.0098967433031517,0.0037583333333333336,0.011102363173097266,-0.013655076636485033,0.048558387185789,0.047409559189674606,0.5351728678046159,0,0,0,1
2024-11-01,AAPL,Technology,0.0505511402830838,0.0573012954820988,0.003683333333333333,0.04686780694975047,0.05361796214876547,-0.0304293126397688,0.06093596928680005,0.3296597401372947,1,0,0,0
2024-11-01,ABBV,Healthcare,-0.0955472159673547,0.0573012954820988,0.003683333333333333,-0.09923054930068803,0.05361796214876547,0.032357710495001,0.05402637462922752,0.4998358566260601,0,0,1,0
2024-11-01,AMZN,Technology,0.1152897328156477,0.0573012954820988,0.003683333333333333,0.11160639948231436,0.05361796214876547,0.0003756349741956,0.05694391090428348,0.4005560074045662,1,0,0,0
2024-11-01,BAC,Financials,0.1360593156301872,0.0573012954820988,0.003683333333333333,0.13237598229685385,0.05361796214876547,0.0608026373629912,0.059418137388509665,0.6320182834748351,0,1,0,0
2024-11-01,C,Financials,0.1044103721801097,0.0573012954820988,0.003683333333333333,0.10072703884677638,0.05361796214876547,0.0250798258123146,0.07016832851740827,0.6923417371857297,0,1,0,0
2024-11-01,COST,Consumer,0.1117618437434502,0.0573012954820988,0.003683333333333333,0.10807851041011687,0.05361796214876547,-0.0139196325347105,0.055730010594441805,0.6286575566806867,0,0,0,1
2024-11-01,GOOGL,Technology,-0.0126234572249932,0.0573012954820988,0.003683333333333333,-0.016306790558326532,0.05361796214876547,0.0330845288206596,0.04846168705111637,0.3824443466943368,1,0,0,0
2024-11-01,GS,Financials,0.1753220092567211,0.0573012954820988,0.003683333333333333,0.17163867592338775,0.05361796214876547,0.0458080076308493,0.05741735301658987,0.7524193248262536,0,1,0,0
2024-11-01,JNJ,Healthcare,-0.0303390549510111,0.0573012954820988,0.003683333333333333,-0.03402238828434443,0.05361796214876547,-0.0135753162473771,0.0412994474908653,0.11175984194742439,0,0,1,0
2024-11-01,JPM,Financials,0.1321660835910034,0.0573012954820988,0.003683333333333333,0.12848275025767006,0.05361796214876547,0.0524517622281464,0.05526433169834723,0.6359971597986658,0,1,0,0
2024-11-01,KO,Consumer,-0.0188330480636116,0.0573012954820988,0.003683333333333333,-0.022516381396944934,0.05361796214876547,-0.0849187138466142,0.040216063915259594,0.19189075150296198,0,0,0,1
2024-11-01,MCD,Consumer,0.0133511951777811,0.0573012954820988,0.003683333333333333,0.009667861844447767,0.05361796214876547,-0.0351390996236087,0.049085497939095904,0.1411749210021762,0,0,0,1
2024-11-01,MRK,Healthcare,-0.0066458220200923,0.0573012954820988,0.003683333333333333,-0.010329155353425634,0.05361796214876547,-0.092950295525462,0.06167551076010243,0.022717954070428537,0,0,1,0
2024-11-01,MS,Financials,0.1410801362973683,0.0573012954820988,0.003683333333333333,0.13739680296403495,0.05361796214876547,0.1152149045966015,0.07401267491290893,0.7085599499283375,0,1,0,0
2024-11-01,MSFT,Technology,0.042106516740725,0.0573012954820988,0.003683333333333333,0.03842318340739167,0.05361796214876547,-0.0556588094551729,0.06070846485869491,0.2108487771776093,1,0,0,0
2024-11-01,NVDA,Technology,0.0413528974667274,0.0573012954820988,0.003683333333333333,0.03766956413339407,0.05361796214876547,0.0933080983913543,0.11522283383520852,2.256502191217027,1,0,0,0
2024-11-01,PFE,Healthcare,-0.073851534861027,0.0573012954820988,0.003683333333333333,-0.07753486819436033,0.05361796214876547,-0.0221148799034349,0.05848522085123343,-0.01932992614620188,0,0,1,0
2024-11-01,PG,Consumer,0.0916208113250274,0.0573012954820988,0.003683333333333333,0.08793747799169407,0.05361796214876547,-0.0463048676825784,0.038210585181338005,0.1288738322172842,0,0,0,1
2024-11-01,UNH,Healthcare,0.0809566024329175,0.0573012954820988,0.003683333333333333,0.07727326909958417,0.05361796214876547,-0.0310910002079501,0.04915423445667263,0.07008747854981734,0,0,1,0
2024-11-01,WMT,Consumer,0.1287370440093715,0.0573012954820988,0.003683333333333333,0.12505371067603815,0.05361796214876547,0.0148606965064306,0.047657028030802705,0.5248074192795518,0,0,0,1
2024-12-01,AAPL,Technology,0.0563161568531329,-0.0249901370484836,0.003558333333333333,0.05275782351979957,-0.028548470381816935,0.0505511402830838,0.05529918925546337,0.2558275478756882,1,0,0,0
2024-12-01,ABBV,Healthcare,-0.0285901561667094,-0.0249901370484836,0.003558333333333333,-0.03214848950004273,-0.028548470381816935,-0.0955472159673547,0.0660311390203332,0.3316737960516045,0,0,1,0
2024-12-01,AMZN,Technology,0.0553177162622697,-0.0249901370484836,0.003558333333333333,0.05175938292893637,-0.028548470381816935,0.1152897328156477,0.05903825722592963,0.42302693271906855,1,0,0,0
2024-12-01,BAC,Financials,-0.074931698985848,-0.0249901370484836,0.003558333333333333,-0.07849003231918134,-0.028548470381816935,0.1360593156301872,0.05587505641120174,0.6017116409117327,0,1,0,0
2024-12-01,C,Financials,0.0020346185017032,-0.0249901370484836,0.003558333333333333,-0.001523714831630133,-0.028548470381816935,0.1044103721801097,0.0622480866004618,0.6010495627348376,0,1,0,0
2024-12-01,COST,Consumer,-0.0559661350471365,-0.0249901370484836,0.003558333333333333,-0.05952446838046983,-0.028548470381816935,0.1117618437434502,0.05868359732009393,0.6875723162952148,0,0,0,1
2024-12-01,GOOGL,Technology,0.1204498277884553,-0.0249901370484836,0.003558333333333333,0.11689149445512197,-0.028548470381816935,-0.0126234572249932,0.04805392935755614,0.2779625296167587,1,0,0,0
2024-12-01,GS,Financials,-0.0590729002777915,-0.0249901370484836,0.003558333333333333,-0.06263123361112484,-0.028548470381816935,0.1753220092567211,0.06481865515009409,0.8309199621415073,0,1,0,0
2024-12-01,JNJ,Healthcare,-0.059542053402804,-0.0249901370484836,0.003558333333333333,-0.06310038673613734,-0.028548470381816935,-0.0303390549510111,0.04137715705451034,0.03397766888817455,0,0,1,0
2024-12-01,JPM,Financials,-0.0400848928447702,-0.0249901370484836,0.003558333333333333,-0.04364322617810353,-0.028548470381816935,0.1321660835910034,0.05548004255600852,0.6381547368719804,0,1,0,0
2024-12-01,KO,Consumer,-0.0210329597467596,-0.0249901370484836,0.003558333333333333,-0.024591293080092932,-0.028548470381816935,-0.0188330480636116,0.0408643203314458,0.13042245520499063,0,0,0,1
2024-12-01,MCD,Consumer,-0.0206750445954773,-0.0249901370484836,0.003558333333333333,-0.024233377928810633,-0.028548470381816935,0.0133511951777811,0.04495849951070474,0.07570350028763873,0,0,0,1
2024-12-01,MRK,Healthcare,-0.0212513475911662,-0.0249901370484836,0.003558333333333333,-0.024809680924499533,-0.028548470381816935,-0.0066458220200923,0.06172737340879179,0.018102033110915183,0,0,1,0
2024-12-01,MS,Financials,-0.0447535442886756,-0.0249901370484836,0.003558333333333333,-0.04831187762200893,-0.028548470381816935,0.1410801362973683,0.07478479990613984,0.7192320555214862,0,1,0,0
2024-12-01,MSFT,Technology,-0.0026362237707462,-0.0249901370484836,0.003558333333333333,-0.006194557104079533,-0.028548470381816935,0.042106516740725,0.052245579765786684,0.12596271550417493,1,0,0,0
2024-12-01,NVDA,Technology,-0.0286439071713623,-0.0249901370484836,0.003558333333333333,-0.03220224050469563,-0.028548470381816935,0.0413528974667274,0.11608024987604017,1.9568487272797412,1,0,0,0
2024-12-01,PFE,Healthcare,0.027931246339272,-0.0249901370484836,0.003558333333333333,0.024372913005938666,-0.028548470381816935,-0.073851534861027,0.06225890373559486,-0.08907121589168632,0,0,1,0
2024-12-01,PG,Consumer,-0.0647661099447356,-0.0249901370484836,0.003558333333333333,-0.06832444327806893,-0.028548470381816935,0.0916208113250274,0.04463340885139002,0.19673468452396703,0,0,0,1
2024-12-01,UNH,Healthcare,-0.1709931554961578,-0.0249901370484836,0.003558333333333333,-0.17455148882949112,-0.028548470381816935,0.0809566024329175,0.05328181676126598,0.12029958859476331,0,0,1,0
2024-12-01,WMT,Consumer,-0.0232432423374616,-0.0249901370484836,0.003558333333333333,-0.026801575670794935,-0.028548470381816935,0.1287370440093715,0.04651408968739696,0.8064489373736301,0,0,0,1
