Date,Ticker,Sector,Actual_Return,CAPM_Prediction,Extended Model_Prediction,Random Forest_Prediction
2019-01-01,AAPL,Technology,0.0551538746850135,0.08847846067704097,0.0893298498147991,0.08859749199587169
2019-01-01,ABBV,Healthcare,-0.1290815324008284,0.08847846067704097,0.09291842178709882,0.09006996755703181
2019-01-01,AMZN,Technology,0.1443170900523207,0.08847846067704097,0.09033472682051702,0.0953892842395974
2019-01-01,BAC,Financials,0.1618955360351464,0.08847846067704097,0.08443286649238495,0.06344842855115647
2019-01-01,C,Financials,0.2381869460234855,0.08847846067704097,0.08479950446443955,0.07854746533638625
2019-01-01,COST,Consumer,0.0536055991482933,0.08847846067704097,0.08253644855147843,0.05127623514881164
2019-01-01,GOOGL,Technology,0.0774478389183122,0.08847846067704097,0.0860016424428099,0.07176985822593215
2019-01-01,GS,Financials,0.1853335631795107,0.08847846067704097,0.08499881905761304,0.0853675055000085
2019-01-01,JNJ,Healthcare,0.0312283950729579,0.08847846067704097,0.08336680706839225,0.05859450686673668
2019-01-01,JPM,Financials,0.0602336204838034,0.08847846067704097,0.08372518237445947,0.059670857545883776
2019-01-01,KO,Consumer,0.016473133562288,0.08847846067704097,0.08340848213079162,0.050051042463686024
2019-01-01,MCD,Consumer,0.0068143161546248,0.08847846067704097,0.08343794464178543,0.050107024609946864
2019-01-01,MRK,Healthcare,-0.0190841461237263,0.08847846067704097,0.08360518465900996,0.05465561728138869
2019-01-01,MS,Financials,0.066834445560834,0.08847846067704097,0.08319872641242265,0.06045981497142089
2019-01-01,MSFT,Technology,0.0281575850002113,0.08847846067704097,0.08374130835011234,0.06373628076754598
2019-01-01,NVDA,Technology,0.0767789686805271,0.08847846067704097,0.0954036786589668,0.10417887065236542
2019-01-01,PFE,Healthcare,-0.0274912218908857,0.08847846067704097,0.08283619308817877,0.05443678942029441
2019-01-01,PG,Consumer,0.0494994013247676,0.08847846067704097,0.08503796497891102,0.04930076526005857
2019-01-01,UNH,Healthcare,0.0846177748800205,0.08847846067704097,0.08421267784102622,0.05793012241023586
2019-01-01,WMT,Consumer,0.0343848899465013,0.08847846067704097,0.08638585252549792,0.05977431361161312
2019-02-01,AAPL,Technology,0.0403150811103474,0.036789117838602156,0.04169155273890367,0.0476446184025611
2019-02-01,ABBV,Healthcare,-0.0009729423992449,0.036789117838602156,0.040348404191440146,0.06422831026494688
2019-02-01,AMZN,Technology,-0.0459059848796181,0.036789117838602156,0.042463886603527734,0.04887020920345084
2019-02-01,BAC,Financials,0.0214259959130873,0.036789117838602156,0.04047175631435974,0.04302151972908423
2019-02-01,C,Financials,-0.00744654117669,0.036789117838602156,0.045296740778756915,0.05332986879106805
2019-02-01,COST,Consumer,0.0191493354283927,0.036789117838602156,0.03493746987856094,0.030893042959705377
2019-02-01,GOOGL,Technology,0.000586085484256,0.036789117838602156,0.037019709715732846,0.03802815536733816
2019-02-01,GS,Financials,-0.0066156600782673,0.036789117838602156,0.04246922094645975,0.04649481503634136
2019-02-01,JNJ,Healthcare,0.0267508824993392,0.036789117838602156,0.035355078867471405,0.034344750020442745
2019-02-01,JPM,Financials,0.0164977184382142,0.036789117838602156,0.03596666476977546,0.03549181702932089
2019-02-01,KO,Consumer,-0.0579678746808316,0.036789117838602156,0.033985048415612874,0.030854316265653808
2019-02-01,MCD,Consumer,0.0283029102254563,0.036789117838602156,0.033869165891009474,0.030934874964937863
2019-02-01,MRK,Healthcare,0.092167232695022,0.036789117838602156,0.03365223668554127,0.03312382190404503
2019-02-01,MS,Financials,-0.0005079413299992,0.036789117838602156,0.03536934833319187,0.03682289696850374
2019-02-01,MSFT,Technology,0.0727762073898228,0.036789117838602156,0.034165057291733955,0.0355469173098522
2019-02-01,NVDA,Technology,0.0731129126106748,0.036789117838602156,0.0461751076349547,0.08797801712400787
2019-02-01,PFE,Healthcare,0.0301199631903303,0.036789117838602156,0.03302030932786575,0.032178192577139504
2019-02-01,PG,Consumer,0.0296411677115131,0.036789117838602156,0.0352749367341454,0.032005526366584804
2019-02-01,UNH,Healthcare,-0.10355287833915,0.036789117838602156,0.037104762843522106,0.03362312112341796
2019-02-01,WMT,Consumer,0.0329749215105461,0.036789117838602156,0.0367379960702435,0.035082711465649445
2019-03-01,AAPL,Technology,0.101730360262914,0.02432503587394947,0.029166749064297077,0.03221583071969955
2019-03-01,ABBV,Healthcare,0.0170370808479294,0.02432503587394947,0.03020178391497872,0.04278664385660828
2019-03-01,AMZN,Technology,0.0859357073135327,0.02432503587394947,0.02742443515653532,0.0330563667825461
2019-03-01,BAC,Financials,-0.0463939577623198,0.02432503587394947,0.025943743479437637,0.023774190798096836
2019-03-01,C,Financials,-0.0206716558968574,0.02432503587394947,0.02888349040667723,0.031099808018470322
2019-03-01,COST,Consumer,0.1099662485584049,0.02432503587394947,0.02198529753758029,0.017136359499328565
2019-03-01,GOOGL,Technology,0.0446853034667902,0.02432503587394947,0.022995456468388856,0.023462452913631453
2019-03-01,GS,Financials,-0.0200034940520448,0.02432503587394947,0.02705118181403554,0.026622390456538
2019-03-01,JNJ,Healthcare,0.0298384547859851,0.02432503587394947,0.02255044007303147,0.018686742388500818
2019-03-01,JPM,Financials,-0.0299923979548155,0.02432503587394947,0.023069794368995533,0.01997328527009346
2019-03-01,KO,Consumer,0.0335243130958662,0.02432503587394947,0.019765552569531976,0.016573051555626998
2019-03-01,MCD,Consumer,0.0395397004687394,0.02432503587394947,0.020819213885238837,0.015273909705450854
2019-03-01,MRK,Healthcare,0.0231270822983897,0.02432503587394947,0.02177551759155359,0.01576662477163155
2019-03-01,MS,Financials,0.005240544722687,0.02432503587394947,0.022067014277603395,0.020776863077240436
2019-03-01,MSFT,Technology,0.0572494486268329,0.02432503587394947,0.022891549176114075,0.02171030329014296
2019-03-01,NVDA,Technology,0.1652085996989492,0.02432503587394947,0.03432618622027231,0.047989463544845665
2019-03-01,PFE,Healthcare,-0.0202999750204104,0.02432503587394947,0.021554244201128968,0.01718773664957485
2019-03-01,PG,Consumer,0.0558092707146951,0.02432503587394947,0.021316069290733895,0.016519661272719414
2019-03-01,UNH,Healthcare,0.0208075569557828,0.02432503587394947,0.022746812101990446,0.01965676573522726
2019-03-01,WMT,Consumer,-0.0147489253722957,0.02432503587394947,0.021596962178536874,0.016388190813058284
2019-04-01,AAPL,Technology,0.0564360340063292,0.04690924470762392,0.052248882574666956,0.060249357288323355
2019-04-01,ABBV,Healthcare,-0.0148902400894398,0.04690924470762392,0.05073173163193462,0.05978624307648901
2019-04-01,AMZN,Technology,0.0818587454691699,0.04690924470762392,0.05154190098180869,0.05951907696343483
2019-04-01,BAC,Financials,0.1083725342942323,0.04690924470762392,0.046687745984368534,0.05482244430439152
2019-04-01,C,Financials,0.1362899267923603,0.04690924470762392,0.050055972832993824,0.06082087936076314
2019-04-01,COST,Consumer,0.0140002341725724,0.04690924470762392,0.046180886738047044,0.04114338005927432
2019-04-01,GOOGL,Technology,0.0187527893771102,0.04690924470762392,0.04528541882140805,0.04796718843107229
2019-04-01,GS,Financials,0.0725556952959762,0.04690924470762392,0.04884501591495102,0.059303230118035684
2019-04-01,JNJ,Healthcare,0.0100867136115145,0.04690924470762392,0.04462655292884905,0.04503788237690001
2019-04-01,JPM,Financials,0.1463993523854518,0.04690924470762392,0.044200013410857636,0.04995137552453841
2019-04-01,KO,Consumer,0.056088206412683,0.04690924470762392,0.0434100631204045,0.03850859871463546
2019-04-01,MCD,Consumer,0.040389722573241,0.04690924470762392,0.04301229029508032,0.0383019229657721
2019-04-01,MRK,Healthcare,-0.0472029474766433,0.04690924470762392,0.04251642950731106,0.04514752482538972
2019-04-01,MS,Financials,0.1433651427882898,0.04690924470762392,0.04421382489767671,0.05023928402600047
2019-04-01,MSFT,Technology,0.1073427715620598,0.04690924470762392,0.04447791630886048,0.047482298724221765
2019-04-01,NVDA,Technology,0.0080195825445972,0.04690924470762392,0.059150658653493095,0.07805816749454048
2019-04-01,PFE,Healthcare,-0.0437954185252793,0.04690924470762392,0.042855268015665526,0.046165716862304695
2019-04-01,PG,Consumer,0.0233541087572288,0.04690924470762392,0.04382297676904608,0.039234687187670814
2019-04-01,UNH,Healthcare,-0.0537911059409034,0.04690924470762392,0.04640956129838627,0.04693133336837822
2019-04-01,WMT,Consumer,0.0601185863543949,0.04690924470762392,0.04289356187992018,0.0409430982151412
2019-05-01,AAPL,Technology,-0.1275727118074535,-0.06404721847676348,-0.05710020624132968,-0.0491058573872331
2019-05-01,ABBV,Healthcare,-0.0209460398993419,-0.06404721847676348,-0.058250140116192416,-0.04804665287396849
2019-05-01,AMZN,Technology,-0.0786131967477928,-0.06404721847676348,-0.0569841207210714,-0.04788775215561805
2019-05-01,BAC,Financials,-0.1301504119392929,-0.06404721847676348,-0.058496817834014544,-0.07583372943958797
2019-05-01,C,Financials,-0.1209329220292591,-0.06404721847676348,-0.05496953986290801,-0.07187171683453648
2019-05-01,COST,Consumer,-0.0242330499497686,-0.06404721847676348,-0.06387767345760513,-0.03014469552416469
2019-05-01,GOOGL,Technology,-0.0771168304831164,-0.06404721847676348,-0.0637800380053256,-0.03615134605166662
2019-05-01,GS,Financials,-0.113782152485121,-0.06404721847676348,-0.057860685706075166,-0.10190997418580151
2019-05-01,JNJ,Healthcare,-0.0711756898685124,-0.06404721847676348,-0.06427448430163697,-0.0342523663534708
2019-05-01,JPM,Financials,-0.0799588333487689,-0.06404721847676348,-0.05962455429366839,-0.06987758487301643
2019-05-01,KO,Consumer,0.0014266819557073,-0.06404721847676348,-0.0645156473213659,-0.02731903715763468
2019-05-01,MCD,Consumer,0.0035429939180813,-0.06404721847676348,-0.0657117177394065,-0.027477355647539406
2019-05-01,MRK,Healthcare,0.006352364732971,-0.06404721847676348,-0.06635586651922706,-0.03747577990919175
2019-05-01,MS,Financials,-0.1513678486374797,-0.06404721847676348,-0.059909447680849284,-0.08922308339233567
2019-05-01,MSFT,Technology,-0.052986131944238,-0.06404721847676348,-0.06261318689424678,-0.03863424825629379
2019-05-01,NVDA,Technology,-0.2516022094867381,-0.06404721847676348,-0.052005748288009024,-0.04885713364889257
2019-05-01,PFE,Healthcare,0.0224080913977329,-0.06404721847676348,-0.06544498172721523,-0.03452167693732419
2019-05-01,PG,Consumer,-0.0267047132413396,-0.06404721847676348,-0.06765088073466452,-0.030897367099696062
2019-05-01,UNH,Healthcare,0.0374560901074225,-0.06404721847676348,-0.06354973400198059,-0.03482256026715229
2019-05-01,WMT,Consumer,-0.0136136082292094,-0.06404721847676348,-0.06415474818556577,-0.027641419667711747
2019-06-01,AAPL,Technology,0.1348727098685538,0.07818900495865314,0.07959170792386384,0.07910779304523725
2019-06-01,ABBV,Healthcare,-0.0520143339996598,0.07818900495865314,0.08062708916128594,0.07406851651429347
2019-06-01,AMZN,Technology,0.0667917465500809,0.07818900495865314,0.0800691260715465,0.07852605036365404
2019-06-01,BAC,Financials,0.0902256410142468,0.07818900495865314,0.07780643719478582,0.07294835709794475
2019-06-01,C,Financials,0.134042591555719,0.07818900495865314,0.08071627140463077,0.08138689600101262
2019-06-01,COST,Consumer,0.1059924223284445,0.07818900495865314,0.07473986738705841,0.04833545276571623
2019-06-01,GOOGL,Technology,-0.0214189345938912,0.07818900495865314,0.07414856830137166,0.06244629991373465
2019-06-01,GS,Financials,0.1262107047958676,0.07818900495865314,0.07869218460896153,0.07517198117470907
2019-06-01,JNJ,Healthcare,0.069256691153845,0.07818900495865314,0.07369103113211148,0.054478315525147876
2019-06-01,JPM,Financials,0.0551151324296803,0.07818900495865314,0.07630133104917505,0.06480509379261597
2019-06-01,KO,Consumer,0.0364340972762013,0.07818900495865314,0.07354573693358264,0.045635841108205
2019-06-01,MCD,Consumer,0.0534932083134893,0.07818900495865314,0.0719694049637856,0.044437543139755314
2019-06-01,MRK,Healthcare,0.0585784717954194,0.07818900495865314,0.0736013164942566,0.05140096225102027
2019-06-01,MS,Financials,0.0766771650998083,0.07818900495865314,0.07602390494837731,0.07439132553948707
2019-06-01,MSFT,Technology,0.0871270746539449,0.07818900495865314,0.07450256943765128,0.06135401835473748
2019-06-01,NVDA,Technology,0.2137710727546982,0.07818900495865314,0.08434088066391122,0.14199390882577714
2019-06-01,PFE,Healthcare,0.0526064782331807,0.07818900495865314,0.07448942179636474,0.05130471335439139
2019-06-01,PG,Consumer,0.0654940055186656,0.07818900495865314,0.07129794444073707,0.047337702294495736
2019-06-01,UNH,Healthcare,0.0091400985403664,0.07818900495865314,0.07705958515468951,0.05365126881608054
2019-06-01,WMT,Consumer,0.095001513404259,0.07818900495865314,0.07268439344570006,0.047084515887856254
2019-07-01,AAPL,Technology,0.0763944245659193,0.01927514937180762,0.027075854855615145,0.0316985217284359
2019-07-01,ABBV,Healthcare,-0.0838828619822532,0.01927514937180762,0.0224350050002281,0.018173370854766245
2019-07-01,AMZN,Technology,-0.0141791834936947,0.01927514937180762,0.024997760608227552,0.021411243987142378
2019-07-01,BAC,Financials,0.0636473767443137,0.01927514937180762,0.024172794357378576,0.014297315141007788
2019-07-01,C,Financials,0.0161362677413439,0.01927514937180762,0.028034414858570552,0.026112168267154165
2019-07-01,COST,Consumer,0.0430254574785775,0.01927514937180762,0.019835047718608025,0.013879773634996121
2019-07-01,GOOGL,Technology,0.1250462938807344,0.01927514937180762,0.017551115803706354,0.01780612914261641
2019-07-01,GS,Financials,0.075904260633965,0.01927514937180762,0.025972093510368416,0.019648759241784247
2019-07-01,JNJ,Healthcare,-0.0650488732675729,0.01927514937180762,0.018701534991275113,0.01424369931235755
2019-07-01,JPM,Financials,0.0375672111951932,0.01927514937180762,0.020933818629753558,0.014277339313825976
2019-07-01,KO,Consumer,0.0416502906142637,0.01927514937180762,0.01656874276203066,0.013046678772136205
2019-07-01,MCD,Consumer,0.0147355879898156,0.01927514937180762,0.014861590828318186,0.012136183991535722
2019-07-01,MRK,Healthcare,-0.0036462502019339,0.01927514937180762,0.016901399647082878,0.012758681798045249
2019-07-01,MS,Financials,0.0171195211981278,0.01927514937180762,0.02242157798947656,0.014451318956571414
2019-07-01,MSFT,Technology,0.0172440346006477,0.01927514937180762,0.019402287209803262,0.016418846865229673
2019-07-01,NVDA,Technology,0.0273400543871362,0.01927514937180762,0.03640896463598076,0.008342020820601334
2019-07-01,PFE,Healthcare,-0.1034164782734545,0.01927514937180762,0.017488802411339276,0.013374992485148956
2019-07-01,PG,Consumer,0.0765159961085664,0.01927514937180762,0.015248898323413196,0.011671507886674634
2019-07-01,UNH,Healthcare,0.0250101713582577,0.01927514937180762,0.01899366767158569,0.014997713239489915
2019-07-01,WMT,Consumer,-0.0009953422005675,0.01927514937180762,0.017475440565979834,0.012425335178896131
2019-08-01,AAPL,Technology,-0.0201839811204062,-0.013680469824814304,-0.0060245217205628695,-0.002635898465821025
2019-08-01,ABBV,Healthcare,0.0018378062023634,-0.013680469824814304,-0.00993585239728393,-0.026101754924602368
2019-08-01,AMZN,Technology,-0.048473822697145,-0.013680469824814304,-0.008504346349261551,-0.006634395281496627
2019-08-01,BAC,Financials,-0.1033246010098524,-0.013680469824814304,-0.008734925761518577,-0.008847180655609941
2019-08-01,C,Financials,-0.0956999563580189,-0.013680469824814304,-0.006275464144701552,-0.007805959730467046
2019-08-01,COST,Consumer,0.0694047467810357,-0.013680469824814304,-0.013452383155902201,-0.006007964728500775
2019-08-01,GOOGL,Technology,-0.0227138662824419,-0.013680469824814304,-0.011462961855146662,-0.0028346719325255095
2019-08-01,GS,Financials,-0.0736837952515575,-0.013680469824814304,-0.00709822360704892,-0.013288164091302748
2019-08-01,JNJ,Healthcare,-0.0142836437902532,-0.013680469824814304,-0.01565148148159187,-0.0071799348115831755
2019-08-01,JPM,Financials,-0.046226232673952,-0.013680469824814304,-0.012133922718755644,-0.009387514513845108
2019-08-01,KO,Consumer,0.0457916382437608,-0.013680469824814304,-0.015856398958599496,-0.005807019503991128
2019-08-01,MCD,Consumer,0.0344062021697573,-0.013680469824814304,-0.018031910264160598,-0.005854500541053514
2019-08-01,MRK,Healthcare,0.0419329470164209,-0.013680469824814304,-0.016610572061225987,-0.006470433187759441
2019-08-01,MS,Financials,-0.0616348826322533,-0.013680469824814304,-0.011054166004547195,-0.01491677697122855
2019-08-01,MSFT,Technology,0.011668117919181,-0.013680469824814304,-0.014089455348522054,-0.006356825893645489
2019-08-01,NVDA,Technology,-0.0071718774663899,-0.013680469824814304,0.0010374183466361497,-0.0573767128466167
2019-08-01,PFE,Healthcare,-0.0847065043034931,-0.013680469824814304,-0.01643502608616163,-0.011693421303349655
2019-08-01,PG,Consumer,0.0251493686603367,-0.013680469824814304,-0.016577001042078012,-0.007023292860667269
2019-08-01,UNH,Healthcare,-0.0602788668833247,-0.013680469824814304,-0.012996176165621676,-0.006352478016258182
2019-08-01,WMT,Consumer,0.0351511262666268,-0.013680469824814304,-0.016246726421676728,-0.006383033621504335
2019-09-01,AAPL,Technology,0.0770383575561062,0.02356420110198487,0.027167492161732348,0.033146252673685116
2019-09-01,ABBV,Healthcare,0.151810056828878,0.02356420110198487,0.027689222078807342,0.02663423276916481
2019-09-01,AMZN,Technology,-0.0227327431597064,0.02356420110198487,0.02676186843305646,0.0349021162982656
2019-09-01,BAC,Financials,0.0603418433649662,0.02356420110198487,0.025703831757832855,0.024550141145327678
2019-09-01,C,Financials,0.081574693509494,0.02356420110198487,0.028873037807809792,0.03887004507288913
2019-09-01,COST,Consumer,-0.0203986473292417,0.02356420110198487,0.023416869924679853,0.018480360950168712
2019-09-01,GOOGL,Technology,0.0257112346816972,0.02356420110198487,0.022542448685033908,0.024978169454056474
2019-09-01,GS,Financials,0.0226600321509073,0.02356420110198487,0.02718363021086997,0.029933858570996504
2019-09-01,JNJ,Healthcare,0.0154994392896823,0.02356420110198487,0.021655842250737085,0.019523123932842376
2019-09-01,JPM,Financials,0.0712726612831868,0.02356420110198487,0.023145630646438327,0.019405422721364685
2019-09-01,KO,Consumer,-0.0109008863594494,0.02356420110198487,0.0199967787759742,0.015004995875882486
2019-09-01,MCD,Consumer,-0.0097479011811316,0.02356420110198487,0.01869946147189378,0.014970292767695743
2019-09-01,MRK,Healthcare,-0.0264832281489163,0.02356420110198487,0.02056098336216186,0.015126887753344326
2019-09-01,MS,Financials,0.0284407659049354,0.02356420110198487,0.024260433882907186,0.023129393352287822
2019-09-01,MSFT,Technology,0.0118448081520892,0.02356420110198487,0.02219619813391199,0.024175452944390604
2019-09-01,NVDA,Technology,0.0401904291481127,0.02356420110198487,0.03600299527298391,0.03863841857166001
2019-09-01,PFE,Healthcare,0.0201448293345072,0.02356420110198487,0.020980135607268833,0.020924116707807635
2019-09-01,PG,Consumer,0.0345173108028333,0.02356420110198487,0.01899988302342318,0.015252013570452385
2019-09-01,UNH,Healthcare,-0.0712820099392422,0.02356420110198487,0.0220897522508835,0.021229494664855915
2019-09-01,WMT,Consumer,0.0437967733576569,0.02356420110198487,0.020473587808251526,0.014964839387359095
2019-10-01,AAPL,Technology,0.1106845656398223,0.02700742010024708,0.03235880453931763,0.04235638607340837
2019-10-01,ABBV,Healthcare,0.0505809392440788,0.02700742010024708,0.03496590171827475,0.0587786064915743
2019-10-01,AMZN,Technology,0.0234747012691118,0.02700742010024708,0.03059215578717098,0.04617009706093814
2019-10-01,BAC,Financials,0.0790572523669452,0.02700742010024708,0.03171327196017108,0.03907445081222931
2019-10-01,C,Financials,0.0402429311073195,0.02700742010024708,0.0353971559366447,0.05555478166218283
2019-10-01,COST,Consumer,0.0312380361994912,0.02700742010024708,0.025473778892903576,0.02633613725426445
2019-10-01,GOOGL,Technology,0.0308399949372986,0.02700742010024708,0.026653001611956342,0.03147956643719814
2019-10-01,GS,Financials,0.0296771530102317,0.02700742010024708,0.03193518708294165,0.04013250551039282
2019-10-01,JNJ,Healthcare,0.0205593555513017,0.02700742010024708,0.025447519292154257,0.02641931251638113
2019-10-01,JPM,Financials,0.0614324717373855,0.02700742010024708,0.0286564961506923,0.02674058682013652
2019-10-01,KO,Consumer,0.0071259203804576,0.02700742010024708,0.022587027559148893,0.018801378985517262
2019-10-01,MCD,Consumer,-0.0838804431208672,0.02700742010024708,0.02161486790851398,0.018758706344453344
2019-10-01,MRK,Healthcare,0.0363023631695222,0.02700742010024708,0.023149355203731844,0.022401665684772146
2019-10-01,MS,Financials,0.0792124817681192,0.02700742010024708,0.028974628927601935,0.0332744777442701
2019-10-01,MSFT,Technology,0.0312163639365128,0.02700742010024708,0.025580481343524922,0.03068782049070737
2019-10-01,NVDA,Technology,0.1548228836198226,0.02700742010024708,0.04025239825206465,0.07389278342830412
2019-10-01,PFE,Healthcare,0.0679098837831575,0.02700742010024708,0.025581185119557016,0.02838959384853385
2019-10-01,PG,Consumer,0.0010451737036651,0.02700742010024708,0.022262083604362475,0.018518460607461474
2019-10-01,UNH,Healthcare,0.168284950355197,0.02700742010024708,0.025681884930466345,0.032428936183113544
2019-10-01,WMT,Consumer,-0.0119652758112899,0.02700742010024708,0.02376781642759404,0.018013658581471942
2019-11-01,AAPL,Technology,0.0743288246951101,0.04138786530353372,0.047194042473835816,0.06267643330572174
2019-11-01,ABBV,Healthcare,0.1189095993224,0.04138786530353372,0.04526442938924121,0.05715424901743302
2019-11-01,AMZN,Technology,0.0135873012274039,0.04138786530353372,0.042245229727648326,0.05597928517143285
2019-11-01,BAC,Financials,0.0655577487072445,0.04138786530353372,0.045778513674240406,0.05881023813132867
2019-11-01,C,Financials,0.0453661856856808,0.04138786530353372,0.04808865229107497,0.06940003020760595
2019-11-01,COST,Consumer,0.0112797180618093,0.04138786530353372,0.040054054688361256,0.03884933888812582
2019-11-01,GOOGL,Technology,0.0359787373689384,0.04138786530353372,0.039523323544815483,0.045309565516952664
2019-11-01,GS,Financials,0.0373513134657559,0.04138786530353372,0.04611142434173544,0.06318199462292917
2019-11-01,JNJ,Healthcare,0.0412757532060568,0.04138786530353372,0.03960106889610907,0.04456205232980806
2019-11-01,JPM,Financials,0.0632041901528124,0.04138786530353372,0.04238418614442778,0.048885524908011777
2019-11-01,KO,Consumer,-0.0189232388654141,0.04138786530353372,0.03689499756911116,0.03444794113906423
2019-11-01,MCD,Consumer,-0.0112863035119805,0.04138786530353372,0.03604937330583807,0.03577701633719472
2019-11-01,MRK,Healthcare,0.0060002358403554,0.04138786530353372,0.03822395087622044,0.0404452591172419
2019-11-01,MS,Financials,0.0825752645289044,0.04138786530353372,0.044113939453853106,0.056248206150042064
2019-11-01,MSFT,Technology,0.0558693861282695,0.04138786530353372,0.03891934632721552,0.04511573946559474
2019-11-01,NVDA,Technology,0.0782011027649338,0.04138786530353372,0.054510695069117224,0.07517563417016539
2019-11-01,PFE,Healthcare,0.0039092665529771,0.04138786530353372,0.04090186271319434,0.044392031894514586
2019-11-01,PG,Consumer,-0.0134150317500904,0.04138786530353372,0.03593294026172785,0.03455588324400722
2019-11-01,UNH,Healthcare,0.1075187879262282,0.04138786530353372,0.045864800731422774,0.05956249748040605
2019-11-01,WMT,Consumer,0.0156066120163564,0.04138786530353372,0.036840813194693255,0.03516620605041335
2019-12-01,AAPL,Technology,0.1020821914550849,0.03562600186544617,0.03766595074274514,0.04228050714572459
2019-12-01,ABBV,Healthcare,0.009232690137211,0.03562600186544617,0.038599627541287415,0.04150983492044759
2019-12-01,AMZN,Technology,0.026121694264473,0.03562600186544617,0.03634892935899833,0.039539077612440465
2019-12-01,BAC,Financials,0.057023022808845,0.03562600186544617,0.03997755550066275,0.04547054683148703
2019-12-01,C,Financials,0.0711001724319586,0.03562600186544617,0.042428651414605584,0.0574677634171365
2019-12-01,COST,Consumer,-0.0196456376162634,0.03562600186544617,0.034087525201675094,0.033519995600915876
2019-12-01,GOOGL,Technology,0.027068476669704,0.03562600186544617,0.0339915289634414,0.03735632519454936
2019-12-01,GS,Financials,0.0446189503138569,0.03562600186544617,0.038682149457780236,0.03938332344453142
2019-12-01,JNJ,Healthcare,0.0682999325639208,0.03562600186544617,0.03424936690377765,0.03527060999399705
2019-12-01,JPM,Financials,0.0579842581606466,0.03562600186544617,0.036866893080991815,0.03630901706364416
2019-12-01,KO,Consumer,0.0442590617463933,0.03562600186544617,0.03083182765321577,0.027945789665748812
2019-12-01,MCD,Consumer,0.0226059873793769,0.03562600186544617,0.03137615031696304,0.027886665703621624
2019-12-01,MRK,Healthcare,0.0432439054269264,0.03562600186544617,0.031673459029405104,0.02812236346637016
2019-12-01,MS,Financials,0.0331448118903925,0.03562600186544617,0.038644552133814514,0.039374241988726945
2019-12-01,MSFT,Technology,0.0452943568789805,0.03562600186544617,0.03373602512355819,0.03709327873153936
2019-12-01,NVDA,Technology,0.086433867093753,0.03562600186544617,0.04464119190789208,0.06151538117238018
2019-12-01,PFE,Healthcare,0.0269639394205531,0.03562600186544617,0.033606001660984625,0.036817137668874365
2019-12-01,PG,Consumer,0.0232671937613002,0.03562600186544617,0.03017704483787341,0.02773320887068338
2019-12-01,UNH,Healthcare,0.0504161429462501,0.03562600186544617,0.03953871466480652,0.040368450731110256
2019-12-01,WMT,Consumer,-0.0020992004562433,0.03562600186544617,0.0313073069453399,0.027282530532218997
2020-01-01,AAPL,Technology,0.054010012246684,0.0037221311516536467,0.004566610166329319,0.001876588997436174
2020-01-01,ABBV,Healthcare,-0.0849333436224635,0.0037221311516536467,0.005472061408853662,0.002559586402028028
2020-01-01,AMZN,Technology,0.0870638027865227,0.0037221311516536467,0.0038143029272027906,0.0027426310385833042
2020-01-01,BAC,Financials,-0.0627700502258105,0.0037221311516536467,0.006637636897465959,0.00037487723540939794
2020-01-01,C,Financials,-0.0685943621128107,0.0037221311516536467,0.008454912321787116,0.002067553404373364
2020-01-01,COST,Consumer,0.0394666172245381,0.0037221311516536467,6.90487871634713e-05,0.0016348804080332873
2020-01-01,GOOGL,Technology,0.0697259775507046,0.0037221311516536467,0.0018378182360799127,0.002836228243190124
2020-01-01,GS,Financials,0.0340102405812532,0.0037221311516536467,0.005845248340208711,2.5468277287948783e-06
2020-01-01,JNJ,Healthcare,0.0205664828546274,0.0037221311516536467,0.00188667506126387,0.0021913916710824843
2020-01-01,JPM,Financials,-0.0505020452875839,0.0037221311516536467,0.00334434301938054,0.00018866900584311468
2020-01-01,KO,Consumer,0.0551040671825153,0.0037221311516536467,-1.2020428602660545e-05,0.00243410410073277
2020-01-01,MCD,Consumer,0.0827891451511484,0.0037221311516536467,8.765480837390265e-05,0.0025007114575971664
2020-01-01,MRK,Healthcare,-0.0541411596644527,0.0037221311516536467,0.0006982044758846801,0.0025534927413299203
2020-01-01,MS,Financials,0.0223002312348528,0.0037221311516536467,0.005157162663453923,0.0005414232463422335
2020-01-01,MSFT,Technology,0.0794542189437808,0.0037221311516536467,0.00047484371374630015,0.002191682763006154
2020-01-01,NVDA,Technology,0.0048020343897563,0.0037221311516536467,0.01054910139728425,0.010106849026752854
2020-01-01,PFE,Healthcare,-0.0495153225366743,0.0037221311516536467,0.0026436963767270823,0.0019981566096551264
2020-01-01,PG,Consumer,-0.0022417490162388,0.0037221311516536467,-0.0010248561393803807,0.0021123108386857867
2020-01-01,UNH,Healthcare,-0.0696732726298875,0.0037221311516536467,0.006132030067568467,0.0023619232595414796
2020-01-01,WMT,Consumer,-0.0322826805563539,0.0037221311516536467,-0.0009134977836554798,0.002356447129824206
2020-02-01,AAPL,Technology,-0.1167974791637048,-0.08336476944766676,-0.08136241506930673,-0.058576979330777657
2020-02-01,ABBV,Healthcare,0.0721794092080234,-0.08336476944766676,-0.08210342851198596,-0.049282573787615906
2020-02-01,AMZN,Technology,-0.0622137201336305,-0.08336476944766676,-0.08125753082805132,-0.04249284399859632
2020-02-01,BAC,Financials,-0.1318917423377982,-0.08336476944766676,-0.08076226630376128,-0.07674360805253284
2020-02-01,C,Financials,-0.1415031570677425,-0.08336476944766676,-0.0804935803415731,-0.08485964519568144
2020-02-01,COST,Consumer,-0.0797985971129302,-0.08336476944766676,-0.08407873795161462,-0.0415133463174246
2020-02-01,GOOGL,Technology,-0.0652788225031499,-0.08336476944766676,-0.08264483078866326,-0.0458224505996762
2020-02-01,GS,Financials,-0.155541567218985,-0.08336476944766676,-0.08119600394521136,-0.06919110986309471
2020-02-01,JNJ,Healthcare,-0.0966616785422963,-0.08336476944766676,-0.08405651992401107,-0.04302778207248928
2020-02-01,JPM,Financials,-0.1171394305134141,-0.08336476944766676,-0.0828329935918836,-0.06604106578418312
2020-02-01,KO,Consumer,-0.0840754393696245,-0.08336476944766676,-0.08479356179632075,-0.04084815252406324
2020-02-01,MCD,Consumer,-0.0925360491441921,-0.08336476944766676,-0.08347756258668593,-0.0378861937623983
2020-02-01,MRK,Healthcare,-0.1039322726872168,-0.08336476944766676,-0.085466792578055,-0.04476533673818238
2020-02-01,MS,Financials,-0.1326917358661989,-0.08336476944766676,-0.08019258846214601,-0.06966286140612815
2020-02-01,MSFT,Technology,-0.048287475962799,-0.08336476944766676,-0.08403192276288246,-0.05550885292385172
2020-02-01,NVDA,Technology,0.1422833536204095,-0.08336476944766676,-0.0756665375061531,-0.06964863699032704
2020-02-01,PFE,Healthcare,-0.0934104119071573,-0.08336476944766676,-0.08357233619902688,-0.04708431622804491
2020-02-01,PG,Consumer,-0.0859997532907195,-0.08336476944766676,-0.08640575911791347,-0.04136914107662471
2020-02-01,UNH,Healthcare,-0.0641951487908699,-0.08336476944766676,-0.08063885623313685,-0.0532917841471849
2020-02-01,WMT,Consumer,-0.0594813803110949,-0.08336476944766676,-0.085985439849636,-0.03937262834950746
2020-03-01,AAPL,Technology,-0.0675537251321681,-0.1266056300031405,-0.12399926010643357,-0.07197276196044049
2020-03-01,ABBV,Healthcare,-0.1110719368608018,-0.1266056300031405,-0.121618234135012,-0.044729498581823846
2020-03-01,AMZN,Technology,0.0350205713182232,-0.1266056300031405,-0.12583600823194166,-0.04674262792100801
2020-03-01,BAC,Financials,-0.2550878036781963,-0.1266056300031405,-0.12257742082895111,-0.09986876250901351
2020-03-01,C,Financials,-0.3362747075547113,-0.1266056300031405,-0.12225573960164594,-0.10044527747294063
2020-03-01,COST,Consumer,0.0163307036851032,-0.1266056300031405,-0.12684323798476868,-0.046082406009981494
2020-03-01,GOOGL,Technology,-0.1323874265569242,-0.1266056300031405,-0.12635706813865175,-0.04794899668728148
2020-03-01,GS,Financials,-0.2253066433952297,-0.1266056300031405,-0.12418416821975738,-0.10158462165638923
2020-03-01,JNJ,Healthcare,-0.0186927084175186,-0.1266056300031405,-0.1268663006184843,-0.052102900266905526
2020-03-01,JPM,Financials,-0.2246149093125995,-0.1266056300031405,-0.12444068716777537,-0.08966896315088643
2020-03-01,KO,Consumer,-0.1727426507140201,-0.1266056300031405,-0.1286815922962077,-0.044802587140890845
2020-03-01,MCD,Consumer,-0.1430979357856447,-0.1266056300031405,-0.1271467456113929,-0.044258659522884276
2020-03-01,MRK,Healthcare,0.004963520086614,-0.1266056300031405,-0.12764880031523518,-0.05362706821570425
2020-03-01,MS,Financials,-0.24494760584844,-0.1266056300031405,-0.12324441703135117,-0.09186900438800527
2020-03-01,MSFT,Technology,-0.0238826409161602,-0.1266056300031405,-0.12738297744819005,-0.04845616532622036
2020-03-01,NVDA,Technology,-0.0233730270511912,-0.1266056300031405,-0.11547434034005116,-0.06392718307178123
2020-03-01,PFE,Healthcare,-0.0233395605297552,-0.1266056300031405,-0.12593120450713713,-0.05515365265764378
2020-03-01,PG,Consumer,-0.0285258416512756,-0.1266056300031405,-0.12817910796325074,-0.04467468145252365
2020-03-01,UNH,Healthcare,-0.0218857610562152,-0.1266056300031405,-0.12347569004635489,-0.04972652775154023
2020-03-01,WMT,Consumer,0.0551639450283318,-0.1266056300031405,-0.12785683004970957,-0.04118977726173786
2020-04-01,AAPL,Technology,0.1553741276775559,0.13943030808334675,0.13771318315093725,0.0834716084495229
2020-04-01,ABBV,Healthcare,0.078881759627867,0.13943030808334675,0.13663405732306166,0.07579809600685491
2020-04-01,AMZN,Technology,0.2689001176660717,0.13943030808334675,0.13540616340806902,0.05971171553458034
2020-04-01,BAC,Financials,0.140059164455953,0.13943030808334675,0.1391686567578753,0.09703248483064297
2020-04-01,C,Financials,0.1528963863079528,0.13943030808334675,0.14050895143813263,0.1078979096602886
2020-04-01,COST,Consumer,0.0626732588245948,0.13943030808334675,0.13406675307755372,0.045306497491329416
2020-04-01,GOOGL,Technology,0.1589999265370791,0.13943030808334675,0.13461891266374376,0.0772111033699726
2020-04-01,GS,Financials,0.1864935364026159,0.13943030808334675,0.13811722677152302,0.09257860096484624
2020-04-01,JNJ,Healthcare,0.1442079426028453,0.13943030808334675,0.13450201270839715,0.05554976994368516
2020-04-01,JPM,Financials,0.0636457620484387,0.13943030808334675,0.13754743571527067,0.08868798641944542
2020-04-01,KO,Consumer,0.0461575447001385,0.13943030808334675,0.13375246809675123,0.062003262029598515
2020-04-01,MCD,Consumer,0.134321142736695,0.13943030808334675,0.13423092559293254,0.06001795927909804
2020-04-01,MRK,Healthcare,0.039711746620195,0.13943030808334675,0.1341714809375006,0.05320454741804668
2020-04-01,MS,Financials,0.1597054236441231,0.13943030808334675,0.13887363136452138,0.09788795507053852
2020-04-01,MSFT,Technology,0.1363261052301716,0.13943030808334675,0.13350314464708657,0.06212087850615045
2020-04-01,NVDA,Technology,0.1088013073235865,0.13943030808334675,0.14180538367227824,0.10001394781243073
2020-04-01,PFE,Healthcare,0.1752455413829869,0.13943030808334675,0.13528700687135073,0.05689081757689595
2020-04-01,PG,Consumer,0.0715456414764312,0.13943030808334675,0.13292363988683253,0.04766855414285069
2020-04-01,UNH,Healthcare,0.1778686110619818,0.13943030808334675,0.1373889826705949,0.07396360110699222
2020-04-01,WMT,Consumer,0.0745277730766666,0.13943030808334675,0.13411975291926692,0.04346698281757253
2020-05-01,AAPL,Technology,0.0821645580268406,0.053315412847263086,0.0579808924476759,0.06078970671571922
2020-05-01,ABBV,Healthcare,0.1441855928770781,0.053315412847263086,0.055827853262246395,0.05617744358333462
2020-05-01,AMZN,Technology,-0.0127849412400917,0.053315412847263086,0.05959347206312847,0.060591197099049796
2020-05-01,BAC,Financials,0.0029106442819799,0.053315412847263086,0.062033821002772896,0.07436706674144554
2020-05-01,C,Financials,-0.0133854906214418,0.053315412847263086,0.06478435810505742,0.07791625870264217
2020-05-01,COST,Consumer,0.0203785037559338,0.053315412847263086,0.05081763900933347,0.040332991672012444
2020-05-01,GOOGL,Technology,0.0644688637989172,0.053315412847263086,0.05688986833837512,0.059265208964553055
2020-05-01,GS,Financials,0.0712571921527547,0.053315412847263086,0.0623357145181101,0.06779299931862454
2020-05-01,JNJ,Healthcare,-0.0085979419231096,0.053315412847263086,0.05475348886119128,0.05053470258875939
2020-05-01,JPM,Financials,0.0267457013748773,0.053315412847263086,0.0572518479409153,0.06062008832352422
2020-05-01,KO,Consumer,0.0172149450458261,0.053315412847263086,0.0531906498670328,0.046517642331826106
2020-05-01,MCD,Consumer,-0.0066112155375508,0.053315412847263086,0.05598425796097502,0.055760353172579824
2020-05-01,MRK,Healthcare,0.0173934727416824,0.053315412847263086,0.05034669732326633,0.04649806086027125
2020-05-01,MS,Financials,0.1308368006854363,0.053315412847263086,0.061757374830719775,0.07124433642420494
2020-05-01,MSFT,Technology,0.0225433049865961,0.053315412847263086,0.05256071453332662,0.05177339944936913
2020-05-01,NVDA,Technology,0.2146572477089974,0.053315412847263086,0.05975801334707018,0.0696159247614053
2020-05-01,PFE,Healthcare,-0.0044318931354372,0.053315412847263086,0.05690829345566881,0.059340962476435916
2020-05-01,PG,Consumer,-0.0099852033994272,0.053315412847263086,0.050814057708110934,0.04024817264586274
2020-05-01,UNH,Healthcare,0.0423295256096216,0.053315412847263086,0.057718693811341086,0.05702633352321628
2020-05-01,WMT,Consumer,0.0206496260971997,0.053315412847263086,0.05043977225231841,0.039232804428660194
2020-06-01,AAPL,Technology,0.1504920071697699,0.02491929146596182,0.026488397755509693,0.038568108364703334
2020-06-01,ABBV,Healthcare,0.0594581995553491,0.02491929146596182,0.029821952081329504,0.0315599631135229
2020-06-01,AMZN,Technology,0.1295667285339112,0.02491929146596182,0.026310874738818785,0.03466882127179559
2020-06-01,BAC,Financials,-0.0153396320564525,0.02491929146596182,0.03098959235742196,0.04838396303296517
2020-06-01,C,Financials,0.0779036761050835,0.02491929146596182,0.03359736426771537,0.05728595323541155
2020-06-01,COST,Consumer,-0.0170518417953305,0.02491929146596182,0.022007126621150307,0.021219621967481707
2020-06-01,GOOGL,Technology,-0.0107918207888729,0.02491929146596182,0.026740430703631867,0.03418151652457071
2020-06-01,GS,Financials,0.0120376545196028,0.02491929146596182,0.03180085013771744,0.047841726406612196
2020-06-01,JNJ,Healthcare,-0.0480342553954633,0.02491929146596182,0.023723126088260098,0.025764856722701752
2020-06-01,JPM,Financials,-0.0333984086880466,0.02491929146596182,0.02841589984760637,0.03158235690107979
2020-06-01,KO,Consumer,-0.0428448640679485,0.02491929146596182,0.02494915073290043,0.026099937442191256
2020-06-01,MCD,Consumer,-0.0033279859621566,0.02491929146596182,0.025875780901907675,0.03044139881374928
2020-06-01,MRK,Healthcare,-0.0419970748115567,0.02491929146596182,0.022217522005810498,0.0215091775630964
2020-06-01,MS,Financials,0.0927604800011461,0.02491929146596182,0.03263429754984704,0.05020182385154038
2020-06-01,MSFT,Technology,0.1136522782084261,0.02491929146596182,0.02190774994921248,0.02696046279646952
2020-06-01,NVDA,Technology,0.0701087683155177,0.02491929146596182,0.027402378003162465,0.05474992781693781
2020-06-01,PFE,Healthcare,-0.135221692233126,0.02491929146596182,0.026136461770560383,0.03091869131173598
2020-06-01,PG,Consumer,0.0314871185196667,0.02491929146596182,0.021526160964738167,0.02157570639950336
2020-06-01,UNH,Healthcare,-0.0324755965566168,0.02491929146596182,0.027682120951871038,0.03071817252632063
2020-06-01,WMT,Consumer,-0.030252500999838,0.02491929146596182,0.021577944913956,0.017856961546253276
2020-07-01,AAPL,Technology,0.1651319582013706,0.06368308005468734,0.06567739612188184,0.07473992857259291
2020-07-01,ABBV,Healthcare,-0.0333061794781851,0.06368308005468734,0.06566354976247707,0.06620631763110403
2020-07-01,AMZN,Technology,0.1471136218500213,0.06368308005468734,0.06700281940258376,0.07236666892351189
2020-07-01,BAC,Financials,0.0548846192346419,0.06368308005468734,0.06826980114852974,0.07794290464313783
2020-07-01,C,Financials,-0.021330811376826,0.06368308005468734,0.07250679430237315,0.0778282576202837
2020-07-01,COST,Consumer,0.0736121901023565,0.06368308005468734,0.058667766835091784,0.046995143944841854
2020-07-01,GOOGL,Technology,0.0492931233818045,0.06368308005468734,0.06327298546440188,0.07133639653150076
2020-07-01,GS,Financials,0.0017208159315744,0.06368308005468734,0.0681689807066589,0.07406886915311017
2020-07-01,JNJ,Healthcare,0.0364781670301868,0.06368308005468734,0.06114482536855482,0.055628577464191295
2020-07-01,JPM,Financials,0.0274294225497759,0.06368308005468734,0.06525912580253952,0.07011833189485094
2020-07-01,KO,Consumer,0.0669016504833581,0.06368308005468734,0.06195902238529609,0.05624651824245888
2020-07-01,MCD,Consumer,0.0531793811550231,0.06368308005468734,0.06366353347014055,0.061032460450731414
2020-07-01,MRK,Healthcare,0.0458790528566286,0.06368308005468734,0.05908247550113425,0.0551168311010759
2020-07-01,MS,Financials,0.0120080180761081,0.06368308005468734,0.06996634453536098,0.07506583717377614
2020-07-01,MSFT,Technology,0.0073707792489519,0.06368308005468734,0.06165495837109075,0.06031552291509391
2020-07-01,NVDA,Technology,0.1181169622159179,0.06368308005468734,0.062035467948050246,0.07482560470187306
2020-07-01,PFE,Healthcare,0.1767584160599478,0.06368308005468734,0.06297828004883298,0.07184374614721203
2020-07-01,PG,Consumer,0.0965960349303647,0.06368308005468734,0.05985165292935015,0.044707859963083664
2020-07-01,UNH,Healthcare,0.0309683281272559,0.06368308005468734,0.06458679976703192,0.06763378041910902
2020-07-01,WMT,Consumer,0.0803141281843051,0.06368308005468734,0.058210023042798896,0.047309318918369696
2020-08-01,AAPL,Technology,0.2143795420164327,0.07948313719578684,0.08184001276014362,0.0792803001694903
2020-08-01,ABBV,Healthcare,0.0213772535916119,0.07948313719578684,0.07876603709505023,0.06896399757733104
2020-08-01,AMZN,Technology,0.090461033692982,0.07948313719578684,0.08283901850400274,0.07609015203494578
2020-08-01,BAC,Financials,0.0345656960337394,0.07948313719578684,0.08484349158124255,0.07862938936398677
2020-08-01,C,Financials,0.0325474216251426,0.07948313719578684,0.08628094705835575,0.0804875133260821
2020-08-01,COST,Consumer,0.0702788816396198,0.07948313719578684,0.07594443381324022,0.04328805221198353
2020-08-01,GOOGL,Technology,0.0951509980476366,0.07948313719578684,0.07911387817442365,0.06715442710240734
2020-08-01,GS,Financials,0.0349058794210821,0.07948313719578684,0.0832547526420462,0.07318974898885809
2020-08-01,JNJ,Healthcare,0.0524838634759916,0.07948313719578684,0.07736875518229876,0.05062457042785699
2020-08-01,JPM,Financials,0.0468367797028257,0.07948313719578684,0.08168708953997493,0.0706387029462068
2020-08-01,KO,Consumer,0.0484757973393472,0.07948313719578684,0.07946921350490853,0.05578266179291122
2020-08-01,MCD,Consumer,0.0990326725425339,0.07948313719578684,0.08022116578044429,0.0633852754915124
2020-08-01,MRK,Healthcare,0.0626870064373812,0.07948313719578684,0.07620470148174856,0.05273023868532573
2020-08-01,MS,Financials,0.0765973126451002,0.07948313719578684,0.08406009578187658,0.07617812914191369
2020-08-01,MSFT,Technology,0.1000927223125309,0.07948313719578684,0.07538768076904658,0.059424992365151946
2020-08-01,NVDA,Technology,0.2599918296258561,0.07948313719578684,0.0778556870387869,0.07708164493707002
2020-08-01,PFE,Healthcare,-0.0083329209076215,0.07948313719578684,0.08475915687071661,0.06909894114720048
2020-08-01,PG,Consumer,0.0616451516849878,0.07948313719578684,0.07674432805399123,0.04438084279132515
2020-08-01,UNH,Healthcare,0.032267568375242,0.07948313719578684,0.0810906914615985,0.06835112381622083
2020-08-01,WMT,Consumer,0.073029398612803,0.07948313719578684,0.0759867104110802,0.043361712047270635
2020-09-01,AAPL,Technology,-0.1009081438000907,-0.03591113421174455,-0.030230882565518258,-0.058391292197079295
2020-09-01,ABBV,Healthcare,-0.0854132007197201,-0.03591113421174455,-0.033229365958490686,-0.037217230981889914
2020-09-01,AMZN,Technology,-0.0875785918526055,-0.03591113421174455,-0.031912219939950755,-0.055736179938585526
2020-09-01,BAC,Financials,-0.0641025355553778,-0.03591113421174455,-0.028965002574996537,-0.0788574723059849
2020-09-01,C,Financials,-0.1566900248967561,-0.03591113421174455,-0.0260038716154237,-0.08590196003938642
2020-09-01,COST,Consumer,0.0211124856791911,-0.03591113421174455,-0.03689311633872797,-0.02416520600437997
2020-09-01,GOOGL,Technology,-0.1005995603010327,-0.03591113421174455,-0.03292657425894232,-0.02715693718994452
2020-09-01,GS,Financials,-0.0130973998973055,-0.03591113421174455,-0.029432832438559996,-0.06941849045030753
2020-09-01,JNJ,Healthcare,-0.0230695070860673,-0.03591113421174455,-0.03524649882683416,-0.0247197823779961
2020-09-01,JPM,Financials,-0.0391255615682349,-0.03591113421174455,-0.03086180129722487,-0.08441313849564008
2020-09-01,KO,Consumer,-0.0032301082130208,-0.03591113421174455,-0.0336141234841332,-0.023270004992029334
2020-09-01,MCD,Consumer,0.0339740516192361,-0.03591113421174455,-0.031269644890547246,-0.025466108871104294
2020-09-01,MRK,Healthcare,-0.0272078136366374,-0.03591113421174455,-0.03608447486770552,-0.023120232504277603
2020-09-01,MS,Financials,-0.0748183232468898,-0.03591113421174455,-0.028139282685967278,-0.06260881968020864
2020-09-01,MSFT,Technology,-0.0651425208412048,-0.03591113421174455,-0.035775456687052724,-0.0403931147125924
2020-09-01,NVDA,Technology,0.0116639439120915,-0.03591113421174455,-0.03233011093871917,-0.05750847347530792
2020-09-01,PFE,Healthcare,-0.0288438812583075,-0.03591113421174455,-0.03182443153326541,-0.026801680403889628
2020-09-01,PG,Consumer,0.0047715898161018,-0.03591113421174455,-0.03643865163319964,-0.023879714262969535
2020-09-01,UNH,Healthcare,-0.0024954291883239,-0.03591113421174455,-0.0323655137787414,-0.029291014910507954
2020-09-01,WMT,Consumer,0.0117764686267278,-0.03591113421174455,-0.036642856760669064,-0.025188312327158457
2020-10-01,AAPL,Technology,-0.0600119644132058,-0.023703035902636862,-0.02110274911981354,-0.05431993521307938
2020-10-01,ABBV,Healthcare,-0.0284277980321615,-0.023703035902636862,-0.022673581821812828,-0.024147786157115263
2020-10-01,AMZN,Technology,-0.0357540853352055,-0.023703035902636862,-0.02184711371491361,-0.03727753832912555
2020-10-01,BAC,Financials,-0.0093359526416177,-0.023703035902636862,-0.018516616326131163,-0.08194693488721815
2020-10-01,C,Financials,-0.0392022758864397,-0.023703035902636862,-0.016502370079976954,-0.1026346148919475
2020-10-01,COST,Consumer,0.0073802048111519,-0.023703035902636862,-0.02606200347159105,-0.02107093252863577
2020-10-01,GOOGL,Technology,0.1026951741682584,-0.023703035902636862,-0.022856675245421877,-0.026491555522937405
2020-10-01,GS,Financials,-0.0593620801748524,-0.023703035902636862,-0.018242055465855996,-0.06059095685017606
2020-10-01,JNJ,Healthcare,-0.079057035782717,-0.023703035902636862,-0.024350831780268707,-0.02065381148875253
2020-10-01,JPM,Financials,0.0183856898493297,-0.023703035902636862,-0.0205196407048761,-0.07542267052734389
2020-10-01,KO,Consumer,-0.0186544408252259,-0.023703035902636862,-0.022569145785094755,-0.018785986361016752
2020-10-01,MCD,Consumer,-0.0295688479501421,-0.023703035902636862,-0.020464264092256077,-0.021651813119584543
2020-10-01,MRK,Healthcare,-0.086714735605431,-0.023703035902636862,-0.02565931236597279,-0.019457282242726207
2020-10-01,MS,Financials,-0.004136281064285,-0.023703035902636862,-0.01803948356704416,-0.06049245087179611
2020-10-01,MSFT,Technology,-0.037369693416429,-0.023703035902636862,-0.025385466746332574,-0.02621470667323993
2020-10-01,NVDA,Technology,-0.0733712080818346,-0.023703035902636862,-0.024117408611710002,-0.04985676241402485
2020-10-01,PFE,Healthcare,-0.0332423291551122,-0.023703035902636862,-0.02005300524937309,-0.021780960634944755
2020-10-01,PG,Consumer,-0.0135983110233299,-0.023703035902636862,-0.025448765729281363,-0.019175065138758836
2020-10-01,UNH,Healthcare,-0.0172325895939032,-0.023703035902636862,-0.021847327857407124,-0.025168886021709073
2020-10-01,WMT,Consumer,-0.008290894078147,-0.023703035902636862,-0.025760291920027337,-0.020190473958731168
2020-11-01,AAPL,Technology,0.0936064764999708,0.11905691434125525,0.12031810632739565,0.10099252556204914
2020-11-01,ABBV,Healthcare,0.2456426201535264,0.11905691434125525,0.11804367776079408,0.07414314392636047
2020-11-01,AMZN,Technology,0.0434398688653248,0.11905691434125525,0.11915366811276235,0.091487105875053
2020-11-01,BAC,Financials,0.1881857763106993,0.11905691434125525,0.12160707998377691,0.08535673066493436
2020-11-01,C,Financials,0.3460292128314544,0.11905691434125525,0.12488484304831403,0.13640123843422863
2020-11-01,COST,Consumer,0.0975975688345116,0.11905691434125525,0.11328853926492989,0.04440559794590161
2020-11-01,GOOGL,Technology,0.0855698017421573,0.11905691434125525,0.12041504097045186,0.08165144198366801
2020-11-01,GS,Financials,0.2197419229220005,0.11905691434125525,0.120822193166046,0.08522212267063148
2020-11-01,JNJ,Healthcare,0.055211088005368,0.11905691434125525,0.11518267572849585,0.061092468876470366
2020-11-01,JPM,Financials,0.2135232409203007,0.11905691434125525,0.11975048387149066,0.07799997244834687
2020-11-01,KO,Consumer,0.0736577514534086,0.11905691434125525,0.11675946148417181,0.061561267964281643
2020-11-01,MCD,Consumer,0.0208449462990296,0.11905691434125525,0.11737827960188371,0.07051705513850588
2020-11-01,MRK,Healthcare,0.0688735768178663,0.11905691434125525,0.11370415200963525,0.05614105881011711
2020-11-01,MS,Financials,0.2936301737022304,0.11905691434125525,0.12266333154769764,0.09268717328610676
2020-11-01,MSFT,Technology,0.0572924662909071,0.11905691434125525,0.11526332289607223,0.0689550979052256
2020-11-01,NVDA,Technology,0.069211797344753,0.11905691434125525,0.11657414017004981,0.09571571765790807
2020-11-01,PFE,Healthcare,0.1380703613689307,0.11905691434125525,0.11942264460021274,0.07765146617121671
2020-11-01,PG,Consumer,0.0185345393660536,0.11905691434125525,0.11387453540022602,0.047800856829708874
2020-11-01,UNH,Healthcare,0.1022477575922518,0.11905691434125525,0.1164570815650255,0.06588661648509044
2020-11-01,WMT,Consumer,0.1011889883369481,0.11905691434125525,0.11341053634463634,0.047379895652856226
2020-12-01,AAPL,Technology,0.1164966963952771,0.044701367846020336,0.05022937330914471,0.06911858698937841
2020-12-01,ABBV,Healthcare,0.0245745652794302,0.044701367846020336,0.05236353824699483,0.05468448532601413
2020-12-01,AMZN,Technology,0.0280583830144842,0.044701367846020336,0.047644148155449255,0.057592259373385045
2020-12-01,BAC,Financials,0.0763494859547204,0.044701367846020336,0.05388199186329897,0.06331364267879709
2020-12-01,C,Financials,0.1196658407726247,0.044701367846020336,0.06347559205711244,0.06681946880809966
2020-12-01,COST,Consumer,-0.0382620883921206,0.044701367846020336,0.04269400156484969,0.038818908996803916
2020-12-01,GOOGL,Technology,-0.0010031956075247,0.044701367846020336,0.04757130084971235,0.05357327156191995
2020-12-01,GS,Financials,0.1436812597164207,0.044701367846020336,0.05487311244292785,0.06045026743139881
2020-12-01,JNJ,Healthcare,0.0953388577124594,0.044701367846020336,0.04483749128170006,0.04590590999800226
2020-12-01,JPM,Financials,0.0779609386172106,0.044701367846020336,0.05281603653913203,0.058710663463324625
2020-12-01,KO,Consumer,0.0711240713788625,0.044701367846020336,0.045927777485141506,0.04456392291245087
2020-12-01,MCD,Consumer,-0.0072876655965369,0.044701367846020336,0.04544789199174452,0.048085780830240316
2020-12-01,MRK,Healthcare,0.0175396401643757,0.044701367846020336,0.044105764122120354,0.045942099457676785
2020-12-01,MS,Financials,0.1083617401615462,0.044701367846020336,0.05787162132295494,0.06171064116639811
2020-12-01,MSFT,Technology,0.0417260106354566,0.044701367846020336,0.04418076041169265,0.0484264482989629
2020-12-01,NVDA,Technology,-0.0258554210219897,0.044701367846020336,0.04634055167420624,0.07024079035548828
2020-12-01,PFE,Healthcare,-0.0292727080686693,0.044701367846020336,0.05046781660917975,0.05499102669289438
2020-12-01,PG,Consumer,0.0019441359416871,0.044701367846020336,0.04159818883071006,0.039514916218469476
2020-12-01,UNH,Healthcare,0.0426356106780283,0.044701367846020336,0.04572453298363893,0.04864725346840779
2020-12-01,WMT,Consumer,-0.0565481698389458,0.044701367846020336,0.04318678062480113,0.03962669005600188
2021-01-01,AAPL,Technology,-0.0055015630072465,-0.0062502555700688816,0.0008499575262216256,-0.006371506675731418
2021-01-01,ABBV,Healthcare,-0.0435838338794369,-0.0062502555700688816,-0.0012073430236846552,-0.006331031002483073
2021-01-01,AMZN,Technology,-0.0155760122365283,-0.0062502555700688816,-0.0024295360550128657,-0.008689550446493673
2021-01-01,BAC,Financials,-0.0156781220604107,-0.0062502555700688816,0.0023051533807128613,-0.01793363682992955
2021-01-01,C,Financials,-0.0595196824166786,-0.0062502555700688816,0.010139928074661714,-0.055619878639651524
2021-01-01,COST,Consumer,-0.0401255927794547,-0.0062502555700688816,-0.009124623099687375,-0.00646835862627053
2021-01-01,GOOGL,Technology,0.0426326473753349,-0.0062502555700688816,-0.0035743224166106405,-0.006795204468753703
2021-01-01,GS,Financials,0.0338932675854124,-0.0062502555700688816,0.004329931085112934,-0.006666512140577479
2021-01-01,JNJ,Healthcare,0.0365356808358916,-0.0062502555700688816,-0.004005779403873182,-0.006940155050671273
2021-01-01,JPM,Financials,0.0125912999352089,-0.0062502555700688816,0.0008490723664940983,-0.01577938969226101
2021-01-01,KO,Consumer,-0.1219912700214647,-0.0062502555700688816,-0.0037305152118086993,-0.006893727045021587
2021-01-01,MCD,Consumer,-0.0314099946020011,-0.0062502555700688816,-0.004748670343823492,-0.007458102175425184
2021-01-01,MRK,Healthcare,-0.0503834647880312,-0.0062502555700688816,-0.0066992406230417835,-0.008505730786922757
2021-01-01,MS,Financials,-0.0215964913647169,-0.0062502555700688816,0.005024681387938323,-0.001803578561616859
2021-01-01,MSFT,Technology,0.0428917975255116,-0.0062502555700688816,-0.005883593592949373,-0.008310466053577308
2021-01-01,NVDA,Technology,-0.0047042886502213,-0.0062502555700688816,-0.003997430861532746,-0.006860582080398601
2021-01-01,PFE,Healthcare,-0.0247214937069747,-0.0062502555700688816,-0.001984069151331731,-0.007103126051986745
2021-01-01,PG,Consumer,-0.0785538307458666,-0.0062502555700688816,-0.008441369691990483,-0.006722425660188816
2021-01-01,UNH,Healthcare,-0.0453402317353548,-0.0062502555700688816,-0.005103417005412557,-0.006920203430477735
2021-01-01,WMT,Consumer,-0.0218275957964761,-0.0062502555700688816,-0.008557470559223193,-0.0074540473385978825
2021-02-01,AAPL,Technology,-0.0810853878146342,0.03305794527461593,0.03757337113588861,0.0606499621069371
2021-02-01,ABBV,Healthcare,0.0636231528092434,0.03305794527461593,0.035533728145073606,0.04148501550547758
2021-02-01,AMZN,Technology,-0.0353284137674236,0.03305794527461593,0.035685978005540665,0.04494708218126117
2021-02-01,BAC,Financials,0.1706577316003543,0.03305794527461593,0.03892500031439545,0.05376044389997821
2021-02-01,C,Financials,0.14574158449696,0.03305794527461593,0.045492791327001104,0.06539349215339384
2021-02-01,COST,Consumer,-0.0608067937590249,0.03305794527461593,0.029785393884305848,0.03280821684538294
2021-02-01,GOOGL,Technology,0.1064652816172357,0.03305794527461593,0.035524843636647235,0.04075013675981386
2021-02-01,GS,Financials,0.1781540562299461,0.03305794527461593,0.04090172889109417,0.05397934385592882
2021-02-01,JNJ,Healthcare,-0.0286270578184593,0.03305794527461593,0.03344041995195443,0.034593595647812767
2021-02-01,JPM,Financials,0.1520160528700986,0.03305794527461593,0.037909177256859036,0.045048858584628815
2021-02-01,KO,Consumer,0.0174456042375246,0.03305794527461593,0.032549113968401426,0.04121477383548929
2021-02-01,MCD,Consumer,-0.0081795253085881,0.03305794527461593,0.03313759475548229,0.03564140554172211
2021-02-01,MRK,Healthcare,-0.0577398526104006,0.03305794527461593,0.03053450185507602,0.03559376875907713
2021-02-01,MS,Financials,0.1523526950902602,0.03305794527461593,0.041480735870513964,0.05608216226504866
2021-02-01,MSFT,Technology,0.001810701753492,0.03305794527461593,0.03243850793861266,0.03721460168505787
2021-02-01,NVDA,Technology,0.0557941340982262,0.03305794527461593,0.03489428263276701,0.0538764003099503
2021-02-01,PFE,Healthcare,-0.0569825548604983,0.03305794527461593,0.03633722342579506,0.04173634632806765
2021-02-01,PG,Consumer,-0.0306909983996914,0.03305794527461593,0.02961866436293843,0.03332673755961445
2021-02-01,UNH,Healthcare,-0.0040765959123814,0.03305794527461593,0.031464276340847315,0.03447801288137164
2021-02-01,WMT,Consumer,-0.075236694895107,0.03305794527461593,0.030323378268061644,0.033195630723267644
2021-03-01,AAPL,Technology,0.0088450196119265,0.050318159208276224,0.05249244401643359,0.07389175550603179
2021-03-01,ABBV,Healthcare,0.0044551665312044,0.050318159208276224,0.05418750936678335,0.05870604459512847
2021-03-01,AMZN,Technology,0.0003717841485171,0.050318159208276224,0.051850698015713084,0.06234890628500503
2021-03-01,BAC,Financials,0.1146640886192111,0.050318159208276224,0.05858053827234834,0.06615865791413371
2021-03-01,C,Financials,0.1042807202599667,0.050318159208276224,0.06523461044238692,0.06729018972036724
2021-03-01,COST,Consumer,0.0669970176556349,0.050318159208276224,0.04589285550781371,0.04141603610152688
2021-03-01,GOOGL,Technology,0.0200847763334031,0.050318159208276224,0.05283145094451199,0.05853884931445256
2021-03-01,GS,Financials,0.023538445831315,0.050318159208276224,0.05870103283810719,0.06855809994697834
2021-03-01,JNJ,Healthcare,0.0436373336457605,0.050318159208276224,0.04815069306824281,0.04657430635665156
2021-03-01,JPM,Financials,0.0343818159247812,0.050318159208276224,0.05661659919126864,0.0625512610852834
2021-03-01,KO,Consumer,0.0759339536757155,0.050318159208276224,0.051195924824819404,0.05357503005405301
2021-03-01,MCD,Consumer,0.0940095767606719,0.050318159208276224,0.04947966331064463,0.04569752624970698
2021-03-01,MRK,Healthcare,0.0615532454292824,0.050318159208276224,0.04641717350177471,0.048515075916050324
2021-03-01,MS,Financials,0.0102770883140403,0.050318159208276224,0.05971365851997507,0.0725309546572229
2021-03-01,MSFT,Technology,0.016925014343611,0.050318159208276224,0.04799455349502984,0.04775306867483706
2021-03-01,NVDA,Technology,-0.0267053478489236,0.050318159208276224,0.05275567156900741,0.06830159385904139
2021-03-01,PFE,Healthcare,0.0818154639752144,0.050318159208276224,0.052222430878403184,0.05774897964825486
2021-03-01,PG,Consumer,0.0963327405095901,0.050318159208276224,0.046361771660634925,0.04117769366504774
2021-03-01,UNH,Healthcare,0.1199504740528609,0.050318159208276224,0.0482805294851476,0.045939511961582066
2021-03-01,WMT,Consumer,0.0454894079694443,0.050318159208276224,0.046610856405260796,0.04164814839383431
2021-04-01,AAPL,Technology,0.0762179801484606,0.06086281168949612,0.06334408720137022,0.08735143336918318
2021-04-01,ABBV,Healthcare,0.0303088232484101,0.06086281168949612,0.06198169760054242,0.07651101667122256
2021-04-01,AMZN,Technology,0.1206627370956834,0.06086281168949612,0.06296170699651564,0.08484740965543448
2021-04-01,BAC,Financials,0.052760846727816,0.06086281168949612,0.0620898167029613,0.07817180412864677
2021-04-01,C,Financials,-0.020756194007223,0.06086281168949612,0.0683236207471745,0.08908111014232466
2021-04-01,COST,Consumer,0.0556347739729126,0.06086281168949612,0.058500403796599196,0.043850454265041985
2021-04-01,GOOGL,Technology,0.1410799540174498,0.06086281168949612,0.05890017922570793,0.06647635514878682
2021-04-01,GS,Financials,0.0697818414809132,0.06086281168949612,0.0611578350569244,0.08274664832165429
2021-04-01,JNJ,Healthcare,-0.0098568495458898,0.06086281168949612,0.059452915422544717,0.05134500522912226
2021-04-01,JPM,Financials,0.0103795076855559,0.06086281168949612,0.05963364934697576,0.06647969588213318
2021-04-01,KO,Consumer,0.032617890817236,0.06086281168949612,0.059570153143879215,0.04343112123204209
2021-04-01,MCD,Consumer,0.0532702578891783,0.06086281168949612,0.05904557291049988,0.04384352786042437
2021-04-01,MRK,Healthcare,-0.0251062518931729,0.06086281168949612,0.05903649074598759,0.050153692111513166
2021-04-01,MS,Financials,0.0629668326915442,0.06086281168949612,0.06196709180438694,0.09012450108987889
2021-04-01,MSFT,Technology,0.0696017220972171,0.06086281168949612,0.05815090782209175,0.05626430699110128
2021-04-01,NVDA,Technology,0.1248427502193085,0.06086281168949612,0.06172026270438619,0.0896114841937636
2021-04-01,PFE,Healthcare,0.0667955626108065,0.06086281168949612,0.06482709943095588,0.07882415170360163
2021-04-01,PG,Consumer,-0.0148415899867496,0.06086281168949612,0.05909030846477789,0.04392277134481876
2021-04-01,UNH,Healthcare,0.0756492350008841,0.06086281168949612,0.0608081816631475,0.05907534716502935
2021-04-01,WMT,Consumer,0.0343382493469945,0.06086281168949612,0.05890600910922651,0.04483260915146993
2021-05-01,AAPL,Technology,-0.0521073099477634,0.011303658335921923,0.015745644156016408,0.012578580079058528
2021-05-01,ABBV,Healthcare,0.0275902733054569,0.011303658335921923,0.01396772652831894,0.00835905491662263
2021-05-01,AMZN,Technology,-0.0704702552586937,0.011303658335921923,0.013726301785120024,0.00742297338077825
2021-05-01,BAC,Financials,0.0458919587079091,0.011303658335921923,0.01228529606905828,0.007328045857551838
2021-05-01,C,Financials,0.1125409436604205,0.011303658335921923,0.0179810210461591,0.014511219913163157
2021-05-01,COST,Consumer,0.0187862680824217,0.011303658335921923,0.009822346505598163,0.0076976488892473325
2021-05-01,GOOGL,Technology,0.0014234383827196,0.011303658335921923,0.012228364784589302,0.009090089177516468
2021-05-01,GS,Financials,0.0676423608421175,0.011303658335921923,0.01283879496763776,0.007951610121574368
2021-05-01,JNJ,Healthcare,0.0400664200711116,0.011303658335921923,0.008793237255822801,0.008431060971331042
2021-05-01,JPM,Financials,0.0740994585014747,0.011303658335921923,0.011029143251514922,0.006936521690736226
2021-05-01,KO,Consumer,0.0242682755183694,0.011303658335921923,0.01036967612293351,0.008854584680319365
2021-05-01,MCD,Consumer,-0.0092765943362822,0.011303658335921923,0.008779643779855828,0.007546627560035904
2021-05-01,MRK,Healthcare,0.0186578289063823,0.011303658335921923,0.009160872458379463,0.009283184074531296
2021-05-01,MS,Financials,0.1064372447873127,0.011303658335921923,0.014312191724363255,0.009636541210535527
2021-05-01,MSFT,Technology,-0.0099135863876711,0.011303658335921923,0.009769536149066537,0.007349359551869234
2021-05-01,NVDA,Technology,0.082281029891474,0.011303658335921923,0.015877755190323098,0.012667941810602705
2021-05-01,PFE,Healthcare,0.002069691060843,0.011303658335921923,0.014891822287744598,0.008173338562029633
2021-05-01,PG,Consumer,0.0171847722006712,0.011303658335921923,0.008731574508775564,0.008419196171946586
2021-05-01,UNH,Healthcare,0.0328988691503528,0.011303658335921923,0.009941587932253684,0.007050112711095326
2021-05-01,WMT,Consumer,0.0151525429573988,0.011303658335921923,0.010033333101951378,0.008854584680319365
2021-06-01,AAPL,Technology,0.1009761719121613,0.028964048549832727,0.03174386706178938,0.04197352614146604
2021-06-01,ABBV,Healthcare,-0.0049467927916722,0.028964048549832727,0.030519065055251714,0.03163157855996971
2021-06-01,AMZN,Technology,0.0673549873709398,0.028964048549832727,0.028519945359258454,0.036177347226156724
2021-06-01,BAC,Financials,-0.0273648610001192,0.028964048549832727,0.029133731906238438,0.03226142494594737
2021-06-01,C,Financials,-0.1011306882306294,0.028964048549832727,0.03717705879868776,0.0589592746743604
2021-06-01,COST,Consumer,0.0459991039926317,0.028964048549832727,0.026469037784328197,0.023196512361631897
2021-06-01,GOOGL,Technology,0.0360396849268407,0.028964048549832727,0.027470056719941478,0.03439264657507535
2021-06-01,GS,Financials,0.0236325101103536,0.028964048549832727,0.030071787484583036,0.03507298139322197
2021-06-01,JNJ,Healthcare,-0.0205745142995809,0.028964048549832727,0.026844591818614223,0.023535657601198745
2021-06-01,JPM,Financials,-0.0529713199002321,0.028964048549832727,0.029257746024114004,0.029455096106011578
2021-06-01,KO,Consumer,-0.0213420181041276,0.028964048549832727,0.02748147489964776,0.025718054086496613
2021-06-01,MCD,Consumer,-0.0069444449554465,0.028964048549832727,0.025016628217558477,0.02121403231753786
2021-06-01,MRK,Healthcare,0.0739613946701793,0.028964048549832727,0.027164155551103023,0.026573391683574758
2021-06-01,MS,Financials,0.0081363200438955,0.028964048549832727,0.03223791890709141,0.03801891645573739
2021-06-01,MSFT,Technology,0.0874938279358727,0.028964048549832727,0.02593857424186478,0.03102406656460666
2021-06-01,NVDA,Technology,0.2313398607081684,0.028964048549832727,0.03135585632160328,0.040890651780541194
2021-06-01,PFE,Healthcare,0.0210656782073457,0.028964048549832727,0.031041488860494,0.031961621503373026
2021-06-01,PG,Consumer,0.0005932824338601,0.028964048549832727,0.026410887575291867,0.0231234265315784
2021-06-01,UNH,Healthcare,-0.0278696715152013,0.028964048549832727,0.026486105085937017,0.02365685648079578
2021-06-01,WMT,Consumer,-0.0032117123645968,0.028964048549832727,0.026979839402663807,0.025620275473824023
2021-07-01,AAPL,Technology,0.0649824800904403,0.029527441236673273,0.03451836132171669,0.04106287025772414
2021-07-01,ABBV,Healthcare,0.0324928488542193,0.029527441236673273,0.030597349369055157,0.03140754233570132
2021-07-01,AMZN,Technology,-0.0327222827222827,0.029527441236673273,0.03080865480603904,0.031964332002029146
2021-07-01,BAC,Financials,-0.065693010603411,0.029527441236673273,0.028624093358809322,0.03482503967536215
2021-07-01,C,Financials,-0.044240183469477,0.029527441236673273,0.035527433169747144,0.05318323566858543
2021-07-01,COST,Consumer,0.0860564971346657,0.029527441236673273,0.027206773646000437,0.023147803015994797
2021-07-01,GOOGL,Technology,0.1035058548596994,0.029527441236673273,0.028192608248990336,0.03394212977507554
2021-07-01,GS,Financials,-0.0122518671512978,0.029527441236673273,0.029774966315323427,0.0350077476195794
2021-07-01,JNJ,Healthcare,0.0452834939880288,0.029527441236673273,0.025995881377628285,0.023762220229345186
2021-07-01,JPM,Financials,-0.0241738968399181,0.029527441236673273,0.028015280678478874,0.029388421074707197
2021-07-01,KO,Consumer,0.0619057173057477,0.029527441236673273,0.026993007492718015,0.026512073360530953
2021-07-01,MCD,Consumer,0.0507380952186884,0.029527441236673273,0.025640495559021547,0.02172937150438411
2021-07-01,MRK,Healthcare,-0.0030759592810001,0.029527441236673273,0.028755128458221726,0.0261547487057088
2021-07-01,MS,Financials,0.0467882919644471,0.029527441236673273,0.03155080667129074,0.03688650627633066
2021-07-01,MSFT,Technology,0.0517168338423279,0.029527441236673273,0.02774582093399948,0.028245530957185582
2021-07-01,NVDA,Technology,-0.0249484927396943,0.029527441236673273,0.03571134259818884,0.04627392717661536
2021-07-01,PFE,Healthcare,0.0932072232410436,0.029527441236673273,0.02985249152987046,0.02715850030848025
2021-07-01,PG,Consumer,0.0541017598217907,0.029527441236673273,0.026732388720730364,0.02349143596827742
2021-07-01,UNH,Healthcare,0.0331877452253499,0.029527441236673273,0.025941997617233783,0.024344919158474712
2021-07-01,WMT,Consumer,0.0108493372410842,0.029527441236673273,0.02698111085459795,0.026048960481419046
2021-08-01,AAPL,Technology,0.0409294835986393,0.0361182772163569,0.03962629431949993,0.040585585652343985
2021-08-01,ABBV,Healthcare,0.0500989606363613,0.0361182772163569,0.03732654280621304,0.037661229676284984
2021-08-01,AMZN,Technology,0.0430341694999938,0.0361182772163569,0.0345721139717822,0.03769201349124207
2021-08-01,BAC,Financials,0.088372993768256,0.0361182772163569,0.03567768419108212,0.038417586968962816
2021-08-01,C,Financials,0.0713835369390514,0.0361182772163569,0.04312291942568044,0.05308798074843477
2021-08-01,COST,Consumer,0.0619562355060163,0.0361182772163569,0.03444652143443799,0.031242619251114778
2021-08-01,GOOGL,Technology,0.0740091987608078,0.0361182772163569,0.035872174666717105,0.04200252785276121
2021-08-01,GS,Financials,0.1030463308400566,0.0361182772163569,0.0357886232165707,0.04089379607604473
2021-08-01,JNJ,Healthcare,0.0054005682371602,0.0361182772163569,0.033580724043617734,0.03194178955821846
2021-08-01,JPM,Financials,0.0599006475431209,0.0361182772163569,0.0354375398924811,0.039024880980822296
2021-08-01,KO,Consumer,-0.0126247793252652,0.0361182772163569,0.03480102269200279,0.03272155711209836
2021-08-01,MCD,Consumer,-0.0216308411663123,0.0361182772163569,0.03303958829872602,0.028633214644746132
2021-08-01,MRK,Healthcare,-0.0075452952675101,0.0361182772163569,0.03383077101281573,0.034377874157503
2021-08-01,MS,Financials,0.0960249063165041,0.0361182772163569,0.03839285740522494,0.04241166969221373
2021-08-01,MSFT,Technology,0.0595627313214794,0.0361182772163569,0.03350350110974927,0.035405572096935255
2021-08-01,NVDA,Technology,0.1480077449103107,0.0361182772163569,0.03855090629982837,0.04847056279602663
2021-08-01,PFE,Healthcare,0.0858970416328122,0.0361182772163569,0.0360354890459992,0.03408407565792265
2021-08-01,PG,Consumer,0.0074214710545084,0.0361182772163569,0.03349123259669954,0.029976422529000728
2021-08-01,UNH,Healthcare,0.0098248613077518,0.0361182772163569,0.033409130882015026,0.03214706086132951
2021-08-01,WMT,Consumer,0.0389337225384922,0.0361182772163569,0.03328317180262902,0.031121024534205496
2021-09-01,AAPL,Technology,-0.0666402862202824,-0.04471471679203757,-0.04191943517754981,-0.026541456697822683
2021-09-01,ABBV,Healthcare,-0.1068885599043771,-0.04471471679203757,-0.04140459474665411,-0.029406461223625967
2021-09-01,AMZN,Technology,-0.0535181087629258,-0.04471471679203757,-0.04364554242929078,-0.023889258956906596
2021-09-01,BAC,Financials,0.016766624136334,-0.04471471679203757,-0.04074657588369121,-0.06994400416626474
2021-09-01,C,Financials,-0.0240578759293529,-0.04471471679203757,-0.033984239098165725,-0.0665282540122109
2021-09-01,COST,Consumer,-0.0134800143968651,-0.04471471679203757,-0.04502565602118834,-0.025131951101344713
2021-09-01,GOOGL,Technology,-0.0761692026222115,-0.04471471679203757,-0.04369934947268667,-0.04056237338991627
2021-09-01,GS,Financials,-0.0813598820127804,-0.04471471679203757,-0.04142729105703065,-0.071059127120786
2021-09-01,JNJ,Healthcare,-0.0616317665652903,-0.04471471679203757,-0.046166864249549806,-0.02313573905718088
2021-09-01,JPM,Financials,0.0233825042025073,-0.04471471679203757,-0.042173810700088174,-0.07063404317164498
2021-09-01,KO,Consumer,-0.0681940154529794,-0.04471471679203757,-0.045348814007528805,-0.02356554098045409
2021-09-01,MCD,Consumer,0.0209377080857688,-0.04471471679203757,-0.04770169783393347,-0.022543735297014457
2021-09-01,MRK,Healthcare,-0.0154670156262385,-0.04471471679203757,-0.04554432285845069,-0.02271920692076483
2021-09-01,MS,Financials,-0.0681795759042106,-0.04471471679203757,-0.03979859847829498,-0.071542186346979
2021-09-01,MSFT,Technology,-0.064331306470599,-0.04471471679203757,-0.04580269612508216,-0.026517772273315168
2021-09-01,NVDA,Technology,-0.0743958501788644,-0.04471471679203757,-0.03934502633404694,-0.0407943569923291
2021-09-01,PFE,Healthcare,-0.0664206043459111,-0.04471471679203757,-0.04300469808681691,-0.026089346505793514
2021-09-01,PG,Consumer,-0.0181893730099581,-0.04471471679203757,-0.04659941051152087,-0.022307286203695487
2021-09-01,UNH,Healthcare,-0.0613303553494685,-0.04471471679203757,-0.04591155369694484,-0.025695352015042316
2021-09-01,WMT,Consumer,-0.0554159370464755,-0.04471471679203757,-0.045583301035898534,-0.022431165808682867
2021-10-01,AAPL,Technology,0.0586571906531847,0.07851322811640363,0.07608935253325765,0.07004316038529268
2021-10-01,ABBV,Healthcare,0.063038701046785,0.07851322811640363,0.07682756405416231,0.06901953706016416
2021-10-01,AMZN,Technology,0.0266024575966432,0.07851322811640363,0.0746078892665426,0.06170849380105251
2021-10-01,BAC,Financials,0.1313273559334531,0.07851322811640363,0.07740877504952318,0.07084471273038893
2021-10-01,C,Financials,-0.0145341079896892,0.07851322811640363,0.08285896175341584,0.07981107349570903
2021-10-01,COST,Consumer,0.0938911571420781,0.07851322811640363,0.07439914766609686,0.04790126263868666
2021-10-01,GOOGL,Technology,0.1074988446600029,0.07851322811640363,0.07350575394060187,0.0667095141371104
2021-10-01,GS,Financials,0.0934318228458344,0.07851322811640363,0.0771620138760157,0.0736867077824479
2021-10-01,JNJ,Healthcare,0.0085450829530226,0.07851322811640363,0.07372556298497625,0.05420981070861414
2021-10-01,JPM,Financials,0.0378767522704124,0.07851322811640363,0.07694641890567956,0.06373997806510212
2021-10-01,KO,Consumer,0.0824360164162325,0.07851322811640363,0.0749145488911096,0.04975544447269958
2021-10-01,MCD,Consumer,0.0184149000650595,0.07851322811640363,0.07342438759059959,0.04427673898349839
2021-10-01,MRK,Healthcare,0.1827860091074802,0.07851322811640363,0.07469828074878865,0.055390267840757325
2021-10-01,MS,Financials,0.0562122400329963,0.07851322811640363,0.07775114901168188,0.07701934819473512
2021-10-01,MSFT,Technology,0.1762913748182262,0.07851322811640363,0.072540645844519,0.06065604962766717
2021-10-01,NVDA,Technology,0.2341670254606225,0.07851322811640363,0.07842686186791063,0.07679206157227224
2021-10-01,PFE,Healthcare,0.0169731180127383,0.07851322811640363,0.07545302673360146,0.059807469528711736
2021-10-01,PG,Consumer,0.0228181759219399,0.07851322811640363,0.07352911616450794,0.04783216530855883
2021-10-01,UNH,Healthcare,0.1825928573869006,0.07851322811640363,0.07418746406602461,0.054032723420630986
2021-10-01,WMT,Consumer,0.0720329250919105,0.07851322811640363,0.07383381217496592,0.04972477256447342
2021-11-01,AAPL,Technology,0.1034714868202577,-0.0032894328247360747,-0.002524666256415577,-0.007062541558754822
2021-11-01,ABBV,Healthcare,0.0175075441657128,-0.0032894328247360747,-0.000617162596946942,-0.008022123689359496
2021-11-01,AMZN,Technology,0.039923701306487,-0.0032894328247360747,-0.004274169010986643,-0.006421199356573898
2021-11-01,BAC,Financials,-0.069275853441034,-0.0032894328247360747,-0.0010045087641937748,-0.010847161829921919
2021-11-01,C,Financials,-0.0722721916454729,-0.0032894328247360747,0.0028040805156271365,-0.016003192236501335
2021-11-01,COST,Consumer,0.0991018250974198,-0.0032894328247360747,-0.00351140961452715,-0.007607328138326324
2021-11-01,GOOGL,Technology,-0.0415310613932501,-0.0032894328247360747,-0.0033257376150200974,-0.008175592405706204
2021-11-01,GS,Financials,-0.0782874872881784,-0.0032894328247360747,-0.0013739051908099292,-0.009948595935538727
2021-11-01,JNJ,Healthcare,-0.0426695528149485,-0.0032894328247360747,-0.0062939378506957815,-0.006613668534304499
2021-11-01,JPM,Financials,-0.0594676506336322,-0.0032894328247360747,-0.0028947794946396167,-0.012708731056860403
2021-11-01,KO,Consumer,-0.0695403201533839,-0.0032894328247360747,-0.0023531182900562112,-0.006412579939017923
2021-11-01,MCD,Consumer,-0.0038686863652046,-0.0032894328247360747,-0.006940546120965446,-0.006429877367693835
2021-11-01,MRK,Healthcare,-0.1492333013263067,-0.0032894328247360747,-0.00040890561572942436,-0.008562257325289405
2021-11-01,MS,Financials,-0.0710637738320939,-0.0032894328247360747,-0.0006403634666401988,-0.011175122702229999
2021-11-01,MSFT,Technology,-0.0031061773833535,-0.0032894328247360747,-0.002228697233939128,-0.008950650358698967
2021-11-01,NVDA,Technology,0.2780539708405791,-0.0032894328247360747,0.0038137850037515118,-0.01008372986330241
2021-11-01,PFE,Healthcare,0.2283946936118082,-0.0032894328247360747,-0.0035093709900841526,-0.007325376547836482
2021-11-01,PG,Consumer,0.0173878791356951,-0.0032894328247360747,-0.005805242821027653,-0.006647865448857134
2021-11-01,UNH,Healthcare,-0.0352900482183028,-0.0032894328247360747,-0.0001824268972793086,-0.009464621582110295
2021-11-01,WMT,Consumer,-0.0588270843820915,-0.0032894328247360747,-0.0036377702467808143,-0.006238677260713073
2021-12-01,AAPL,Technology,0.0757963263257859,0.05155659777403004,0.05193478038406939,0.05343222174033316
2021-12-01,ABBV,Healthcare,0.1745317370426187,0.05155659777403004,0.048194953896907554,0.04551353343373086
2021-12-01,AMZN,Technology,-0.0492519687882848,0.05155659777403004,0.04954259606384436,0.049958122393809104
2021-12-01,BAC,Financials,0.0004497924376223,0.05155659777403004,0.04976344825630532,0.05738108322047676
2021-12-01,C,Financials,-0.0519621813336166,0.05155659777403004,0.051594435029156956,0.057520771635769366
2021-12-01,COST,Consumer,0.0525048746330782,0.05155659777403004,0.05020404391075892,0.040380123048080814
2021-12-01,GOOGL,Technology,0.02082144492203,0.05155659777403004,0.04874730207310929,0.055140843360207685
2021-12-01,GS,Financials,0.0040947626035556,0.05155659777403004,0.0497740287278977,0.05796335240815251
2021-12-01,JNJ,Healthcare,0.1042810354439498,0.05155659777403004,0.04682876482812582,0.046387367959425434
2021-12-01,JPM,Financials,-0.0030218654031478,0.05155659777403004,0.047963338515351873,0.04867811567410851
2021-12-01,KO,Consumer,0.1376389206381254,0.05155659777403004,0.04922527231730156,0.0454698258922395
2021-12-01,MCD,Consumer,0.1020281316958438,0.05155659777403004,0.04638128037687205,0.04041448291783004
2021-12-01,MRK,Healthcare,0.02309422372057,0.05155659777403004,0.04988718327110978,0.059150320676296275
2021-12-01,MS,Financials,0.0352244715537162,0.05155659777403004,0.04896416536949778,0.053607287376991594
2021-12-01,MSFT,Technology,0.0191939788475106,0.05155659777403004,0.04869480728948072,0.052022695813629484
2021-12-01,NVDA,Technology,-0.0999205532855193,0.05155659777403004,0.059682186138064953,0.08530959453336001
2021-12-01,PFE,Healthcare,0.1086607498712686,0.05155659777403004,0.05566459300863148,0.055893573896231015
2021-12-01,PG,Consumer,0.131415060355138,0.05155659777403004,0.0477116923778996,0.039418472521452655
2021-12-01,UNH,Healthcare,0.1303857076836339,0.05155659777403004,0.05006051579056481,0.05126720288933537
2021-12-01,WMT,Consumer,0.0288700305460214,0.05155659777403004,0.04733697198493567,0.04575466893376304
2022-01-01,AAPL,Technology,-0.0157121606218308,-0.05001584398313525,-0.04820448924044641,-0.0346920432962561
2022-01-01,ABBV,Healthcare,0.0110041941485941,-0.05001584398313525,-0.04627130289023184,-0.0331279181953177
2022-01-01,AMZN,Technology,-0.1028299102184566,-0.05001584398313525,-0.05081811502304246,-0.03180280684883234
2022-01-01,BAC,Financials,0.0420784816944084,-0.05001584398313525,-0.04813112206035014,-0.07960584503632467
2022-01-01,C,Financials,0.0783240802723852,-0.05001584398313525,-0.04758276257366165,-0.0839956290440022
2022-01-01,COST,Consumer,-0.1102167348616148,-0.05001584398313525,-0.05063298801747245,-0.03658037519828955
2022-01-01,GOOGL,Technology,-0.065919379016184,-0.05001584398313525,-0.049672946460589014,-0.04654973260912101
2022-01-01,GS,Financials,-0.067960592575626,-0.05001584398313525,-0.04846888259555246,-0.07864971098304704
2022-01-01,JNJ,Healthcare,0.0071315081577258,-0.05001584398313525,-0.049782518205143476,-0.029187123658637897
2022-01-01,JPM,Financials,-0.0615725192852448,-0.05001584398313525,-0.05038602432134426,-0.07919859865971637
2022-01-01,KO,Consumer,0.0304002818536262,-0.05001584398313525,-0.045608623551506654,-0.025127673525351547
2022-01-01,MCD,Consumer,-0.032155608935102,-0.05001584398313525,-0.05036271062115745,-0.02676805283955016
2022-01-01,MRK,Healthcare,0.07323882027868,-0.05001584398313525,-0.04648594478875481,-0.03688559523678699
2022-01-01,MS,Financials,0.0446211418934867,-0.05001584398313525,-0.048775938197553576,-0.07872939796064995
2022-01-01,MSFT,Technology,-0.0753451039256293,-0.05001584398313525,-0.05011704271470094,-0.035745973433444725
2022-01-01,NVDA,Technology,-0.1673525428102463,-0.05001584398313525,-0.044641784768470937,-0.07851732468519816
2022-01-01,PFE,Healthcare,-0.107705546541753,-0.05001584398313525,-0.045996366780278214,-0.05191490996558721
2022-01-01,PG,Consumer,-0.0191343894911422,-0.05001584398313525,-0.048196082739699886,-0.02544414113125946
2022-01-01,UNH,Healthcare,-0.0558183742938095,-0.05001584398313525,-0.04584597649223435,-0.036969259124493975
2022-01-01,WMT,Consumer,-0.0298367374983641,-0.05001584398313525,-0.05087897303469579,-0.023201472440411798
2022-02-01,AAPL,Technology,-0.0552693743393485,-0.027614695082394895,-0.02774951780253965,-0.025380755818996334
2022-02-01,ABBV,Healthcare,0.0906818429651195,-0.027614695082394895,-0.027681195071997976,-0.02489833912432374
2022-02-01,AMZN,Technology,0.0266725182655884,-0.027614695082394895,-0.028671652896877342,-0.02629697870550894
2022-02-01,BAC,Financials,-0.0420458154913758,-0.027614695082394895,-0.025904461937980846,-0.05484573509110552
2022-02-01,C,Financials,-0.0904482760514041,-0.027614695082394895,-0.02373560351837418,-0.05412660996135596
2022-02-01,COST,Consumer,0.0279534752902297,-0.027614695082394895,-0.029708009088325934,-0.028593484049169497
2022-02-01,GOOGL,Technology,-0.0018213031715454,-0.027614695082394895,-0.02797965180642273,-0.02670872412928508
2022-02-01,GS,Financials,-0.0377522755395483,-0.027614695082394895,-0.02678522603730511,-0.05924845930397055
2022-02-01,JNJ,Healthcare,-0.044808172226784,-0.027614695082394895,-0.02955881434009704,-0.022032569595254955
2022-02-01,JPM,Financials,-0.0400404713124192,-0.027614695082394895,-0.028680905452630138,-0.055379477603949394
2022-02-01,KO,Consumer,0.0201605872327277,-0.027614695082394895,-0.02751773238719346,-0.024499823647269547
2022-02-01,MCD,Consumer,-0.0565812231939721,-0.027614695082394895,-0.03070542597048074,-0.024041827038324824
2022-02-01,MRK,Healthcare,-0.0601375604275229,-0.027614695082394895,-0.02392374069516096,-0.02549920713134521
2022-02-01,MS,Financials,-0.1089102546039393,-0.027614695082394895,-0.027180741541226777,-0.05439905999199175
2022-02-01,MSFT,Technology,-0.0391983978225252,-0.027614695082394895,-0.028461944984874223,-0.026061095798749313
2022-02-01,NVDA,Technology,-0.0041247808324358,-0.027614695082394895,-0.02105821565606506,-0.09623433415318304
2022-02-01,PFE,Healthcare,-0.1023553723033625,-0.027614695082394895,-0.026272688913825504,-0.03336900958702171
2022-02-01,PG,Consumer,-0.0231739960208963,-0.027614695082394895,-0.029862444863413048,-0.02417856638802369
2022-02-01,UNH,Healthcare,0.0069831448270425,-0.027614695082394895,-0.02691727086815996,-0.027000462826186088
2022-02-01,WMT,Consumer,-0.0332592144424996,-0.027614695082394895,-0.029892428023881545,-0.021462972706128153
2022-03-01,AAPL,Technology,0.0588205769224225,0.04326165458723466,0.04035287982551275,0.046722864544034945
2022-03-01,ABBV,Healthcare,0.0970425934078031,0.04326165458723466,0.04310947735757243,0.04396813038386409
2022-03-01,AMZN,Technology,0.0614372850300157,0.04326165458723466,0.042657045817291746,0.048525091445724616
2022-03-01,BAC,Financials,-0.0674210153398954,0.04326165458723466,0.04134754968428313,0.04692528680610051
2022-03-01,C,Financials,-0.0913286505905998,0.04326165458723466,0.042328948784482665,0.05226021634937607
2022-03-01,COST,Consumer,0.1106838307190725,0.04326165458723466,0.04076174851990797,0.04033061755227602
2022-03-01,GOOGL,Technology,0.0296947455251459,0.04326165458723466,0.04224558449903377,0.0481429812845574
2022-03-01,GS,Financials,-0.0327871964668883,0.04326165458723466,0.041600075878557165,0.046372238342739756
2022-03-01,JNJ,Healthcare,0.0838405956346615,0.04326165458723466,0.039059670998766206,0.04314378012611342
2022-03-01,JPM,Financials,-0.0386461515577809,0.04326165458723466,0.039322384109542426,0.04614523892716003
2022-03-01,KO,Consumer,-0.0038559314638291,0.04326165458723466,0.04158454476130356,0.03908066232702744
2022-03-01,MCD,Consumer,0.0158743299617274,0.04326165458723466,0.038901259493446236,0.03897043275425393
2022-03-01,MRK,Healthcare,0.0714289200615805,0.04326165458723466,0.04314437495488497,0.051991955407438874
2022-03-01,MS,Financials,-0.0368083796131718,0.04326165458723466,0.0404529144378107,0.04752929744644002
2022-03-01,MSFT,Technology,0.0339952948481259,0.04326165458723466,0.041831394184694295,0.049053042994587646
2022-03-01,NVDA,Technology,0.1189666915139864,0.04326165458723466,0.05132331785581374,0.07298459370962158
2022-03-01,PFE,Healthcare,0.102897421590659,0.04326165458723466,0.04388734645478903,0.053917648549342785
2022-03-01,PG,Consumer,-0.0198218260130875,0.04326165458723466,0.039247253626130414,0.03864592927355593
2022-03-01,UNH,Healthcare,0.0716582526602598,0.04326165458723466,0.04334324902106392,0.051453846591160146
2022-03-01,WMT,Consumer,0.1018052403188278,0.04326165458723466,0.03861265143820624,0.036494201547657985
2022-04-01,AAPL,Technology,-0.0971304160507942,-0.08739035475313403,-0.08549990988298337,-0.04825435711262716
2022-04-01,ABBV,Healthcare,-0.0939487081847431,-0.08739035475313403,-0.08446110660026768,-0.05450513657594761
2022-04-01,AMZN,Technology,-0.2375250931362105,-0.08739035475313403,-0.08425574954771746,-0.04494049727685102
2022-04-01,BAC,Financials,-0.1301684762897228,-0.08739035475313403,-0.08664832920266273,-0.08604661015253867
2022-04-01,C,Financials,-0.0971914811775119,-0.08739035475313403,-0.08569597562242134,-0.12506407925376553
2022-04-01,COST,Consumer,-0.0766342941057033,-0.08739035475313403,-0.08523979309619298,-0.0522408391891132
2022-04-01,GOOGL,Technology,-0.1794669676982859,-0.08739035475313403,-0.08494018003469873,-0.048038701783689915
2022-04-01,GS,Financials,-0.0690982005746879,-0.08739035475313403,-0.08579582644059722,-0.0763440836845737
2022-04-01,JNJ,Healthcare,0.0182250592692958,-0.08739035475313403,-0.0859971356555669,-0.04412731684118711
2022-04-01,JPM,Financials,-0.1244131494941127,-0.08739035475313403,-0.08824756860523027,-0.09931869420812664
2022-04-01,KO,Consumer,0.0500737530512878,-0.08739035475313403,-0.08658015706440844,-0.04158190185761009
2022-04-01,MCD,Consumer,0.0076029000400388,-0.08739035475313403,-0.0882381039535502,-0.04007017947458063
2022-04-01,MRK,Healthcare,0.0905409164884913,-0.08739035475313403,-0.08227697406693808,-0.05036986656795064
2022-04-01,MS,Financials,-0.0779176615956621,-0.08739035475313403,-0.08569329379333415,-0.07041825686124983
2022-04-01,MSFT,Technology,-0.0998670424670421,-0.08739035475313403,-0.08466273795737678,-0.04818111215300735
2022-04-01,NVDA,Technology,-0.3201582870820033,-0.08739035475313403,-0.0749599327639394,-0.07719054693163739
2022-04-01,PFE,Healthcare,-0.0521537001439562,-0.08739035475313403,-0.08025428103036412,-0.05451318765656321
2022-04-01,PG,Consumer,0.0507199648473726,-0.08739035475313403,-0.08876191939774779,-0.04011446599115925
2022-04-01,UNH,Healthcare,0.0001663983152413,-0.08739035475313403,-0.08362580857393961,-0.048298362608680215
2022-04-01,WMT,Consumer,0.0313032183282997,-0.08739035475313403,-0.08594455357864832,-0.03904154278965356
2022-05-01,AAPL,Technology,-0.0558833108849552,0.005522378051669615,0.0041817578212652124,0.007339220748747622
2022-05-01,ABBV,Healthcare,0.0118635111186597,0.005522378051669615,0.0048151639787978205,0.006722446564024305
2022-05-01,AMZN,Technology,-0.0327643176031664,0.005522378051669615,0.004820538777493226,-0.02099644097880435
2022-05-01,BAC,Financials,0.0426011165713171,0.005522378051669615,0.004660888286320912,0.0020972216705254236
2022-05-01,C,Financials,0.1192738390340493,0.005522378051669615,0.005561726593631236,0.0032988121689005298
2022-05-01,COST,Consumer,-0.1217585341927693,0.005522378051669615,0.0039531387559149575,0.006747499249475672
2022-05-01,GOOGL,Technology,-0.003045307883885,0.005522378051669615,0.0046512055986875295,-0.0036421114496479156
2022-05-01,GS,Financials,0.0699205052578124,0.005522378051669615,0.004598973404633541,0.005424298699485923
2022-05-01,JNJ,Healthcare,-0.0051534015372626,0.005522378051669615,0.003630964288338465,0.00671501779872708
2022-05-01,JPM,Financials,0.1160367599455225,0.005522378051669615,0.002705963757621265,0.0053590804909635845
2022-05-01,KO,Consumer,-0.0190374278369358,0.005522378051669615,0.0051997140785896906,0.0065243370969013045
2022-05-01,MCD,Consumer,0.0122411094573444,0.005522378051669615,0.0022578196837098707,0.006307018671313561
2022-05-01,MRK,Healthcare,0.0376595275075297,0.005522378051669615,0.008850553084374088,0.005904620693405715
2022-05-01,MS,Financials,0.0780462899487195,0.005522378051669615,0.005068554659197562,0.005361737409342013
2022-05-01,MSFT,Technology,-0.0203586568549583,0.005522378051669615,0.005163158928244481,0.007129008928094162
2022-05-01,NVDA,Technology,0.0067395571675665,0.005522378051669615,0.014643925484844247,-0.043811622883748055
2022-05-01,PFE,Healthcare,0.0809047879227635,0.005522378051669615,0.008594534923045112,0.01073144874969944
2022-05-01,PG,Consumer,-0.0737486645055585,0.005522378051669615,0.00316369141383806,0.006005770785264109
2022-05-01,UNH,Healthcare,-0.0231442901070306,0.005522378051669615,0.0060328839115224775,0.006863369566637867
2022-05-01,WMT,Consumer,-0.1592260892572937,0.005522378051669615,0.0036853696044059914,0.006417945578872973
2022-06-01,AAPL,Technology,-0.0800803779148618,-0.08316225654733983,-0.08173289608720602,-0.04671956265534971
2022-06-01,ABBV,Healthcare,0.0392889907707489,-0.08316225654733983,-0.08000745341200823,-0.05117392510813878
2022-06-01,AMZN,Technology,-0.1164592126224128,-0.08316225654733983,-0.07859386270883367,-0.05203935608826124
2022-06-01,BAC,Financials,-0.1631720417520932,-0.08316225654733983,-0.07911380007529892,-0.10056715055138853
2022-06-01,C,Financials,-0.1389251901962965,-0.08316225654733983,-0.07731351969510547,-0.10101287815147378
2022-06-01,COST,Consumer,0.0280123089847559,-0.08316225654733983,-0.08142907421457288,-0.05740718708519116
2022-06-01,GOOGL,Technology,-0.042184566867761,-0.08316225654733983,-0.07903239634473856,-0.05181658013601202
2022-06-01,GS,Financials,-0.0856996728735876,-0.08316225654733983,-0.07969510937012378,-0.10020992132265845
2022-06-01,JNJ,Healthcare,-0.0048979508766823,-0.08316225654733983,-0.08341980468026115,-0.04427866056002578
2022-06-01,JPM,Financials,-0.148377891136853,-0.08316225654733983,-0.07906816272848291,-0.1009903021193426
2022-06-01,KO,Consumer,-0.0074153943654794,-0.08316225654733983,-0.08241345389579155,-0.03962727550119502
2022-06-01,MCD,Consumer,-0.0211333637406347,-0.08316225654733983,-0.08440591443164314,-0.037786537988417655
2022-06-01,MRK,Healthcare,-0.0093449448143831,-0.08316225654733983,-0.07873557193426087,-0.05525199039520818
2022-06-01,MS,Financials,-0.1170186903021905,-0.08316225654733983,-0.0793514380323503,-0.08599540840476648
2022-06-01,MSFT,Technology,-0.0531204945848383,-0.08316225654733983,-0.08009945269346368,-0.04732350591362898
2022-06-01,NVDA,Technology,-0.1881425942275161,-0.08316225654733983,-0.06643895425052752,-0.06088806814154449
2022-06-01,PFE,Healthcare,-0.0034396159531929,-0.08316225654733983,-0.07590302580009296,-0.05552567171925163
2022-06-01,PG,Consumer,-0.0276575555469825,-0.08316225654733983,-0.08445107163844562,-0.04269073196474596
2022-06-01,UNH,Healthcare,0.0339186470737638,-0.08316225654733983,-0.08075564565111276,-0.04663040955979107
2022-06-01,WMT,Consumer,-0.051372338225553,-0.08316225654733983,-0.08327921898862926,-0.10782349872762545
2022-07-01,AAPL,Technology,0.188634018139167,0.1016109689013567,0.09882502712902085,0.07548530917709426
2022-07-01,ABBV,Healthcare,-0.0630060667801006,0.1016109689013567,0.10090557254604998,0.07284819121312155
2022-07-01,AMZN,Technology,0.2705959712975005,0.1016109689013567,0.10076837624227013,0.11903059576577531
2022-07-01,BAC,Financials,0.0923463232765444,0.1016109689013567,0.09990444993383837,0.08159222359168289
2022-07-01,C,Financials,0.1285060737299797,0.1016109689013567,0.0995519458038868,0.10357836803794716
2022-07-01,COST,Consumer,0.129402629727106,0.1016109689013567,0.10172742691446074,0.06973950406915363
2022-07-01,GOOGL,Technology,0.0675183903556742,0.1016109689013567,0.10107327994469617,0.0826333299593041
2022-07-01,GS,Financials,0.1224495537537988,0.1016109689013567,0.09885149460364624,0.06853139311141337
2022-07-01,JNJ,Healthcare,-0.0168443042411226,0.1016109689013567,0.09711682890582167,0.05371831301547962
2022-07-01,JPM,Financials,0.024420485583388,0.1016109689013567,0.09859016905259986,0.07303813079395191
2022-07-01,KO,Consumer,0.0273980290487381,0.1016109689013567,0.09831251445764526,0.04784924576496618
2022-07-01,MCD,Consumer,0.072706029022157,0.1016109689013567,0.0957908921346784,0.04758736390135745
2022-07-01,MRK,Healthcare,-0.0120525296599905,0.1016109689013567,0.10117584892188472,0.07428547384554526
2022-07-01,MS,Financials,0.1083354761900403,0.1016109689013567,0.09920132219112478,0.07722395213292771
2022-07-01,MSFT,Technology,0.0930966398696431,0.1016109689013567,0.09995875514967602,0.08049604647885852
2022-07-01,NVDA,Technology,0.1984192081692037,0.1016109689013567,0.11125204252324866,0.10490455995374291
2022-07-01,PFE,Healthcare,-0.0366201549682813,0.1016109689013567,0.10344388784826296,0.08218332760540004
2022-07-01,PG,Consumer,-0.0339384109099274,0.1016109689013567,0.0971669909048946,0.048619332833900984
2022-07-01,UNH,Healthcare,0.0596617328752284,0.1016109689013567,0.1005315543938789,0.06435731584151637
2022-07-01,WMT,Consumer,0.0861159412155103,0.1016109689013567,0.09941950468040348,0.06330215472162799
2022-08-01,AAPL,Technology,-0.0325522212654935,-0.039419839043826205,-0.03250846048627303,-0.028672413277521857
2022-08-01,ABBV,Healthcare,-0.0542976193924259,-0.039419839043826205,-0.03781602871932332,-0.03243461636905672
2022-08-01,AMZN,Technology,-0.0606150462405203,-0.039419839043826205,-0.02604088732820032,-0.027573456503856637
2022-08-01,BAC,Financials,-0.0059155530302803,-0.039419839043826205,-0.033330402020093026,-0.07738346228356299
2022-08-01,C,Financials,-0.0502638656315015,-0.039419839043826205,-0.03245930259501639,-0.07791929387280552
2022-08-01,COST,Consumer,-0.0338054654215463,-0.039419839043826205,-0.033960817460958116,-0.02836000566941638
2022-08-01,GOOGL,Technology,-0.0696354378035732,-0.039419839043826205,-0.03535451064862369,-0.024791480177966736
2022-08-01,GS,Financials,-0.002159511568552,-0.039419839043826205,-0.03427161330289286,-0.07695512562905607
2022-08-01,JNJ,Healthcare,-0.0755214905730361,-0.039419839043826205,-0.0409162950016752,-0.02376828427640246
2022-08-01,JPM,Financials,-0.0054089299925903,-0.039419839043826205,-0.03624451760057589,-0.07783030181335934
2022-08-01,KO,Consumer,-0.038335460146133,-0.039419839043826205,-0.03906819135237984,-0.023836270467772508
2022-08-01,MCD,Consumer,-0.042108063591798,-0.039419839043826205,-0.04017732974325714,-0.02371995745858881
2022-08-01,MRK,Healthcare,-0.044548941027495,-0.039419839043826205,-0.036650548512709394,-0.02994890194036511
2022-08-01,MS,Financials,0.0204984520580759,-0.039419839043826205,-0.03415127531523993,-0.07714850454949596
2022-08-01,MSFT,Technology,-0.0686399605780139,-0.039419839043826205,-0.03502521459917399,-0.027533370424380244
2022-08-01,NVDA,Technology,-0.1689698848327734,-0.039419839043826205,-0.019141869034898153,-0.03668104455611158
2022-08-01,PFE,Healthcare,-0.097585379114231,-0.039419839043826205,-0.03469646372335314,-0.03019549334078069
2022-08-01,PG,Consumer,-0.0005362817679614,-0.039419839043826205,-0.040722513483537864,-0.023226755412445163
2022-08-01,UNH,Healthcare,-0.0424273066147429,-0.039419839043826205,-0.03683584029978696,-0.02713844474887749
2022-08-01,WMT,Consumer,0.0037865147050555,-0.039419839043826205,-0.03555326177620523,-0.025424122455490247
2022-09-01,AAPL,Technology,-0.1197558253536872,-0.09324319302684003,-0.08863103166038164,-0.0558526174755706
2022-09-01,ABBV,Healthcare,-0.0018593877591096,-0.09324319302684003,-0.08971723572599757,-0.056327742510874884
2022-09-01,AMZN,Technology,-0.1086218900978376,-0.09324319302684003,-0.084127345428123,-0.056695819212440435
2022-09-01,BAC,Financials,-0.1014578567516949,-0.09324319302684003,-0.08806407513303621,-0.10347089011472783
2022-09-01,C,Financials,-0.1462816577573916,-0.09324319302684003,-0.08839546077907236,-0.10178460293486437
2022-09-01,COST,Consumer,-0.0954415882076644,-0.09324319302684003,-0.08903413825486586,-0.05037922643652995
2022-09-01,GOOGL,Technology,-0.1161522737650374,-0.09324319302684003,-0.09043839458273324,-0.05369722076775317
2022-09-01,GS,Financials,-0.1124463688848373,-0.09324319302684003,-0.08977754628681087,-0.10328906578824132
2022-09-01,JNJ,Healthcare,0.0193234679305771,-0.09324319302684003,-0.09368428106424247,-0.05294191119878293
2022-09-01,JPM,Financials,-0.0811570311905613,-0.09324319302684003,-0.08974771703916526,-0.10219919025752666
2022-09-01,KO,Consumer,-0.0922055240613693,-0.09324319302684003,-0.09251685309454195,-0.04191808628766544
2022-09-01,MCD,Consumer,-0.0803749842881639,-0.09324319302684003,-0.09443950948818146,-0.041509780116342695
2022-09-01,MRK,Healthcare,0.0089034083662062,-0.09324319302684003,-0.0894858623427797,-0.056051611090349535
2022-09-01,MS,Financials,-0.0728700325942742,-0.09324319302684003,-0.08884944425934448,-0.10318156943767777
2022-09-01,MSFT,Technology,-0.1073762928576607,-0.09324319302684003,-0.09010671265670375,-0.05653722897625843
2022-09-01,NVDA,Technology,-0.1957731376524657,-0.09324319302684003,-0.07732210322448153,-0.15631139254917792
2022-09-01,PFE,Healthcare,-0.0325006763610177,-0.09324319302684003,-0.08755831631916128,-0.06493404343974721
2022-09-01,PG,Consumer,-0.0847471349833572,-0.09324319302684003,-0.09273872618670616,-0.04130819881971789
2022-09-01,UNH,Healthcare,-0.0275163027515925,-0.09324319302684003,-0.0906942500560942,-0.05327445325661165
2022-09-01,WMT,Consumer,-0.0172396680596164,-0.09324319302684003,-0.08961218895700575,-0.04306140675981448
2022-10-01,AAPL,Technology,0.1095513494113769,0.08966048803204638,0.08947757034451764,0.08575427506614744
2022-10-01,ABBV,Healthcare,0.090827806396079,0.08966048803204638,0.08859732811426953,0.06922498507235204
2022-10-01,AMZN,Technology,-0.0934513058282632,0.08966048803204638,0.09425455649764763,0.10830213218574283
2022-10-01,BAC,Financials,0.2012404906660043,0.08966048803204638,0.08968447815047806,0.07954035825861812
2022-10-01,C,Financials,0.1005520308129239,0.08966048803204638,0.08980039019169292,0.12240297061938023
2022-10-01,COST,Consumer,0.0618928052734562,0.08966048803204638,0.08960971623436503,0.07393768148671157
2022-10-01,GOOGL,Technology,-0.0119185511754148,0.08966048803204638,0.08808551831485678,0.08724185307254124
2022-10-01,GS,Financials,0.1756012935109794,0.08966048803204638,0.08762119575707313,0.07536286684064482
2022-10-01,JNJ,Healthcare,0.0649486978302986,0.08966048803204638,0.08617999149269814,0.05245504979482606
2022-10-01,JPM,Financials,0.2045932760248217,0.08966048803204638,0.08793057459449768,0.10732006637048461
2022-10-01,KO,Consumer,0.0761576408076483,0.08966048803204638,0.0858465657847285,0.05127044966014044
2022-10-01,MCD,Consumer,0.1816764302204487,0.08966048803204638,0.08472123478678786,0.051860906065903295
2022-10-01,MRK,Healthcare,0.1845777358399571,0.08966048803204638,0.09010535843114027,0.07440283991812971
2022-10-01,MS,Financials,0.0399948775001501,0.08966048803204638,0.0884344796689822,0.0767368261918056
2022-10-01,MSFT,Technology,-0.0033060731686352,0.08966048803204638,0.08858525080720837,0.08326038466265145
2022-10-01,NVDA,Technology,0.1122014132830837,0.08966048803204638,0.10203135856537798,0.12639365975771166
2022-10-01,PFE,Healthcare,0.0637568944799087,0.08966048803204638,0.09206482956414877,0.08246285299753885
2022-10-01,PG,Consumer,0.0666930628066486,0.08966048803204638,0.0854676845431613,0.051715964374253416
2022-10-01,UNH,Healthcare,0.1026692096711323,0.08966048803204638,0.08792790874672156,0.06602010000268028
2022-10-01,WMT,Consumer,0.0973785279406973,0.08966048803204638,0.08858067044957552,0.06290449875462116
2022-11-01,AAPL,Technology,-0.0346288519061879,0.06207236614609068,0.06681038244286686,0.0720424784727694
2022-11-01,ABBV,Healthcare,0.1121589078961065,0.06207236614609068,0.06337437878693356,0.06423713234396457
2022-11-01,AMZN,Technology,-0.0575947030970991,0.06207236614609068,0.06775286751078277,0.11005534102055552
2022-11-01,BAC,Financials,0.0502219752273107,0.06207236614609068,0.06935470964099581,0.07458282722977812
2022-11-01,C,Financials,0.0556041600382442,0.06207236614609068,0.06789990671379022,0.08202553700923132
2022-11-01,COST,Consumer,0.0772150914259248,0.06207236614609068,0.0650735376391961,0.06254199931419867
2022-11-01,GOOGL,Technology,0.0685642235487431,0.06207236614609068,0.06154254907708841,0.1004692602490161
2022-11-01,GS,Financials,0.1208671990963714,0.06207236614609068,0.06714815515100195,0.06892682684101321
2022-11-01,JNJ,Healthcare,0.0231647746878569,0.06207236614609068,0.06028607920116838,0.049925811447013066
2022-11-01,JPM,Financials,0.1075331999613364,0.06207236614609068,0.0689728270735833,0.0746009721200445
2022-11-01,KO,Consumer,0.0628238306693846,0.06207236614609068,0.061663932627395036,0.04505477728713265
2022-11-01,MCD,Consumer,0.0004767731417267,0.06207236614609068,0.06479128973305115,0.055374273212992854
2022-11-01,MRK,Healthcare,0.0881424175164324,0.06207236614609068,0.06615480081527776,0.06639970583431978
2022-11-01,MS,Financials,0.1436361553875123,0.06207236614609068,0.06325987725859278,0.06824572435981453
2022-11-01,MSFT,Technology,0.0991253610713507,0.06207236614609068,0.06045456816305029,0.06421669954164701
2022-11-01,NVDA,Technology,0.2538343688107143,0.06207236614609068,0.07882497211821733,0.13922314478579254
2022-11-01,PFE,Healthcare,0.0769065765427514,0.06207236614609068,0.0668147262865768,0.07028624229902641
2022-11-01,PG,Consumer,0.1154572463554528,0.06207236614609068,0.06142363541831135,0.046072060621919195
2022-11-01,UNH,Healthcare,-0.0133118692922549,0.06207236614609068,0.06163763486260579,0.05087377975767212
2022-11-01,WMT,Consumer,0.0708914915703562,0.06207236614609068,0.06387063831932016,0.0585688508834492
2022-12-01,AAPL,Technology,-0.1208163894463349,-0.05694939586739149,-0.0523056244815177,-0.04561475784870752
2022-12-01,ABBV,Healthcare,0.0026675447504849,-0.05694939586739149,-0.05232618323767257,-0.0430561423011488
2022-12-01,AMZN,Technology,-0.1298943525647971,-0.05694939586739149,-0.04814632411288154,-0.050115426237047546
2022-12-01,BAC,Financials,-0.1249671559770134,-0.05694939586739149,-0.049657220533226396,-0.10277596011886449
2022-12-01,C,Financials,-0.0548767934467729,-0.05694939586739149,-0.04917008460709469,-0.10204043758092184
2022-12-01,COST,Consumer,-0.1534537937839825,-0.05694939586739149,-0.05120727930238071,-0.03562182046288605
2022-12-01,GOOGL,Technology,-0.126349078983932,-0.05694939586739149,-0.05276385487956799,-0.03409860381972245
2022-12-01,GS,Financials,-0.1049283163279003,-0.05694939586739149,-0.04984117043503777,-0.0758125683891392
2022-12-01,JNJ,Healthcare,-0.0011787043464699,-0.05694939586739149,-0.05719422151392428,-0.03320831225101767
2022-12-01,JPM,Financials,-0.0295264990782535,-0.05694939586739149,-0.0485391418913518,-0.10054256936397404
2022-12-01,KO,Consumer,0.0070921466613202,-0.05694939586739149,-0.055617632684350285,-0.02856083833218271
2022-12-01,MCD,Consumer,-0.0285047353357134,-0.05694939586739149,-0.05461191314912296,-0.026721912879862857
2022-12-01,MRK,Healthcare,0.0075374145470221,-0.05694939586739149,-0.05448344628589252,-0.03666882333774514
2022-12-01,MS,Financials,-0.0864941126146675,-0.05694939586739149,-0.05039256497589217,-0.07614419548486327
2022-12-01,MSFT,Technology,-0.0573964121112833,-0.05694939586739149,-0.052947870113845205,-0.032050917757631504
2022-12-01,NVDA,Technology,-0.1362208724319376,-0.05694939586739149,-0.03558165026200729,-0.05622409630453722
2022-12-01,PFE,Healthcare,0.0309030193365371,-0.05694939586739149,-0.0518506184381205,-0.04370903022599706
2022-12-01,PG,Consumer,0.0160897859793438,-0.05694939586739149,-0.0531147843906737,-0.025250340133146486
2022-12-01,UNH,Healthcare,-0.0320942279923049,-0.05694939586739149,-0.05688296614808944,-0.035819847508634595
2022-12-01,WMT,Consumer,-0.069741553279693,-0.05694939586739149,-0.053119390878780315,-0.02880265007109409
2023-01-01,AAPL,Technology,0.1105207867300865,0.07050077903608917,0.07134199940467696,0.07676465056341548
2023-01-01,ABBV,Healthcare,-0.0857617944773481,0.07050077903608917,0.06911846624306607,0.05761149883151485
2023-01-01,AMZN,Technology,0.2277380625406901,0.07050077903608917,0.07564210935995559,0.141656110645587
2023-01-01,BAC,Financials,0.0775189624253456,0.07050077903608917,0.07287252513488632,0.07876490552101954
2023-01-01,C,Financials,0.1545434475148366,0.07050077903608917,0.07357627342925854,0.07726327302810534
2023-01-01,COST,Consumer,0.1196933888543327,0.07050077903608917,0.07102719563028419,0.07288110725410772
2023-01-01,GOOGL,Technology,0.1202537939986949,0.07050077903608917,0.06920491455279226,0.10859113733882651
2023-01-01,GS,Financials,0.0653212162096523,0.07050077903608917,0.07184005230788156,0.07521322412239621
2023-01-01,JNJ,Healthcare,-0.0748938593518488,0.07050077903608917,0.06608155703832218,0.05124240604676279
2023-01-01,JPM,Financials,0.043698525442033,0.07050077903608917,0.0738162260841358,0.07566422719072527
2023-01-01,KO,Consumer,-0.0360007771435217,0.07050077903608917,0.06660657250685308,0.04602917080196049
2023-01-01,MCD,Consumer,0.0146852504034904,0.07050077903608917,0.06909692688617927,0.05627739525050696
2023-01-01,MRK,Healthcare,-0.0254923244364014,0.07050077903608917,0.06884597780686798,0.058378104051062175
2023-01-01,MS,Financials,0.1447895389690869,0.07050077903608917,0.07093545822471184,0.07132003180931555
2023-01-01,MSFT,Technology,0.0333166446262744,0.07050077903608917,0.06907132970207651,0.07245205015155899
2023-01-01,NVDA,Technology,0.3368691716075596,0.07050077903608917,0.08266205436663569,0.13702552848263425
2023-01-01,PFE,Healthcare,-0.1381732708124936,0.07050077903608917,0.07124143032481753,0.06698337456633356
2023-01-01,PG,Consumer,-0.0605697366195421,0.07050077903608917,0.06844897583021071,0.04792231211332475
2023-01-01,UNH,Healthcare,-0.0555496241682458,0.07050077903608917,0.06644603700151025,0.053993191647774746
2023-01-01,WMT,Consumer,0.0184946706839019,0.07050077903608917,0.06968632260678921,0.066174756144319
2023-02-01,AAPL,Technology,0.0216232406200007,-0.022274698971525245,-0.014646525744004516,-0.021087657288601153
2023-02-01,ABBV,Healthcare,0.0515260772027104,-0.022274698971525245,-0.021997990854325807,-0.014070238900387418
2023-02-01,AMZN,Technology,-0.0862987892321446,-0.022274698971525245,-0.006572828003605824,-0.04062971026815842
2023-02-01,BAC,Financials,-0.0332580834092436,-0.022274698971525245,-0.014151142724133974,-0.04427634649536457
2023-02-01,C,Financials,-0.0292989959891237,-0.022274698971525245,-0.012603086851472527,-0.04585743575850919
2023-02-01,COST,Consumer,-0.0527447870555485,-0.022274698971525245,-0.01517955619719402,-0.009301229276418514
2023-02-01,GOOGL,Technology,-0.0888305614155586,-0.022274698971525245,-0.0160281842697478,-0.03348362667578052
2023-02-01,GS,Financials,-0.0387086408466164,-0.022274698971525245,-0.01627172786259944,-0.022785783258787953
2023-02-01,JNJ,Healthcare,-0.0621712019840872,-0.022274698971525245,-0.024932560682646994,-0.011889919943346292
2023-02-01,JPM,Financials,0.0317868608366755,-0.022274698971525245,-0.01587702214668533,-0.025448283083444902
2023-02-01,KO,Consumer,-0.0295171284252806,-0.022274698971525245,-0.0245210966497019,-0.010235920917269827
2023-02-01,MCD,Consumer,-0.0130515933405064,-0.022274698971525245,-0.02104194341463561,-0.010659623946684248
2023-02-01,MRK,Healthcare,-0.0108928445836509,-0.022274698971525245,-0.02201810607759241,-0.01166494117483788
2023-02-01,MS,Financials,-0.0005306704917739,-0.022274698971525245,-0.014792316086522941,-0.022964173209743585
2023-02-01,MSFT,Technology,0.0064968311870694,-0.022274698971525245,-0.020234614485714935,-0.018070281273264363
2023-02-01,NVDA,Technology,0.188308904193494,-0.022274698971525245,0.0026436102237515414,-0.03505993440069375
2023-02-01,PFE,Healthcare,-0.0728613596890231,-0.022274698971525245,-0.02170689802974265,-0.0212671190959886
2023-02-01,PG,Consumer,-0.02779068391226,-0.022274698971525245,-0.02315988834930187,-0.01090477809984782
2023-02-01,UNH,Healthcare,-0.0465754626415082,-0.022274698971525245,-0.024632166663532355,-0.011143071767291944
2023-02-01,WMT,Consumer,-0.0120941234630733,-0.022274698971525245,-0.019664134177297052,-0.011352770839068898
2023-03-01,AAPL,Technology,0.1203567243360552,0.042301981301908764,0.04678346095566505,0.06153936899221305
2023-03-01,ABBV,Healthcare,0.0355423942643351,0.042301981301908764,0.04312310518926437,0.04640894761249059
2023-03-01,AMZN,Technology,0.0961476943206232,0.042301981301908764,0.0514277567835398,0.0892138570826346
2023-03-01,BAC,Financials,-0.1661808184775322,0.042301981301908764,0.04707189655063787,0.07222348795184184
2023-03-01,C,Financials,-0.0658421326109124,0.042301981301908764,0.046986047974392375,0.0683977045649847
2023-03-01,COST,Consumer,0.0279956814117889,0.042301981301908764,0.0453179325948227,0.057619761178792736
2023-03-01,GOOGL,Technology,0.1517879737869651,0.042301981301908764,0.04390453881852024,0.07223222311676505
2023-03-01,GS,Financials,-0.0697851802875235,0.042301981301908764,0.045106523665861306,0.060343244584411385
2023-03-01,JNJ,Healthcare,0.0186276694867917,0.042301981301908764,0.03864647563495222,0.04502305513808507
2023-03-01,JPM,Financials,-0.0909663945664499,0.042301981301908764,0.04684512435317694,0.05970962509656484
2023-03-01,KO,Consumer,0.0423456102681778,0.042301981301908764,0.03887448512727851,0.04053870569200021
2023-03-01,MCD,Consumer,0.0656070985101868,0.042301981301908764,0.0412033452006049,0.04126346237643478
2023-03-01,MRK,Healthcare,0.0014118960905991,0.042301981301908764,0.04066925695019762,0.04504982451598214
2023-03-01,MS,Financials,-0.090155446779517,0.042301981301908764,0.04485348943860735,0.05561974468654785
2023-03-01,MSFT,Technology,0.1587767845008532,0.042301981301908764,0.042353163425901126,0.05071103226698599
2023-03-01,NVDA,Technology,0.1964596941773748,0.042301981301908764,0.06390113823574156,0.06773477385388255
2023-03-01,PFE,Healthcare,0.0056693382763208,0.042301981301908764,0.04211785575739155,0.05438558097658921
2023-03-01,PG,Consumer,0.0809099902042744,0.042301981301908764,0.040539060625018726,0.0415835853532849
2023-03-01,UNH,Healthcare,-0.0070386530695437,0.042301981301908764,0.039037378755811536,0.04410067974813762
2023-03-01,WMT,Consumer,0.0374305454353973,0.042301981301908764,0.04280881086880289,0.049687553285787334
2023-04-01,AAPL,Technology,0.0289870378511882,0.02074268045207587,0.02793001201723531,0.020300681001361544
2023-04-01,ABBV,Healthcare,-0.0517661722080979,0.02074268045207587,0.02126822739794453,0.012892470939823422
2023-04-01,AMZN,Technology,0.0209119567583442,0.02074268045207587,0.033697649169622715,0.026445749987006606
2023-04-01,BAC,Financials,0.0304163227475158,0.02074268045207587,0.024925341445530255,0.025313134816541592
2023-04-01,C,Financials,0.0038388996031615,0.02074268045207587,0.025058511246047244,0.02223564427936628
2023-04-01,COST,Consumer,0.0127800062717433,0.02074268045207587,0.02500203184695102,0.014231686614994011
2023-04-01,GOOGL,Technology,0.0348016562040871,0.02074268045207587,0.02845523614382693,0.022465356316610292
2023-04-01,GS,Financials,0.057439650420515,0.02074268045207587,0.02384497418166855,0.020799317718069057
2023-04-01,JNJ,Healthcare,0.0561288415045482,0.02074268045207587,0.018114378285369253,0.012346809686110825
2023-04-01,JPM,Financials,0.060854929064448,0.02074268045207587,0.024229481721152867,0.02073458398530744
2023-04-01,KO,Consumer,0.042109944067235,0.02074268045207587,0.01913952520113274,0.01252205912540315
2023-04-01,MCD,Consumer,0.0577234567023143,0.02074268045207587,0.02162581157353793,0.012150008039112004
2023-04-01,MRK,Healthcare,0.0928921165458511,0.02074268045207587,0.01988053731659131,0.012628857893141433
2023-04-01,MS,Financials,0.0247152872664877,0.02074268045207587,0.0228718517742767,0.01444270978760547
2023-04-01,MSFT,Technology,0.0657649583467312,0.02074268045207587,0.025666974169840907,0.015783706618355715
2023-04-01,NVDA,Technology,-0.000838559967154,0.02074268045207587,0.0434457927448575,-0.0011268689530554326
2023-04-01,PFE,Healthcare,-0.0468137133182586,0.02074268045207587,0.021507443297044408,0.014471175349530645
2023-04-01,PG,Consumer,0.0517184221841124,0.02074268045207587,0.0217774664445941,0.012409507202961937
2023-04-01,UNH,Healthcare,0.0449707104894077,0.02074268045207587,0.01814551303788242,0.012929370202337516
2023-04-01,WMT,Consumer,0.0280690050485978,0.02074268045207587,0.022039415819500904,0.012784017673306633
2023-05-01,AAPL,Technology,0.0446136832303938,0.007893630321576806,0.013049412742421171,0.011076424481377765
2023-05-01,ABBV,Healthcare,-0.0786849157331706,0.007893630321576806,0.006568411065077112,0.009016843788691753
2023-05-01,AMZN,Technology,0.1434803728845883,0.007893630321576806,0.017569311843392943,0.018126684178561937
2023-05-01,BAC,Financials,-0.0508880253785037,0.007893630321576806,0.014896520797696223,0.017367056572732985
2023-05-01,C,Financials,-0.0481011646751629,0.007893630321576806,0.012963233237314733,0.010041336381099546
2023-05-01,COST,Consumer,0.0165732747673867,0.007893630321576806,0.011739138604896074,0.007863438102512325
2023-05-01,GOOGL,Technology,0.1446806765255412,0.007893630321576806,0.012007490965825953,0.00771169186318895
2023-05-01,GS,Financials,-0.0568948242652661,0.007893630321576806,0.012951225571508851,0.008869070792704317
2023-05-01,JNJ,Healthcare,-0.0527795600256233,0.007893630321576806,0.006573287286664845,0.0070554191021135575
2023-05-01,JPM,Financials,-0.0105970791938569,0.007893630321576806,0.012960056760339577,0.008397256936195195
2023-05-01,KO,Consumer,-0.0699923741019639,0.007893630321576806,0.006518276591626215,0.007541240888117688
2023-05-01,MCD,Consumer,-0.03597650922653,0.007893630321576806,0.008989191485333673,0.007071358437150767
2023-05-01,MRK,Healthcare,-0.0438208184904136,0.007893630321576806,0.008894316942190532,0.006757014267690444
2023-05-01,MS,Financials,-0.0833824141988355,0.007893630321576806,0.011569985506670532,0.006796597062400502
2023-05-01,MSFT,Technology,0.0687690866597399,0.007893630321576806,0.010729112643494463,0.006826476284529377
2023-05-01,NVDA,Technology,0.3634363955175532,0.007893630321576806,0.023129818909340426,-0.012562797511252662
2023-05-01,PFE,Healthcare,-0.022370721991368,0.007893630321576806,0.008035244770237333,0.011104901048332446
2023-05-01,PG,Consumer,-0.0830530307122805,0.007893630321576806,0.00874398660101282,0.007483521904137476
2023-05-01,UNH,Healthcare,-0.0098559781614769,0.007893630321576806,0.006673129388869824,0.007739725405710635
2023-05-01,WMT,Consumer,-0.0271576764121592,0.007893630321576806,0.009323647531851689,0.007679624277014194
2023-06-01,AAPL,Technology,0.0958435152255254,0.07361259855197724,0.07711050280347617,0.07711240272005365
2023-06-01,ABBV,Healthcare,-0.0234125828531095,0.07361259855197724,0.0711208074108437,0.06158471442973945
2023-06-01,AMZN,Technology,0.08110796675057,0.07361259855197724,0.084419131090797,0.0871271806027571
2023-06-01,BAC,Financials,0.0323858970627246,0.07361259855197724,0.07781311122749751,0.08506248926560481
2023-06-01,C,Financials,0.038808638377388,0.07361259855197724,0.07587927361664759,0.07713803716515254
2023-06-01,COST,Consumer,0.0546227514976016,0.07361259855197724,0.07471507571529266,0.06501289650486809
2023-06-01,GOOGL,Technology,-0.0257998550171556,0.07361259855197724,0.07905313092006565,0.07710534352566616
2023-06-01,GS,Financials,0.0033835719039074,0.07361259855197724,0.07556486854046043,0.07543837589952168
2023-06-01,JNJ,Healthcare,0.0755119484396911,0.07361259855197724,0.06931284338128982,0.05648469376598481
2023-06-01,JPM,Financials,0.0716969170280532,0.07361259855197724,0.07562844484911439,0.07161164294232417
2023-06-01,KO,Consumer,0.0093866893104008,0.07361259855197724,0.06948861559324146,0.051589293672252
2023-06-01,MCD,Consumer,0.0466488434132876,0.07361259855197724,0.07197636209959032,0.058227849819326674
2023-06-01,MRK,Healthcare,0.0451044579507462,0.07361259855197724,0.07138544750454161,0.06020557414667453
2023-06-01,MS,Financials,0.0445205982284047,0.07361259855197724,0.07452359888125645,0.07228200616475546
2023-06-01,MSFT,Technology,0.0392656058564822,0.07361259855197724,0.07495550634672112,0.07297668889166704
2023-06-01,NVDA,Technology,0.1180949371097999,0.07361259855197724,0.0951371824797798,0.09288346014522102
2023-06-01,PFE,Healthcare,-0.0248053776754839,0.07361259855197724,0.07194458623008275,0.057946636991845483
2023-06-01,PG,Consumer,0.0648423384581196,0.07361259855197724,0.0708636193434966,0.053905423359371527
2023-06-01,UNH,Healthcare,-0.0135456910532159,0.07361259855197724,0.06991347704618166,0.05552267706062801
2023-06-01,WMT,Consumer,0.0742633898339053,0.07361259855197724,0.06985760498368844,0.0485433850364726
2023-07-01,AAPL,Technology,0.0127854627241965,0.03814482773975746,0.04252337219818434,0.04616410592336416
2023-07-01,ABBV,Healthcare,0.1102204808129878,0.03814482773975746,0.037365874563677307,0.03821326720861747
2023-07-01,AMZN,Technology,0.0254678739635265,0.03814482773975746,0.047748923209080446,0.06238951329302961
2023-07-01,BAC,Financials,0.1242714193693748,0.03814482773975746,0.04302745126897522,0.049018175304708346
2023-07-01,C,Financials,0.0351867491801924,0.03814482773975746,0.04127176689002768,0.041766945599695265
2023-07-01,COST,Consumer,0.0414019664818972,0.03814482773975746,0.040749931755928226,0.040336379043095914
2023-07-01,GOOGL,Technology,0.1087723318863913,0.03814482773975746,0.04140005928636704,0.04942409170714023
2023-07-01,GS,Financials,0.1033359250657746,0.03814482773975746,0.04120130847773574,0.04180832501655909
2023-07-01,JNJ,Healthcare,0.0121434432027729,0.03814482773975746,0.03743761178659837,0.03555139715580514
2023-07-01,JPM,Financials,0.086083723879186,0.03814482773975746,0.04022726909864732,0.04110434272610086
2023-07-01,KO,Consumer,0.0362279897465822,0.03814482773975746,0.036139380450727746,0.0340701002659154
2023-07-01,MCD,Consumer,-0.0122436882912427,0.03814482773975746,0.038519561003319706,0.034922118812572914
2023-07-01,MRK,Healthcare,-0.0695678960445556,0.03814482773975746,0.03806535054473071,0.03581672775761091
2023-07-01,MS,Financials,0.0721311272364313,0.03814482773975746,0.04075341448087373,0.04159379809465229
2023-07-01,MSFT,Technology,-0.0135666049132707,0.03814482773975746,0.039177709693410424,0.04338588310371063
2023-07-01,NVDA,Technology,0.1047667335742463,0.03814482773975746,0.05276036853691187,0.0825701952672351
2023-07-01,PFE,Healthcare,-0.0169028669859956,0.03814482773975746,0.03722818335487228,0.042083655890284406
2023-07-01,PG,Consumer,0.0300513188743087,0.03814482773975746,0.03875495209567376,0.03427798358028006
2023-07-01,UNH,Healthcare,0.0578576832141108,0.03814482773975746,0.035130507412242926,0.035394373996341384
2023-07-01,WMT,Consumer,0.0170504023364461,0.03814482773975746,0.03643110176548599,0.031720855030437464
2023-08-01,AAPL,Technology,-0.0436753256849045,-0.013440127790227092,-0.010620516356817093,-0.006307808580782649
2023-08-01,ABBV,Healthcare,-0.0066235358731315,-0.013440127790227092,-0.01043767395618106,-0.0063296131850161886
2023-08-01,AMZN,Technology,0.0323907994336623,-0.013440127790227092,-0.006274113749577153,-0.0035102738611627097
2023-08-01,BAC,Financials,-0.1040624229968911,-0.013440127790227092,-0.005507876283433091,-0.008166461779881883
2023-08-01,C,Financials,-0.1336548755018264,-0.013440127790227092,-0.010064361495593902,-0.010490452107971225
2023-08-01,COST,Consumer,-0.0203148031921999,-0.013440127790227092,-0.010703642862266733,-0.006291634262926198
2023-08-01,GOOGL,Technology,0.0259942276805718,-0.013440127790227092,-0.0064711362418495575,-0.004606335553383671
2023-08-01,GS,Financials,-0.079130062873687,-0.013440127790227092,-0.0077433984572210885,-0.00878496756755522
2023-08-01,JNJ,Healthcare,-0.0349191547234638,-0.013440127790227092,-0.014105286526609665,-0.0062938495590531725
2023-08-01,JPM,Financials,-0.0672642845661875,-0.013440127790227092,-0.009860624962919163,-0.009649328972827498
2023-08-01,KO,Consumer,-0.033909181321355,-0.013440127790227092,-0.013781828900947962,-0.005961119388389166
2023-08-01,MCD,Consumer,-0.0410984183326497,-0.013440127790227092,-0.012926404387870287,-0.007038128992747851
2023-08-01,MRK,Healthcare,0.0218472191905911,-0.013440127790227092,-0.013551972487622329,-0.008102816057716606
2023-08-01,MS,Financials,-0.0614070411101532,-0.013440127790227092,-0.00951527502977785,-0.008703858303021447
2023-08-01,MSFT,Technology,-0.0242916463196261,-0.013440127790227092,-0.012189409457720683,-0.006998871428234325
2023-08-01,NVDA,Technology,0.0561963030812182,-0.013440127790227092,0.002192695778824709,-0.01496733268508169
2023-08-01,PFE,Healthcare,-0.0079263098421603,-0.013440127790227092,-0.01309458647053924,-0.02719785215986656
2023-08-01,PG,Consumer,-0.0063185393523426,-0.013440127790227092,-0.012520912233782246,-0.00633870581910387
2023-08-01,UNH,Healthcare,-0.058830626574203,-0.013440127790227092,-0.01411183369209004,-0.006727348971216291
2023-08-01,WMT,Consumer,0.0172026512704244,-0.013440127790227092,-0.015308963219684607,-0.00619082973961233
2023-09-01,AAPL,Technology,-0.0874473574218468,-0.04617475060692526,-0.04345460898375352,-0.03207779216522931
2023-09-01,ABBV,Healthcare,0.0142891855995526,-0.04617475060692526,-0.0448240818870833,-0.024522683839275125
2023-09-01,AMZN,Technology,-0.078907268992859,-0.04617475060692526,-0.03854016978310215,-0.031236978488596193
2023-09-01,BAC,Financials,-0.037036428780429,-0.04617475060692526,-0.04061468846792877,-0.09477414052351556
2023-09-01,C,Financials,0.0076824331982716,-0.04617475060692526,-0.04375967004670942,-0.0954284042981471
2023-09-01,COST,Consumer,0.030489697032223,-0.04617475060692526,-0.04383268990264168,-0.026119460306949498
2023-09-01,GOOGL,Technology,-0.038995319706973,-0.04617475060692526,-0.0405209433472851,-0.03322610143452765
2023-09-01,GS,Financials,-0.0044000082319705,-0.04617475060692526,-0.0422000956762233,-0.07388303940591927
2023-09-01,JNJ,Healthcare,-0.0296833018833522,-0.04617475060692526,-0.04748804457206696,-0.02419175339663035
2023-09-01,JPM,Financials,-0.0089522546419098,-0.04617475060692526,-0.04372641863877747,-0.06470850015967196
2023-09-01,KO,Consumer,-0.064348976079458,-0.04617475060692526,-0.04700211609739748,-0.023251905197739738
2023-09-01,MCD,Consumer,-0.0579535716732081,-0.04617475060692526,-0.04541937592441547,-0.0239883087029346
2023-09-01,MRK,Healthcare,-0.0553312550639139,-0.04617475060692526,-0.04452185326603544,-0.027250665044107038
2023-09-01,MS,Financials,-0.0408692199224479,-0.04617475060692526,-0.04326714241869347,-0.06702871497714609
2023-09-01,MSFT,Technology,-0.0346028689673419,-0.04617475060692526,-0.044935513202093734,-0.028601148554209664
2023-09-01,NVDA,Technology,-0.1186507789614806,-0.04617475060692526,-0.034199830777301175,-0.07503721136197011
2023-09-01,PFE,Healthcare,-0.0624645783860877,-0.04617475060692526,-0.04564828507400995,-0.023222301686950886
2023-09-01,PG,Consumer,-0.054943428157445,-0.04617475060692526,-0.04510008747466692,-0.023962694498480507
2023-09-01,UNH,Healthcare,0.057933704023279,-0.04617475060692526,-0.04786043461330927,-0.02425736863996242
2023-09-01,WMT,Consumer,-0.0129848278022414,-0.04617475060692526,-0.04735793047649844,-0.026037306646894385
2023-10-01,AAPL,Technology,-0.0025701616310193,-0.01794328230865368,-0.017238325117337885,-0.01099831263449217
2023-10-01,ABBV,Healthcare,-0.0528645317203649,-0.01794328230865368,-0.01692735372376723,-0.007338726955127049
2023-10-01,AMZN,Technology,0.0469634476268063,-0.01794328230865368,-0.013220279854328247,-0.008917245703843146
2023-10-01,BAC,Financials,-0.0379840248588585,-0.01794328230865368,-0.012459423915884438,-0.018182191808408188
2023-10-01,C,Financials,-0.039873682443043,-0.01794328230865368,-0.015514370105948727,-0.01225154585707963
2023-10-01,COST,Consumer,-0.0221608585142649,-0.01794328230865368,-0.01653994336084309,-0.00709076395468915
2023-10-01,GOOGL,Technology,-0.0518109587452179,-0.01794328230865368,-0.015198642842838091,-0.006672407601440006
2023-10-01,GS,Financials,-0.0616870186181397,-0.01794328230865368,-0.014484114752693332,-0.011200839894945254
2023-10-01,JNJ,Healthcare,-0.0475762177514149,-0.01794328230865368,-0.01964348312361491,-0.007245804606774303
2023-10-01,JPM,Financials,-0.0410977374117583,-0.01794328230865368,-0.01607989300992166,-0.012490499228448484
2023-10-01,KO,Consumer,0.0171164269953227,-0.01794328230865368,-0.020482867832081527,-0.00770328342091822
2023-10-01,MCD,Consumer,-0.0048207090344379,-0.01794328230865368,-0.018479480622021486,-0.008523123738377677
2023-10-01,MRK,Healthcare,0.004372423541701,-0.01794328230865368,-0.01760271848895981,-0.008437652760232292
2023-10-01,MS,Financials,-0.1328517040638208,-0.01794328230865368,-0.015669501232175205,-0.012165977302761003
2023-10-01,MSFT,Technology,0.0708155000082437,-0.01794328230865368,-0.01891523750158783,-0.00716662917308465
2023-10-01,NVDA,Technology,-0.0624298106930523,-0.01794328230865368,-0.011601166034109642,-0.016409075687710308
2023-10-01,PFE,Healthcare,-0.0786855763283111,-0.01794328230865368,-0.01874409425512332,-0.02065593447794677
2023-10-01,PG,Consumer,0.0285891477676623,-0.01794328230865368,-0.01884366018422095,-0.008153795324139033
2023-10-01,UNH,Healthcare,0.0663538068697473,-0.01794328230865368,-0.018106480283494764,-0.006458300682800525
2023-10-01,WMT,Consumer,0.0217595915253954,-0.01794328230865368,-0.020316295530722204,-0.007250026281375869
2023-11-01,AAPL,Technology,0.1123147907948409,0.09942428650818634,0.09850070195002786,0.07705481092634087
2023-11-01,ABBV,Healthcare,0.0186659226452627,0.09942428650818634,0.09664694094800398,0.05889983659952384
2023-11-01,AMZN,Technology,0.0976782655173829,0.09942428650818634,0.10263809732062999,0.08835639638672495
2023-11-01,BAC,Financials,0.1575551596571986,0.09942428650818634,0.09988748451730979,0.07773303222116641
2023-11-01,C,Financials,0.1673840781222411,0.09942428650818634,0.09795461525336438,0.06825189575104512
2023-11-01,COST,Consumer,0.0729491770859744,0.09942428650818634,0.09737596320206025,0.05731164890470212
2023-11-01,GOOGL,Technology,0.0681010499010854,0.09942428650818634,0.0997024171826645,0.08517682535553371
2023-11-01,GS,Financials,0.1249301140974248,0.09942428650818634,0.09788313191758741,0.07340675204886324
2023-11-01,JNJ,Healthcare,0.0426048177321363,0.09942428650818634,0.09457821775822359,0.0567113139248009
2023-11-01,JPM,Financials,0.1306749328894498,0.09942428650818634,0.09624806199815471,0.05702687303786764
2023-11-01,KO,Consumer,0.0345192722496516,0.09942428650818634,0.0950276673315466,0.04756270507697592
2023-11-01,MCD,Consumer,0.0750276166204215,0.09942428650818634,0.09407315791397279,0.04981427930395148
2023-11-01,MRK,Healthcare,-0.0021421041006348,0.09942428650818634,0.0956424363520049,0.05236295416679185
2023-11-01,MS,Financials,0.1339968995314531,0.09942428650818634,0.0989037601726511,0.08121131317971693
2023-11-01,MSFT,Technology,0.1206706795076348,0.09942428650818634,0.09744173939929168,0.06055138481688746
2023-11-01,NVDA,Technology,0.146885858970007,0.09942428650818634,0.10615137420753479,0.11477032640573435
2023-11-01,PFE,Healthcare,-0.0029450166112833,0.09942428650818634,0.09540299219514914,0.07743211041183667
2023-11-01,PG,Consumer,0.0297204422539196,0.09942428650818634,0.09711297998214403,0.046271957582562875
2023-11-01,UNH,Healthcare,0.0325078549481001,0.09942428650818634,0.09607833476972724,0.052279944185062606
2023-11-01,WMT,Consumer,-0.047243139004277,0.09942428650818634,0.09425942275339699,0.0448242405973438
2023-12-01,AAPL,Technology,0.0149178782944976,0.05196634661328456,0.05421889589417035,0.06073792053858802
2023-12-01,ABBV,Healthcare,0.0883490644084463,0.05196634661328456,0.050409944127193365,0.0489044218972881
2023-12-01,AMZN,Technology,0.0400438513940761,0.05196634661328456,0.05650839314679129,0.0655462546697452
2023-12-01,BAC,Financials,0.1131101745113196,0.05196634661328456,0.05828965468175445,0.070832826261368
2023-12-01,C,Financials,0.1303229323140331,0.05196634661328456,0.056740850206566384,0.061242760721937815
2023-12-01,COST,Consumer,0.1156519420990382,0.05196634661328456,0.052548740504676096,0.04459847812182003
2023-12-01,GOOGL,Technology,0.0540258000038562,0.05196634661328456,0.05533052305292433,0.06152061988140562
2023-12-01,GS,Financials,0.1387765120676798,0.05196634661328456,0.054710660559040086,0.05932721145335915
2023-12-01,JNJ,Healthcare,0.021564867051667,0.05196634661328456,0.049875451475557823,0.04874697035286191
2023-12-01,JPM,Financials,0.0898259229540723,0.05196634661328456,0.05315052874428277,0.05224478575961044
2023-12-01,KO,Consumer,0.0164140419322595,0.05196634661328456,0.04857612605042116,0.04239986306587796
2023-12-01,MCD,Consumer,0.0583545791944022,0.05196634661328456,0.04963061766554806,0.04004624417261131
2023-12-01,MRK,Healthcare,0.063817296125862,0.05196634661328456,0.048358750745266244,0.0486876127937064
2023-12-01,MS,Financials,0.1753214087557908,0.05196634661328456,0.05684180520912474,0.06332273263584363
2023-12-01,MSFT,Technology,-0.0055601029090456,0.05196634661328456,0.05214062466709599,0.05369275141562751
2023-12-01,NVDA,Technology,0.0588410548891511,0.05196634661328456,0.0629810677155131,0.09088508760779877
2023-12-01,PFE,Healthcare,-0.0423971711542552,0.05196634661328456,0.04908178955828023,0.08586718878306361
2023-12-01,PG,Consumer,-0.045466538887179,0.05196634661328456,0.04976816161894039,0.04200306290623053
2023-12-01,UNH,Healthcare,-0.0479230360101253,0.05196634661328456,0.04914133169120466,0.04705547338632191
2023-12-01,WMT,Consumer,0.012589084455401,0.05196634661328456,0.046814270368366676,0.04286880428054395
2024-01-01,AAPL,Technology,-0.0422273342651711,0.022052058444270772,0.021167611397792614,0.02322193182986037
2024-01-01,ABBV,Healthcare,0.0608503237027733,0.022052058444270772,0.023004822043477948,0.018068253938916343
2024-01-01,AMZN,Technology,0.0214558013324577,0.022052058444270772,0.02385562675566634,0.03292785906927089
2024-01-01,BAC,Financials,0.0100980727672632,0.022052058444270772,0.027784782658770903,0.023001669232843164
2024-01-01,C,Financials,0.0919518002875554,0.022052058444270772,0.027201180629879047,0.021209535385413036
2024-01-01,COST,Consumer,0.0766599181238167,0.022052058444270772,0.021316548609780755,0.017161260396727544
2024-01-01,GOOGL,Technology,0.0029348943197804,0.022052058444270772,0.02368261350295328,0.027075257439892187
2024-01-01,GS,Financials,-0.0045620722822449,0.022052058444270772,0.025722016310833554,0.0207210779643789
2024-01-01,JNJ,Healthcare,0.0137806847496204,0.022052058444270772,0.020339682467914,0.017483520922410168
2024-01-01,JPM,Financials,0.0250439888640774,0.022052058444270772,0.023199077987919984,0.01723891194687808
2024-01-01,KO,Consumer,0.0095027470574551,0.022052058444270772,0.01905584383421226,0.015190839548610405
2024-01-01,MCD,Consumer,-0.0127819589108882,0.022052058444270772,0.020079464584966542,0.016025027198608443
2024-01-01,MRK,Healthcare,0.1158920454506748,0.022052058444270772,0.020654349337992747,0.016475270861121723
2024-01-01,MS,Financials,-0.0644504747786666,0.022052058444270772,0.029142713803682656,0.02735246777493162
2024-01-01,MSFT,Technology,0.0572812015061516,0.022052058444270772,0.01995124819500487,0.024312453810218397
2024-01-01,NVDA,Technology,0.2425267342515915,0.022052058444270772,0.029021019039517214,0.07928916755216614
2024-01-01,PFE,Healthcare,-0.0593955794757288,0.022052058444270772,0.01858106266774785,0.03194224916340269
2024-01-01,PG,Consumer,0.0723352720771211,0.022052058444270772,0.019611150678574534,0.018740508307484877
2024-01-01,UNH,Healthcare,-0.0246626977070806,0.022052058444270772,0.018740398101548837,0.01767153795040657
2024-01-01,WMT,Consumer,0.0521011920331826,0.022052058444270772,0.01745639935299577,0.014827363679554962
2024-02-01,AAPL,Technology,-0.0197939257253919,0.05987595768483906,0.057387037557489154,0.05855419891963879
2024-02-01,ABBV,Healthcare,0.0810952197914636,0.05987595768483906,0.05867565404894204,0.04926596918766574
2024-02-01,AMZN,Technology,0.1389175127740745,0.05987595768483906,0.05852702367013612,0.05934398090784276
2024-02-01,BAC,Financials,0.0149954437415089,0.05987595768483906,0.06282284128978682,0.0676627346974919
2024-02-01,C,Financials,-0.0121061020106351,0.05987595768483906,0.06275036203329407,0.06498887729102827
2024-02-01,COST,Consumer,0.0705301860514742,0.05987595768483906,0.05704902740276457,0.043764800279626107
2024-02-01,GOOGL,Technology,-0.0117058829605091,0.05987595768483906,0.059643205347278704,0.06601293410847282
2024-02-01,GS,Financials,0.0131244194121651,0.05987595768483906,0.06022048715149498,0.06473726863678735
2024-02-01,JNJ,Healthcare,0.0156072357929959,0.05987595768483906,0.056425172882112504,0.05040670700785691
2024-02-01,JPM,Financials,0.0736825865338202,0.05987595768483906,0.05908593998426877,0.05603853009331092
2024-02-01,KO,Consumer,0.0089090724018567,0.05987595768483906,0.05567672778997388,0.0445982757481911
2024-02-01,MCD,Consumer,-0.0015031019523952,0.05987595768483906,0.05597951357338285,0.0472163041899863
2024-02-01,MRK,Healthcare,0.0527405533688636,0.05987595768483906,0.05943284354100713,0.05078851041466626
2024-02-01,MS,Financials,-0.0040939327884049,0.05987595768483906,0.06158977172703627,0.06845706797643224
2024-02-01,MSFT,Technology,0.0403943785407994,0.05987595768483906,0.0579378451506617,0.05735389893659782
2024-02-01,NVDA,Technology,0.2858095456014653,0.05987595768483906,0.06806898737205497,0.09435330301428924
2024-02-01,PFE,Healthcare,-0.0044430082737019,0.05987595768483906,0.05358311215639744,0.09059995259034935
2024-02-01,PG,Consumer,0.0178426985112152,0.05987595768483906,0.05832281376006976,0.043673527815996004
2024-02-01,UNH,Healthcare,-0.0354477019184849,0.05987595768483906,0.055714943634736364,0.05214088827442573
2024-02-01,WMT,Consumer,0.0640242256514587,0.05987595768483906,0.055310065710192126,0.04225911363976891
2024-03-01,AAPL,Technology,-0.0500757019139171,0.038018433092951893,0.036640645638370266,0.03932359499773259
2024-03-01,ABBV,Healthcare,0.0343654376171405,0.038018433092951893,0.03789401181184531,0.03464153417014997
2024-03-01,AMZN,Technology,0.0204798058863742,0.038018433092951893,0.03770187173029377,0.04353800590610138
2024-03-01,BAC,Financials,0.1062319914787404,0.038018433092951893,0.04137216607257675,0.04234975515697333
2024-03-01,C,Financials,0.1505422542987922,0.038018433092951893,0.03951845621511962,0.04157385512683384
2024-03-01,COST,Consumer,-0.0136887986270604,0.038018433092951893,0.03442945942130776,0.02841152337907912
2024-03-01,GOOGL,Technology,0.0900618832245985,0.038018433092951893,0.03676942206052496,0.04015384163607947
2024-03-01,GS,Financials,0.0812235112517452,0.038018433092951893,0.03886445657918312,0.040433771228344496
2024-03-01,JNJ,Healthcare,-0.0123243883674004,0.038018433092951893,0.03436839658924577,0.029348866659133502
2024-03-01,JPM,Financials,0.076534593047868,0.038018433092951893,0.03865162419524776,0.03655240906342593
2024-03-01,KO,Consumer,0.0193269297684295,0.038018433092951893,0.03409088484480169,0.0282784630255995
2024-03-01,MCD,Consumer,-0.0298544603643808,0.038018433092951893,0.03472996593943928,0.031783184483687575
2024-03-01,MRK,Healthcare,0.0377507328326758,0.038018433092951893,0.03694022201116259,0.03443462395700769
2024-03-01,MS,Financials,0.0943748209468684,0.038018433092951893,0.04124690639596352,0.04366969337933974
2024-03-01,MSFT,Technology,0.0189972430441318,0.038018433092951893,0.03605935054934769,0.04024001557386145
2024-03-01,NVDA,Technology,0.1421276460080553,0.038018433092951893,0.048041178514032085,0.08848426128459694
2024-03-01,PFE,Healthcare,0.0448042611324839,0.038018433092951893,0.03290477418752827,0.04130239279265916
2024-03-01,PG,Consumer,0.0208252291341395,0.038018433092951893,0.0357653261229816,0.03264873189695104
2024-03-01,UNH,Healthcare,0.0022285262250119,0.038018433092951893,0.034015436563882125,0.030785790396336526
2024-03-01,WMT,Consumer,0.0266164183737844,0.038018433092951893,0.03423516262056024,0.02740762435066631
2024-04-01,AAPL,Technology,-0.0067062376359444,-0.03867014196211757,-0.039245032043312866,-0.02561734442241477
2024-04-01,ABBV,Healthcare,-0.1068645901343203,-0.03867014196211757,-0.03785432869892154,-0.025337515763477238
2024-04-01,AMZN,Technology,-0.029825949313549,-0.03867014196211757,-0.039122494587945325,-0.04369161953767213
2024-04-01,BAC,Financials,-0.0239980056049451,-0.03867014196211757,-0.03439001154898912,-0.05370018465000259
2024-04-01,C,Financials,-0.0302024171016999,-0.03867014196211757,-0.03260323816521147,-0.05487847526069792
2024-04-01,COST,Consumer,-0.0132810157395603,-0.03867014196211757,-0.04148198311206135,-0.02790604075054249
2024-04-01,GOOGL,Technology,0.0785133504732411,-0.03867014196211757,-0.03728098517291496,-0.029011200931379502
2024-04-01,GS,Financials,0.0215947913369114,-0.03867014196211757,-0.035594915760464634,-0.053878333779708645
2024-04-01,JNJ,Healthcare,-0.0859725796528584,-0.03867014196211757,-0.04097839363709012,-0.023863561034921023
2024-04-01,JPM,Financials,-0.0427358713679796,-0.03867014196211757,-0.037906353214708206,-0.055645805117036234
2024-04-01,KO,Consumer,0.0177195268478496,-0.03867014196211757,-0.0408503405673885,-0.02353571332692914
2024-04-01,MCD,Consumer,-0.0316012700396585,-0.03867014196211757,-0.040793185323262336,-0.023440436568410578
2024-04-01,MRK,Healthcare,-0.0144777562070055,-0.03867014196211757,-0.0383530424804905,-0.02646258740156304
2024-04-01,MS,Financials,-0.0352590943998523,-0.03867014196211757,-0.03244778629768739,-0.055820953317025204
2024-04-01,MSFT,Technology,-0.0746102420299122,-0.03867014196211757,-0.04046683021770737,-0.028718511397416647
2024-04-01,NVDA,Technology,-0.0437154762902688,-0.03867014196211757,-0.029330243130802014,-0.061718621830957714
2024-04-01,PFE,Healthcare,-0.0767569002744509,-0.03867014196211757,-0.04045343173444175,-0.025340517829567175
2024-04-01,PG,Consumer,0.0058553450361094,-0.03867014196211757,-0.039559762802012795,-0.023581608903210993
2024-04-01,UNH,Healthcare,-0.0183811919631584,-0.03867014196211757,-0.04034587692938311,-0.02376828427640246
2024-04-01,WMT,Consumer,-0.0102684834001792,-0.03867014196211757,-0.04137752560016236,-0.026107433620118376
2024-05-01,AAPL,Technology,0.1286913821979769,0.05596952331397655,0.05400061736637903,0.05583144550219054
2024-05-01,ABBV,Healthcare,0.0006508601121955,0.05596952331397655,0.05332312795467146,0.055729517415777814
2024-05-01,AMZN,Technology,0.0082285853794643,0.05596952331397655,0.05317604708042124,0.059761921763625846
2024-05-01,BAC,Financials,0.0805189174449223,0.05596952331397655,0.05623710153702076,0.06339647918035779
2024-05-01,C,Financials,0.0159791210697366,0.05596952331397655,0.05713733590423157,0.06497559248242603
2024-05-01,COST,Consumer,0.122132990173476,0.05596952331397655,0.051340774624871195,0.04477957917082639
2024-05-01,GOOGL,Technology,0.0597123977202596,0.05596952331397655,0.05510418336498052,0.054049914390023344
2024-05-01,GS,Financials,0.0698602339690521,0.05596952331397655,0.055899168688381747,0.0564228147337475
2024-05-01,JNJ,Healthcare,0.0143855317556309,0.05596952331397655,0.05106531078890936,0.05293728257258882
2024-05-01,JPM,Financials,0.0629600156234044,0.05596952331397655,0.05338141583443653,0.053773123748461216
2024-05-01,KO,Consumer,0.0187793842036909,0.05596952331397655,0.05144441176708673,0.044346521836037885
2024-05-01,MCD,Consumer,-0.0518238992078945,0.05596952331397655,0.05150795023136257,0.046850436515839596
2024-05-01,MRK,Healthcare,-0.0284785933323777,0.05596952331397655,0.05299499553357035,0.05088343043239945
2024-05-01,MS,Financials,0.0870116581589643,0.05596952331397655,0.058104371587728604,0.0656324082717867
2024-05-01,MSFT,Technology,0.0662677692099211,0.05596952331397655,0.05183918284370294,0.056365400231270554
2024-05-01,NVDA,Technology,0.2688711393283107,0.05596952331397655,0.06075085290204836,0.09536810362122014
2024-05-01,PFE,Healthcare,0.1186574303574214,0.05596952331397655,0.05038282894907579,0.06298043334322283
2024-05-01,PG,Consumer,0.0147207046008053,0.05596952331397655,0.05254927323089682,0.044154869228692474
2024-05-01,UNH,Healthcare,0.0241265200058236,0.05596952331397655,0.0517518470432103,0.051050924459792056
2024-05-01,WMT,Consumer,0.1080032886257975,0.05596952331397655,0.05069036849041965,0.04410033869601047
2024-06-01,AAPL,Technology,0.0970385772267228,0.04187326964388013,0.043614663279798314,0.05127380909984415
2024-06-01,ABBV,Healthcare,0.0637556642328538,0.04187326964388013,0.04042294535333386,0.04340850230962255
2024-06-01,AMZN,Technology,0.0952731655293201,0.04187326964388013,0.03940561639985231,0.045508109091710644
2024-06-01,BAC,Financials,-0.005501581675848,0.04187326964388013,0.04361005978730003,0.056314647241791145
2024-06-01,C,Financials,0.0273035178421425,0.04187326964388013,0.043573022952713335,0.05751309961593125
2024-06-01,COST,Consumer,0.0495128737966392,0.04187326964388013,0.04037245365528992,0.04090827941674446
2024-06-01,GOOGL,Technology,0.0559421381959512,0.04187326964388013,0.040026684298955735,0.04503919861933215
2024-06-01,GS,Financials,-0.003203962572035,0.04187326964388013,0.04218550693587018,0.04854395840456192
2024-06-01,JNJ,Healthcare,0.0045781401218343,0.04187326964388013,0.03859815474804728,0.04164934866122138
2024-06-01,JPM,Financials,-0.0018260196847545,0.04187326964388013,0.041085293078413986,0.04640494914127221
2024-06-01,KO,Consumer,0.0114412401012,0.04187326964388013,0.03657393693278478,0.034085283454733856
2024-06-01,MCD,Consumer,-0.0156438789795089,0.04187326964388013,0.03758519940846688,0.03886937916161792
2024-06-01,MRK,Healthcare,-0.0138600545297674,0.04187326964388013,0.038781522372886935,0.04316381074048647
2024-06-01,MS,Financials,-0.0066434143319146,0.04187326964388013,0.045769747660965705,0.058352496846500825
2024-06-01,MSFT,Technology,0.0785926117976474,0.04187326964388013,0.04041260662753233,0.04506437963494296
2024-06-01,NVDA,Technology,0.1268504627363709,0.04187326964388013,0.05087190371717594,0.09223281191993857
2024-06-01,PFE,Healthcare,-0.0090034940635463,0.04187326964388013,0.042307782071751954,0.04894454908686025
2024-06-01,PG,Consumer,0.0023095992873092,0.04187326964388013,0.03750733481639602,0.03448806814144478
2024-06-01,UNH,Healthcare,0.0280396236010178,0.04187326964388013,0.0386776511759522,0.039546378470991427
2024-06-01,WMT,Consumer,0.0332172800066794,0.04187326964388013,0.039395953815695925,0.03558178042558682
2024-07-01,AAPL,Technology,0.0544108950108988,0.017223236639084944,0.019001403544577602,0.01563918708833038
2024-07-01,ABBV,Healthcare,0.0804571647688738,0.017223236639084944,0.01717945470701859,0.012954985158631471
2024-07-01,AMZN,Technology,-0.0324450415133813,0.017223236639084944,0.016899529417808118,0.015441517679896564
2024-07-01,BAC,Financials,0.0197429578695538,0.017223236639084944,0.018274909221805993,0.013307573556534412
2024-07-01,C,Financials,0.0223762722703113,0.017223236639084944,0.019697110558323207,0.013568014097971754
2024-07-01,COST,Consumer,-0.0329296886539797,0.017223236639084944,0.015056032806921544,0.013028922925993858
2024-07-01,GOOGL,Technology,-0.0571679889754126,0.017223236639084944,0.015335902150477152,0.015204464610567648
2024-07-01,GS,Financials,0.1253757121164518,0.017223236639084944,0.016912208348192483,0.012723778554703198
2024-07-01,JNJ,Healthcare,0.0799808891622235,0.017223236639084944,0.013516798247331555,0.012781306913075541
2024-07-01,JPM,Financials,0.0521112281178326,0.017223236639084944,0.0160753083978041,0.012814976390110996
2024-07-01,KO,Consumer,0.0566827565120175,0.017223236639084944,0.012352976156883815,0.012465944291519742
2024-07-01,MCD,Consumer,0.048199399292246,0.017223236639084944,0.01378238833695448,0.013332447605368378
2024-07-01,MRK,Healthcare,-0.0807206454837182,0.017223236639084944,0.014992260098854921,0.013633701198366578
2024-07-01,MS,Financials,0.0619403808517187,0.017223236639084944,0.020207578143847077,0.013884364702330057
2024-07-01,MSFT,Technology,-0.0639892320236609,0.017223236639084944,0.016738321512066577,0.015811506072856682
2024-07-01,NVDA,Technology,-0.052698658344975,0.017223236639084944,0.024364106165674353,0.062155152906096287
2024-07-01,PFE,Healthcare,0.0914940753989488,0.017223236639084944,0.016041450822381568,0.0152897148501733
2024-07-01,PG,Consumer,-0.0252243820644124,0.017223236639084944,0.0128816942456732,0.012321822664432944
2024-07-01,UNH,Healthcare,0.1361666525293885,0.017223236639084944,0.014596846485512079,0.012369079452983737
2024-07-01,WMT,Consumer,0.0137352218292448,0.017223236639084944,0.01379280720631733,0.012124675658484694
2024-08-01,AAPL,Technology,0.031159916012226,0.029386329979303627,0.030248380198844637,0.031315983258524555
2024-08-01,ABBV,Healthcare,0.0690338772710512,0.029386329979303627,0.028991653259344885,0.025396031396011196
2024-08-01,AMZN,Technology,-0.0453524222981363,0.029386329979303627,0.02718251688952449,0.03073519514358866
2024-08-01,BAC,Financials,0.0109153075243235,0.029386329979303627,0.03012830930785035,0.027731919420889893
2024-08-01,C,Financials,-0.0345252740626544,0.029386329979303627,0.03153444680126667,0.032292842861934914
2024-08-01,COST,Consumer,0.0871659640044713,0.029386329979303627,0.026316657936412396,0.025426947741315105
2024-08-01,GOOGL,Technology,-0.0475689230830735,0.029386329979303627,0.025848403956795066,0.030240870593441674
2024-08-01,GS,Financials,0.0023966550982152,0.029386329979303627,0.03120104657067428,0.02713390212772635
2024-08-01,JNJ,Healthcare,0.0507444176096747,0.029386329979303627,0.027569399290428565,0.020651429886535472
2024-08-01,JPM,Financials,0.0622446463285504,0.029386329979303627,0.028693881246154622,0.025720873522103407
2024-08-01,KO,Consumer,0.0858555307139266,0.029386329979303627,0.025267061081834418,0.01837295352663753
2024-08-01,MCD,Consumer,0.0876412477306278,0.029386329979303627,0.027088148867469516,0.021420154037881226
2024-08-01,MRK,Healthcare,0.0470254473193743,0.029386329979303627,0.02597767793204518,0.025880158565208384
2024-08-01,MS,Financials,0.0129055151014729,0.029386329979303627,0.03319944810168273,0.03220130439348587
2024-08-01,MSFT,Technology,-0.0028923296286628,0.029386329979303627,0.02695126041743477,0.031097139378376958
2024-08-01,NVDA,Technology,0.0200821456237347,0.029386329979303627,0.034862904041913834,0.0952662900315472
2024-08-01,PFE,Healthcare,-0.0366924558412868,0.029386329979303627,0.030509896853489017,0.02868331572847219
2024-08-01,PG,Consumer,0.0734741326369894,0.029386329979303627,0.0244928491581211,0.019229422772652157
2024-08-01,UNH,Healthcare,0.0243682960904012,0.029386329979303627,0.029769380759976264,0.026151136614712623
2024-08-01,WMT,Consumer,0.1251456293639978,0.029386329979303627,0.02536182547028438,0.01855182976157962
2024-09-01,AAPL,Technology,0.018645047801723,0.02661660454419104,0.026701439480440445,0.030602029847181446
2024-09-01,ABBV,Healthcare,0.0059599502355323,0.02661660454419104,0.025987992336162103,0.024595308632515894
2024-09-01,AMZN,Technology,0.0438655564764969,0.02661660454419104,0.024902248492513525,0.030551430866499907
2024-09-01,BAC,Financials,-0.0262576290805494,0.02661660454419104,0.02551666912646581,0.02523901837795038
2024-09-01,C,Financials,0.0089773176074514,0.02661660454419104,0.02583946930105739,0.02642731498070049
2024-09-01,COST,Consumer,-0.0065667811919345,0.02661660454419104,0.025170566064691355,0.02604448965468412
2024-09-01,GOOGL,Technology,0.015118100187448,0.02661660454419104,0.02392996785392375,0.030063294119655932
2024-09-01,GS,Financials,-0.0239312381417737,0.02661660454419104,0.025112394899795297,0.025843180892867208
2024-09-01,JNJ,Healthcare,-0.0154946274198032,0.02661660454419104,0.024342562626092856,0.019749766537504865
2024-09-01,JPM,Financials,-0.0620107076790659,0.02661660454419104,0.024846310383014904,0.02461924706753861
2024-09-01,KO,Consumer,-0.0084173423534881,0.02661660454419104,0.023302664824051734,0.017701871519320064
2024-09-01,MCD,Consumer,0.0549089195865031,0.02661660454419104,0.02557864681205804,0.021214148781276813
2024-09-01,MRK,Healthcare,-0.0412831397551353,0.02661660454419104,0.025496396486154215,0.024521746415106026
2024-09-01,MS,Financials,0.0060805375825829,0.02661660454419104,0.029066532783625223,0.03206375337320322
2024-09-01,MSFT,Technology,0.0334074662985308,0.02661660454419104,0.025065849796311674,0.029853662477637887
2024-09-01,NVDA,Technology,0.017341065996087,0.02661660454419104,0.03365695152767082,0.09336934781679898
2024-09-01,PFE,Healthcare,-0.0024128896229169,0.02661660454419104,0.025744712751138297,0.028256722713757794
2024-09-01,PG,Consumer,0.0096771211557005,0.02661660454419104,0.023923761268681405,0.017613074108938954
2024-09-01,UNH,Healthcare,-0.0093528551041655,0.02661660454419104,0.024369237521423528,0.022127800992523112
2024-09-01,WMT,Consumer,0.048558387185789,0.02661660454419104,0.0255188673943473,0.021618000553353934
2024-10-01,AAPL,Technology,-0.0304293126397688,-0.005147204946239949,-0.005943596174127328,-0.006421455463325294
2024-10-01,ABBV,Healthcare,0.032357710495001,-0.005147204946239949,-0.006081168335035518,-0.006473642629586381
2024-10-01,AMZN,Technology,0.0003756349741956,-0.005147204946239949,-0.006041923098979924,-0.007035717816550399
2024-10-01,BAC,Financials,0.0608026373629912,-0.005147204946239949,-0.00632492592363988,-0.010459662541443248
2024-10-01,C,Financials,0.0250798258123146,-0.005147204946239949,-0.004495518709518098,-0.011270704851717212
2024-10-01,COST,Consumer,-0.0139196325347105,-0.005147204946239949,-0.007114945909811842,-0.009018107880854106
2024-10-01,GOOGL,Technology,0.0330845288206596,-0.005147204946239949,-0.00654396406939357,-0.00624819747653915
2024-10-01,GS,Financials,0.0458080076308493,-0.005147204946239949,-0.00614010093623465,-0.011557298136635695
2024-10-01,JNJ,Healthcare,-0.0135753162473771,-0.005147204946239949,-0.007963807125034457,-0.006715289908136462
2024-10-01,JPM,Financials,0.0524517622281464,-0.005147204946239949,-0.007363164737338964,-0.011201497263798795
2024-10-01,KO,Consumer,-0.0849187138466142,-0.005147204946239949,-0.010744009122080362,-0.006035858932375343
2024-10-01,MCD,Consumer,-0.0351390996236087,-0.005147204946239949,-0.006556027107883551,-0.005719599990834471
2024-10-01,MRK,Healthcare,-0.092950295525462,-0.005147204946239949,-0.007255889235901939,-0.00627983311222681
2024-10-01,MS,Financials,0.1152149045966015,-0.005147204946239949,-0.0024777592428168746,-0.008504125274355094
2024-10-01,MSFT,Technology,-0.0556588094551729,-0.005147204946239949,-0.005884227757516113,-0.0060532506182658105
2024-10-01,NVDA,Technology,0.0933080983913543,-0.005147204946239949,0.00022221321884184823,-0.0011097739924746791
2024-10-01,PFE,Healthcare,-0.0221148799034349,-0.005147204946239949,-0.005107309688340377,-0.007958389734197725
2024-10-01,PG,Consumer,-0.0463048676825784,-0.005147204946239949,-0.009100733528826559,-0.00571526899284754
2024-10-01,UNH,Healthcare,-0.0310910002079501,-0.005147204946239949,-0.007225175037020223,-0.006427745255909612
2024-10-01,WMT,Consumer,0.0148606965064306,-0.005147204946239949,-0.0072331191273453145,-0.007110974725545374
2024-11-01,AAPL,Technology,0.0505511402830838,0.06580629439171362,0.06288033545714167,0.060934287985473325
2024-11-01,ABBV,Healthcare,-0.0955472159673547,0.06580629439171362,0.06275864163803913,0.05201391558299863
2024-11-01,AMZN,Technology,0.1152897328156477,0.06580629439171362,0.06276391924729975,0.059176151977744416
2024-11-01,BAC,Financials,0.1360593156301872,0.06580629439171362,0.06371296149978058,0.05499625613152475
2024-11-01,C,Financials,0.1044103721801097,0.06580629439171362,0.06440026071928136,0.06324378154987303
2024-11-01,COST,Consumer,0.1117618437434502,0.06580629439171362,0.06198368103603962,0.05144207433107448
2024-11-01,GOOGL,Technology,-0.0126234572249932,0.06580629439171362,0.062248306055556424,0.05850845553157522
2024-11-01,GS,Financials,0.1753220092567211,0.06580629439171362,0.0629998604004964,0.055924638852711574
2024-11-01,JNJ,Healthcare,-0.0303390549510111,0.06580629439171362,0.060990714163749654,0.052784885706104887
2024-11-01,JPM,Financials,0.1321660835910034,0.06580629439171362,0.06302862666486653,0.055624210778022806
2024-11-01,KO,Consumer,-0.0188330480636116,0.06580629439171362,0.05951505471409013,0.048300102909837085
2024-11-01,MCD,Consumer,0.0133511951777811,0.06580629439171362,0.06158500210581767,0.04871336612187951
2024-11-01,MRK,Healthcare,-0.0066458220200923,0.06580629439171362,0.062438163009215585,0.05546090434833735
2024-11-01,MS,Financials,0.1410801362973683,0.06580629439171362,0.06638767162360296,0.06439356334640775
2024-11-01,MSFT,Technology,0.042106516740725,0.06580629439171362,0.06262542980700977,0.06168270046641117
2024-11-01,NVDA,Technology,0.0413528974667274,0.06580629439171362,0.06875061374524011,0.09724628774462651
2024-11-01,PFE,Healthcare,-0.073851534861027,0.06580629439171362,0.06328883232878775,0.055762509665902724
2024-11-01,PG,Consumer,0.0916208113250274,0.06580629439171362,0.06001158457608556,0.048300102909837085
2024-11-01,UNH,Healthcare,0.0809566024329175,0.06580629439171362,0.06178128367528697,0.054218586292259535
2024-11-01,WMT,Consumer,0.1287370440093715,0.06580629439171362,0.061598649805162,0.04736691220422355
2024-12-01,AAPL,Technology,0.0563161568531329,-0.021072009814310264,-0.021287618249483938,-0.010469002258068457
2024-12-01,ABBV,Healthcare,-0.0285901561667094,-0.021072009814310264,-0.022487059216780573,-0.015664163216422743
2024-12-01,AMZN,Technology,0.0553177162622697,-0.021072009814310264,-0.019994656465610904,-0.011121643509117147
2024-12-01,BAC,Financials,-0.074931698985848,-0.021072009814310264,-0.020353666257695094,-0.023369429979664118
2024-12-01,C,Financials,0.0020346185017032,-0.021072009814310264,-0.020061422504046765,-0.024941968345072712
2024-12-01,COST,Consumer,-0.0559661350471365,-0.021072009814310264,-0.02054364364363375,-0.016169841413427855
2024-12-01,GOOGL,Technology,0.1204498277884553,-0.021072009814310264,-0.023325155631784483,-0.011197414999343864
2024-12-01,GS,Financials,-0.0590729002777915,-0.021072009814310264,-0.018920728510496174,-0.028486601742628972
2024-12-01,JNJ,Healthcare,-0.059542053402804,-0.021072009814310264,-0.024077442651564213,-0.010616162319140612
2024-12-01,JPM,Financials,-0.0400848928447702,-0.021072009814310264,-0.02053141540761582,-0.023439039663984702
2024-12-01,KO,Consumer,-0.0210329597467596,-0.021072009814310264,-0.02411179897787849,-0.01033670678830562
2024-12-01,MCD,Consumer,-0.0206750445954773,-0.021072009814310264,-0.022948792808358064,-0.010183850555485511
2024-12-01,MRK,Healthcare,-0.0212513475911662,-0.021072009814310264,-0.021020746598875636,-0.01081690183367493
2024-12-01,MS,Financials,-0.0447535442886756,-0.021072009814310264,-0.018021344909215288,-0.024021031587641496
2024-12-01,MSFT,Technology,-0.0026362237707462,-0.021072009814310264,-0.021606780733888754,-0.010225172064433385
2024-12-01,NVDA,Technology,-0.0286439071713623,-0.021072009814310264,-0.016437080025633537,-0.016531359038300563
2024-12-01,PFE,Healthcare,0.027931246339272,-0.021072009814310264,-0.021903769446991052,-0.012436025902416775
2024-12-01,PG,Consumer,-0.0647661099447356,-0.021072009814310264,-0.021876045096289997,-0.010328850214160107
2024-12-01,UNH,Healthcare,-0.1709931554961578,-0.021072009814310264,-0.02080920096718597,-0.010122600385689424
2024-12-01,WMT,Consumer,-0.0232432423374616,-0.021072009814310264,-0.02203067751395806,-0.01240249598908398
